Substance,Macro-region,Sector,1990,1991,1992,1993,1994,1995,1996,1997,1998,1999,2000,2001,2002,2003,2004,2005,2006,2007,2008,2009,2010,2011,2012,2013,2014,2015,2016,2017,2018,2019,2020,2021,2022,2023
CO2,Africa,Deforestation,1356.088018403,1356.8881010506,1363.3222989406,1356.0972407167,1354.5205502301,1362.4757288832,1362.3129926431,1363.1180944089,1360.6105699668,1365.00479845,1365.6246270814,1372.7010584254,1383.9862750251,1397.0749961016,1419.5907753453,1440.541394535,1424.6654168974,1436.1511334051,1457.0792444902,1467.7024023202,1502.2713738802,1983.9734461834,1998.7632465749,1996.6005800283,2004.0813176251,1607.3697601304,1624.9692337808,1624.2141556197,1631.4658362218,1636.4209377746,1636.7639280548,1635.7363753208,1635.7363753208,1635.7363753208
CO2,Africa,Fires,125.89947402044,108.36267788012,122.6730404525,193.62309412874,124.39852623769,124.39852623769,138.62793970928,47.570906903019,125.65529369347,158.83925613667,273.56389316974,173.07228690602,163.18492337182,117.87454214746,118.72792229255,132.41192950357,139.84670583366,131.50078642392,176.07033870388,122.35535048182,206.30210375777,316.08930255443,225.65726491377,134.6632174206,88.52303065103,98.35304707204,105.0960119303,141.46731727907,88.38697279669,77.70492046091,147.93751018758,244.12248555882,178.42601158937,212.58789067785
GWP_100_AR5_CH4,Africa,Fires,374.24733301241,333.59415287201,329.21642474764,399.1803764508,342.05589828551,342.05589828551,368.67390253873,187.1692332309,363.89911189233,314.1613853329,425.70396601761,363.77191565536,297.78752787058,295.89884227287,292.62064980276,326.76494793742,285.00631880287,290.65222364595,308.57396812892,320.92751296916,300.85027841201,331.44140537704,312.06431798894,289.12040860379,229.06162246203,271.41074935556,293.52839894991,276.09750773396,324.98148152731,284.10229228237,250.24527963318,231.34179406794,249.53588071569,209.7915331116
GWP_100_AR5_N2O,Africa,Fires,117.80662216531,111.63752471303,117.52787019978,123.42330306009,110.95267315423,110.95267315423,126.43362639725,63.856813989458,120.65380585047,113.18348827392,137.71255255432,119.45690373898,87.917329098002,103.01730318321,93.402569745754,111.21409721465,98.210203494593,101.68595838916,104.45474150715,91.44088389389,101.46436022793,104.51849486585,97.823499498841,93.753969009384,85.411081887791,90.11444774524,99.334942206641,87.478348231382,85.160903263769,76.634617821135,88.192805926694,89.767992624009,89.856337034307,75.573985592743
CO2,Africa,Forest Land,-2511.1168280714,-2271.7925386446,-2175.0600978306,-2071.792272655,-1962.6071114428,-1860.5159547606,-1811.6045879458,-1763.1471348096,-1727.6369586723,-1681.4609762427,-1605.0431237314,-1548.9622658588,-1510.1627674951,-1448.5686471525,-1422.3357775565,-1342.5963279297,-1274.3469910319,-1234.991334211,-1267.7841138207,-1239.5208809204,-1187.5678230165,-1133.8238298598,-1096.6424048499,-1049.361648905,-998.85786508691,-941.17731283971,-935.57379790155,-894.48437847612,-854.22936543049,-833.96764500188,-791.4109562602,-719.96903023039,-696.49579353725,-650.86826994231
CO2,Africa,Organic Soil,0.29612293326,0.29612293326,0.29612293326,0.29612293326,0.29612293326,0.29612293326,0.29612293326,0.29612293326,0.29612293326,0.29612293326,0.29612293326,0.29612293326,0.29612293326,0.29612293326,0.29612293326,0.29612293326,0.29612293326,0.29612293326,0.29612293326,0.29612293326,0.29612293326,0.29612293326,0.29612293326,0.29612293326,0.29612293326,0.29612293326,0.29612293326,0.29612293326,0.29612293326,0.29612293326,0.29612293326,0.29612293326,0.29612293326,0.29612293326
CO2,Africa,Other Land,59.591035283738,58.678103068887,57.984973020324,69.017804918841,49.644169915365,49.071703699125,50.004938713138,42.897169282311,47.791158596954,23.53025157895,37.806354366655,25.917004419304,35.007618263299,19.232750190651,0.93380926358014,8.3127018430765,18.581859328399,60.748938879445,112.51340974904,103.71021760603,86.793376359766,114.52403485491,122.5332905854,118.21148941636,105.35517867668,126.09661664784,110.39220616884,108.70639609393,111.42253447956,120.1959933192,109.36520295185,119.67952743768,119.67952743768,119.67952743768
CO2,Asia-Pacific Developed,Deforestation,177.08907186008,163.55334134746,120.58172362895,105.27110847952,92.647893726941,82.308427386924,77.43534344219,76.954203433932,75.327450345454,85.580231524357,84.627266643995,98.806352418322,93.610935872617,87.797477875893,88.761566500471,108.76413969722,109.7305012964,115.54860739186,80.815288437849,70.158847741773,75.003275960385,61.080929038718,56.478727555993,62.669863401215,63.496011270596,52.816537880135,52.679373963486,50.699538337499,53.893549185198,39.23191490035,43.092932370073,42.745176074507,42.745176074507,42.745176074507
CO2,Asia-Pacific Developed,Fires,312.08240506355,354.05619723096,419.2249029859,756.19126203134,386.5183377283,386.5183377283,241.85721532066,143.90849579813,381.22440643244,466.6358264011,699.80525373491,790.19979751507,1122.3675134955,285.33550777156,579.25369611312,139.55586333022,678.67798763355,588.12108348886,229.9344224486,268.69651219994,129.15091415679,1257.9601520009,1161.2098660583,256.6202303201,470.60667130014,457.23626130357,170.71056008198,671.31247422342,571.45875980384,510.04516943048,219.0879467737,195.68646488749,250.17001985257,1082.15613895
GWP_100_AR5_CH4,Asia-Pacific Developed,Fires,27.12631517636,30.222795062392,35.120678707897,43.596009071988,28.561818157375,28.561818157375,25.309289175089,12.344580770699,29.932083740963,30.76125215828,40.117722594941,49.477787973022,59.017264072922,25.053820036937,37.317249298374,14.31683923406,41.462802548463,34.77470458453,17.515652040408,24.572378858581,9.9519874567593,63.172797661889,62.52644424158,19.30309812924,30.458902605928,27.482333153757,14.697437021327,34.719454892137,34.655008721052,41.729708176853,19.871845496939,14.671117311876,16.440625440822,53.291610027043
GWP_100_AR5_N2O,Asia-Pacific Developed,Fires,18.690850164381,19.747989097659,24.191735392656,33.508583772252,21.070134854705,21.070134854705,18.457407697428,8.3808606705746,21.455149682437,24.420151112366,31.034150415775,40.728500112291,48.761203218457,18.11690433903,31.827054367435,11.864366840779,33.465740401357,29.088678157878,14.898252263174,19.47677131856,8.3811633954714,53.930379855838,52.942953203112,15.156667594377,25.146450945048,23.082421570343,11.654581080001,29.337533771697,28.714803132481,27.117910471967,12.708533506026,12.425053768445,14.009399696903,45.434791866098
CO2,Asia-Pacific Developed,Forest Land,-492.73476711813,-494.13513568318,-494.03609970437,-493.6136946059,-491.55685159983,-487.76022836965,-489.14517904523,-483.89681406884,-487.75623610831,-481.41277117878,-470.90455612922,-471.91438913609,-473.31069642452,-474.0767465762,-475.06864468014,-475.36501136292,-471.99548848979,-467.78590258088,-474.2266342713,-480.22424380559,-471.59920211695,-462.74669288749,-466.63776035171,-459.24477461172,-453.1788510611,-448.36415399451,-438.38150320917,-415.65126245682,-411.37967091743,-410.09486666575,-422.37287065046,-414.72881303811,-413.90781229046,-414.04429357601
CO2,Asia-Pacific Developed,Organic Soil,3.3047180397849,3.3327647735166,3.2917436204237,3.2296274675457,3.2931119966151,3.2331219990263,3.3390055854623,3.2102453980772,3.280299633969,3.4403613334133,3.3484042695355,3.3688798444508,3.1580852360149,3.1223707469792,3.2711863433887,3.1928383911057,3.3181814320448,3.1701600998156,3.2533335078951,3.2405262692609,3.3929643933141,3.582205220145,3.2779701200888,3.1260443184243,3.2591174313954,3.0706775478238,3.061879566188,3.3059294968662,3.2032471779858,3.0402548032979,3.1222771885779,3.1222771885779,3.1222771885779,3.1222771885779
CO2,Asia-Pacific Developed,Other Land,20.772620182413,11.982971612463,-9.3723050305057,-15.033923393275,-7.5194271902747,-24.325037791492,-18.063651273865,-15.287007159195,-27.32557727018,-32.537989219494,-25.673968987037,-28.967717531385,-34.528712357542,-20.07877933429,-20.513577601733,-10.827434108658,-1.6095994481604,8.8816024034095,12.415362139363,26.992825958191,12.317759688318,20.190146641175,14.758274928663,1.4881867639292,-1.4847054973067,-9.7986253325005,-29.163522536001,-41.656930933157,-45.996808668293,-48.672106120574,-45.426054999469,-48.556039754426,-48.556039754426,-48.556039754426
CO2,Eastern Asia,Deforestation,4.0819956485258,3.9988076485258,3.9156196485258,3.8324316485258,3.7492436485258,3.6660556485258,4.0557236485258,4.4453916485258,4.8350596485258,5.2247276485258,5.6143956485258,5.2537296485258,4.8930636485258,4.5323976485258,4.1717316485258,3.8110656485258,3.8464285188207,3.8817913891155,3.9171542594103,3.9525171297052,3.98788,4.204268,4.420656,4.637044,4.853432,4.0506533333333,3.2581006666667,3.493548,3.404662,3.403776,3.40289,3.40289,3.40289,3.40289
CO2,Eastern Asia,Fires,141.13527530094,138.69179354983,191.50868996557,145.78056972368,118.61550522848,118.61550522848,74.988898078894,25.620026603638,128.48167842108,104.86805146052,153.22438581969,54.518181190981,7.25010014217,26.34519528826,16.19811050001,8.79379822779,6.85553613306,8.39731974045,31.45066608468,16.84197543091,10.89384736452,9.83486093275,6.11773109083,7.38062579597,16.32438280143,8.26550739092,7.79944557822,6.04565747113,10.15987875441,9.46788708018,8.29705081051,5.59848422339,5.00649753516,6.85259563494
GWP_100_AR5_CH4,Eastern Asia,Fires,12.815449541142,12.448601038457,18.483473425491,15.899090056269,11.25551714795,11.25551714795,7.7530252695584,2.784301262289,12.519025182025,9.880413923482,15.013039683933,4.8528747943371,0.96981977018472,2.9433271400462,2.4154680322153,1.174645260635,1.0807992664585,1.5407107067167,3.565723989483,1.8038387425514,1.1340640599669,1.4373794335457,1.1075132364078,0.90971217794436,1.9045398743896,1.3214172063677,0.9787047546528,0.70158837567336,0.88006438991912,1.0087677396328,0.75777842104748,0.56458750233284,0.62937244542732,1.2945531202783
GWP_100_AR5_N2O,Eastern Asia,Fires,6.9204326063415,6.8076951139159,9.5692656107871,7.9413083461211,5.9276415051844,5.9276415051844,4.0423038523195,1.5431298059495,6.5602383550521,5.108332103263,7.9823346472163,2.662628076116,0.60840807037127,1.7596937189431,1.2932754846821,0.73150585155045,0.66190950702881,0.93331396681179,1.84970274294,0.99272046567677,0.67110158188234,0.93173115883256,0.78602751861096,0.59161763812024,1.0909742696797,0.87385982384671,0.63551581750943,0.40400244461896,0.47885766634096,0.57242754721719,0.41850602384674,0.30662135331536,0.35922790800881,0.85640971518606
CO2,Eastern Asia,Forest Land,-621.02045657829,-629.30726507527,-639.10504300837,-646.08097639362,-661.75253657875,-661.27330514752,-657.44294244996,-667.35553330565,-670.84850301059,-683.15430114294,-696.65955063255,-708.17732707628,-714.92109989671,-719.41067136178,-728.55974096526,-735.95507813228,-742.98611895167,-715.54267144403,-675.20477736579,-627.13596549765,-600.44024804341,-605.72208879478,-611.66719647619,-597.29684081656,-655.63189995488,-692.19261534384,-627.18516434163,-638.26770938476,-629.04109838441,-690.8776583003,-651.89205420662,-660.16908565277,-665.22681248204,-670.16970308143
CO2,Eastern Asia,Other Land,-211.1292174999,-211.0533854999,-210.9775534999,-210.9017214999,-210.8258894999,-210.7500574999,-210.7417274999,-210.7333974999,-210.7250674999,-210.7167374999,-210.7084074999,-210.7089254999,-210.7094434999,-210.7099614999,-210.7104794999,-210.7109974999,-218.93715599992,-227.16331449994,-235.38947299996,-243.61563149998,-251.84179,-267.256006,-282.670222,-298.084438,-313.498654,-346.75920333333,-380.01306266667,-414.294922,-375.602448,-375.609974,-375.6175,-375.6175,-375.6175,-375.6175
CO2,Eurasia,Deforestation,15.958761335951,13.390228541399,12.940570402283,12.693088484322,9.8061147159654,11.046933882402,9.3571941487642,8.049850372084,7.9281177456458,8.4090239540969,8.3074851151483,7.3451653883581,8.3006389189942,8.3997645175298,9.0985213837429,9.4618072078362,10.243882946872,10.977044597816,10.284470932272,13.719451166027,9.8322207362208,12.659452838496,11.564682359384,10.580486022078,6.8361259283086,15.022788242566,4.899390046407,5.3593749548926,3.6308349354143,13.072278849815,2.8703108405171,18.334716888753,18.334716888753,18.334716888753
CO2,Eurasia,Fires,413.94288492627,438.05022784752,391.46892326605,258.24956302276,589.50450482465,589.50450482465,535.40115694955,348.27324276957,194.71248310651,428.45823090671,506.39399661095,156.1993054672,172.25798622446,362.93089281861,170.07692929432,144.99926079841,160.25457941489,98.20398667336,354.03178937465,149.37448568962,193.52593684334,175.44940237032,280.21242348092,129.91659171117,260.62220329971,97.8566407375,203.12715632997,109.49685880055,254.17405711612,196.55825373566,152.33917339664,188.25058531564,90.21472391388,139.59238798494
GWP_100_AR5_CH4,Eurasia,Fires,34.760907668129,36.835642172094,33.3604330256,21.271970943442,48.019071974738,48.019071974738,43.923822508864,27.558242233061,18.112481698174,35.447905105742,41.960155575337,13.922835743054,39.015196376903,69.021808285309,30.40782293911,40.339187433817,32.301224585568,22.284257019432,82.756428364198,32.705220904278,37.139242905317,28.921799161038,54.768142328308,29.843181847181,41.247186265302,18.157999053978,38.469751905205,20.344439688949,57.45423322154,34.833176206676,27.253192144324,34.137511530029,15.872738005729,36.440639741132
GWP_100_AR5_N2O,Eurasia,Fires,18.674794210767,19.841742845016,18.505551955303,11.820935394532,26.152734379798,26.152734379798,23.667619636629,15.36743159191,10.553706858534,19.897645916094,23.330267430429,8.1614492452112,10.359469601237,12.906589194324,8.9064763689541,6.4449322838379,8.8385348951154,5.0394658517344,11.173280175983,5.2661220780319,8.7212452139485,6.7118731391339,9.4286128992848,3.2377807435155,10.613456551521,5.2710906776171,6.4508522026442,7.0888865710002,7.0855075061415,8.138667858026,5.3513813363871,6.5949514715466,3.4044147511349,3.0776671252037
CO2,Eurasia,Forest Land,-1796.7723547663,-1793.8492442746,-1792.0648445319,-1920.0949505545,-2065.0620517895,-2057.2314928199,-2085.1469446512,-1996.2347027255,-2042.4142702899,-1990.5644196663,-1961.5670272549,-1946.9876900082,-1944.231920414,-1923.7206585801,-1912.5392475492,-1904.8086840509,-1888.9255471054,-1856.2630594351,-1993.3939033102,-2002.7008156077,-1948.4281196013,-1912.6073488639,-1892.838303925,-1894.6241387643,-1867.1493725403,-1860.6387355786,-1853.9399439567,-1851.9345262433,-1776.3131108787,-1805.2774834825,-1801.4060530081,-1791.362989644,-1846.7461515419,-1852.1394759515
CO2,Eurasia,Organic Soil,162.43078935944,161.28196621591,159.7509894282,158.8135189262,157.36311973176,156.14193868317,154.48666451223,152.88759194601,151.5633246253,150.0182264194,148.49039675632,146.96717969098,145.44270874141,143.87881168357,142.60722258912,141.29151907233,139.96536189182,139.17066539505,136.18900239094,134.88318210104,135.2016805612,133.92817146885,133.9621022579,133.42194846138,133.49161941436,133.52998482214,132.79682613534,132.70329940147,133.44132129497,133.3984889528,133.3984889528,133.3984889528,133.3984889528,133.3984889528
CO2,Eurasia,Other Land,-47.455884572917,-1.787222177712,-5.2093078732356,-21.050005928215,-56.273495026425,-78.603372419787,-102.09866433177,-113.79758250433,-124.68298166255,-146.01690376072,-136.09012813214,-148.2913821505,-162.92586988515,-150.38807850143,-132.2592850597,-132.99673296483,-112.0240608207,-146.44639688961,-196.88377903081,-175.69638133749,-207.16977310825,-206.60524179078,-221.01952541908,-192.40226001276,-247.38093184799,-187.33650025349,-218.97899516303,-215.25587521076,-216.31450943819,-204.36577467664,-203.42640591356,-172.43642287851,-172.43642287851,-172.43642287851
CO2,Europe,Deforestation,30.792661812209,30.900912149879,30.965372589581,32.317962163421,31.593402411734,31.978442847333,34.383233160067,35.830330168428,38.875979494288,37.140631875615,36.747718106226,39.134976025867,40.387947346499,41.316399460623,43.322066325667,43.606702108416,45.595648249939,47.376788669236,46.975425792665,46.704086089007,47.278590302857,47.570844712906,48.031845306892,51.458271680609,45.654735477959,48.668457028501,49.433628353671,43.526789555682,42.171011811232,41.946845203432,39.534531554266,39.00750978296,39.00750978296,39.00750978296
CO2,Europe,Fires,44.203916810133,28.324578191485,22.638973644039,15.537670758343,34.009446505746,34.009446505746,37.265088251136,7.9311450085324,50.765559339971,20.342472560603,40.731210568366,37.14474672396,6.20100517159,15.001730836,2.92410263201,12.61021623742,6.39293560437,9.51381533125,2.88427246813,5.62186988247,5.16366975539,6.5557340532,12.04614956758,4.5851498047,7.60824645146,10.79642843941,5.12077078814,20.93092979215,4.77424078163,9.53159899576,11.58378412934,9.77325841273,13.1030921279,6.64104167008
GWP_100_AR5_CH4,Europe,Fires,5.3657105478738,3.0333616241104,2.2336486888516,1.5263281695512,3.4554984185507,3.4554984185507,3.7519922115347,1.1920387278063,5.236871749836,2.0365454128715,4.2544532236426,4.3203358833504,1.7005986960712,2.2388171911563,0.46845482358892,1.2490771155212,0.72310095506908,1.4390469848252,0.45904125496768,0.70930536986428,0.691299561477,1.2991138094572,2.3205961505784,0.49761902772008,1.1174156581619,2.3143741043234,0.60496616721688,1.9956746919606,0.6169358709262,1.9637518702687,1.7787833069236,0.97562746824816,1.9162538653636,0.69342643098484
GWP_100_AR5_N2O,Europe,Fires,1.7755650459629,1.2009124617412,1.0150416649672,0.68983049053441,1.4983798253999,1.4983798253999,1.6313813090682,0.31072350660845,2.1923356330923,0.91812395824049,1.7828036515003,1.5631633840613,0.14497774118886,0.5732575445739,0.13409038019312,0.54860843474296,0.2905746320408,0.40691576883422,0.1614567108656,0.25559519130926,0.22476965063638,0.23510571342551,0.41333317874242,0.20262559365925,0.30678167786645,0.33329336922655,0.23777666531926,0.91733566565139,0.1988931150724,0.29182881889557,0.43646312106969,0.44077976124614,0.50157242857102,0.30790424493063
CO2,Europe,Forest Land,-613.64880153343,-735.99869687165,-729.17196103895,-738.98036781223,-693.81698208493,-654.7923209554,-675.0420189109,-635.89240018465,-632.95907047171,-616.0604522148,-544.17673394555,-595.06514043485,-582.44617613825,-550.17584154477,-528.36039759913,-475.50283563788,-512.53916885834,-445.48230572786,-518.02559140071,-596.04502475815,-487.64775977079,-478.31606137686,-479.32188141341,-466.95746947222,-460.4910059818,-444.26546440782,-428.30729048462,-420.56063157648,-357.01155814301,-353.93514622341,-384.72222567793,-330.86863123968,-336.68587665998,-323.81060152892
CO2,Europe,Organic Soil,122.84071164221,123.21514091201,122.3603198089,121.09917426794,120.31888532819,120.60633848095,120.86532272722,119.87595121279,119.60168923355,119.62503386711,120.31753149487,120.59479254442,120.43183593932,120.01421797112,119.03257903129,119.41156632373,120.54908294317,119.92816561685,119.87492969547,119.78993435681,119.22412754729,119.36090599645,119.62470110329,119.18527740951,119.51204910132,119.47007385531,120.02283576088,120.10719458661,120.03649534556,120.4038630414,120.39778783527,120.39778783527,120.39778783527,120.39778783527
CO2,Europe,Other Land,-46.053031408852,-48.679060143984,-45.406828347371,-53.690575447556,-61.268729610854,-74.003982694129,-70.244707099559,-67.459274379916,-73.320034958339,-149.57385625844,-73.448460130848,-78.488536011804,-79.043595178028,-101.24481712927,-113.82533228414,-116.17520226332,-129.33039875397,-124.88094149582,-74.766391619808,-77.167172096192,-102.16827291751,-88.55860770076,-90.709485870493,-73.290628287607,-76.518603265967,-100.72781001114,-103.2811480297,-105.84778476447,-99.468443610068,-110.54188465194,-123.06538835191,-133.153723008,-133.153723008,-133.153723008
CO2,Latin America and Caribbean,Deforestation,1394.8213360439,1269.8809912731,1433.2055065024,1482.6140317316,1481.8487569608,2472.4902425523,1859.5059181437,1573.4004437352,1829.7983005474,1808.3676373596,1848.3194884703,1778.1287226667,1992.531983307,3024.7159581678,3215.0185013891,2293.1543278236,1973.8146368992,1729.6117191266,1803.4551601579,1237.551281908,1187.5640749232,1209.571003081,1126.7575874987,1301.6685990567,1127.0635379944,1197.0403443285,1274.4521341714,1242.3865676899,1224.4973425796,1218.0004508181,1276.776077617,1276.792179617,1276.792179617,1276.792179617
CO2,Latin America and Caribbean,Fires,78.700385720563,72.185958244444,58.076070616326,50.747941399392,96.508602648745,96.508602648745,82.620758406831,53.687547125095,58.443008996949,81.239058668277,42.831619734298,60.724053653945,24.15990471758,26.93150704132,12.2298007833,17.45970395667,14.80491183988,9.64611981922,22.4098439576,16.0233881773,8.11350793855,20.66603291152,12.48558315859,10.7003296904,8.41528397493,17.20104839954,18.7674700514,45.49202794299,16.0595960532,17.2748892416,25.26147394838,15.03630581187,22.2930689697,31.86074851033
GWP_100_AR5_CH4,Latin America and Caribbean,Fires,58.779588213829,83.875011745282,89.386559053,173.45753067229,76.033206801701,76.033206801701,77.755008852766,45.426624009455,77.755877360812,93.921728454796,150.76297456708,66.408865371402,60.151596033071,77.903414384597,78.695685439512,80.412762909005,58.935340907535,98.196677062458,45.54055126346,34.478235301486,115.74997220118,34.165952383587,45.327872246009,35.164427123271,30.883405224092,51.341025783634,61.241312492681,50.904003509693,28.106794049785,76.069713986973,83.876025422197,48.748320376094,65.933806994918,59.199455574456
GWP_100_AR5_N2O,Latin America and Caribbean,Fires,19.394822378411,27.088862685355,27.81264193946,49.845128151745,25.546721500553,25.546721500553,26.934398561463,13.91510084288,23.703669700075,28.442305884745,43.619006948604,22.788597017388,24.30835567396,24.517679273788,27.863084473173,28.790822064972,18.159759360862,36.127457666378,17.217483484423,10.883876686725,37.914931719119,15.032748152842,18.524354185543,11.413817333173,12.443551360806,18.016011780606,17.445358493165,21.644477112799,11.566779075676,24.708506059921,29.244012662375,18.989162545758,21.010539805025,19.628130215985
CO2,Latin America and Caribbean,Forest Land,-2057.4396283082,-2008.874141989,-2062.0439166747,-2041.0031068442,-1962.1165508135,-1899.3055194068,-1869.0126196797,-1821.0359191888,-1762.7581164221,-1693.3347178545,-1642.328713643,-1668.6126716519,-1608.0441364245,-1499.3176546722,-1429.761089026,-1455.6648050293,-1475.0187192309,-1431.5703321413,-1648.7714477096,-1662.4923289266,-1609.0246260146,-1443.1836703854,-1375.9059417702,-1390.1902973434,-1397.0537369842,-1444.3914440519,-1573.5496969398,-1541.7915584591,-1479.7360045644,-1567.5297627887,-1529.3205364555,-1530.8492603958,-1519.9358616873,-1505.9309189111
CO2,Latin America and Caribbean,Organic Soil,-6.03,-6.03,-6.03,-6.03,-6.03,-6.03,-6.03,-6.03,-6.03,-6.03,-6.03,-6.03,-6.03,-6.03,-6.03,-6.03,-6.03,-6.03,-6.03,-6.03,-6.03,-6.03,-6.03,-6.03,-6.03,-6.03,-6.03,-6.03,-6.03,-4.496865,-2.96373,-2.96373,-2.96373,-2.96373
CO2,Latin America and Caribbean,Other Land,-31.725360764108,-38.300631192345,-39.958786078861,-39.919554817487,-44.677898633719,-33.074822394443,-42.006556438623,-53.353436317783,-56.329353101143,-62.687277873555,-66.246442820631,-63.432470108276,-62.058824116678,-32.653815944376,-29.326996871401,-59.471805945306,-60.091922721883,-65.779068485191,-64.4893110462,-79.556755989924,-75.583794150638,-75.166088782122,-78.153062287832,-76.67556404744,-89.87935207714,-86.221436347972,-100.61126416495,-104.29470807836,-95.720742733971,-96.507663818646,-94.824153617606,-94.824153617606,-94.824153617606,-94.824153617606
CO2,Middle East,Deforestation,81.3748,81.3748,81.3748,81.3748,81.3748,81.3748,81.3748,81.3748,81.3748,81.3748,81.3748,81.3748,81.3748,81.3748,81.3748,81.3748,81.3748,81.3748,81.3748,81.3748,81.3748,81.3748,81.3748,81.3748,81.3748,81.3748,81.3748,81.3748,81.3748,81.3748,81.3748,81.3748,81.3748,81.3748
CO2,Middle East,Fires,2.5619701245828,5.4664921320193,1.7727763869376,2.2435084395747,4.9196051292033,4.9196051292033,7.0721494024844,1.6699528896198,6.8927261359694,4.3825743684721,3.2986897008653,3.9093612177929,0.96283308824,0.64218302946,0.84342029326,0.97533863622,0.74290900301,0.88235063745,0.21463867351,0.20823833291,1.58850771559,1.06338082229,0.38880469633,0.60408926578,1.12315810175,0.77050649742,1.25996456619,0.95048549328,0.4711608646,21.11436877264,3.89363498619,1.02484170182,0.33019562009,3.08654445616
GWP_100_AR5_CH4,Middle East,Fires,0.17345869307681,0.32876581506682,0.10945371989167,0.11464418024883,0.34834244205353,0.34834244205353,0.49635294524378,0.10442170541123,0.4802219127415,0.27736444460817,0.25194213070119,0.26777865931078,0.07483231282212,0.04833761443196,0.06145638582524,0.0624699144664,0.0480322421278,0.0749900392892,0.04231667677608,0.0357888617702,0.17648460486552,0.05983668018076,0.04798826412352,0.0437244435236,0.07027481096188,0.0802012545572,0.09692057578364,0.06170887833012,0.05269270272728,0.94476036265436,0.30683469616408,0.07707937143984,0.0327878241684,0.17353279733636
GWP_100_AR5_N2O,Middle East,Fires,0.1216064089973,0.23988230500769,0.07810445030636,0.097368857636377,0.22273908466964,0.22273908466964,0.32215388318952,0.07408697135884,0.30771794286409,0.1983324660733,0.16640059056041,0.18578685890666,0.064664878215135,0.04177000358189,0.04947975373442,0.05344877110343,0.04150612209919,0.061988790689755,0.036470149530375,0.030926244326965,0.12685483551091,0.05102784440948,0.028833934819325,0.03739570721473,0.06072660242208,0.068625493358465,0.083073166942865,0.050463646099325,0.044854516619755,0.81597571811814,0.26084170771473,0.062000139020605,0.024502295682365,0.14613831708114
CO2,Middle East,Forest Land,-12.080970368558,-11.116858873754,-11.07473372007,-10.659438009743,-10.481207260271,-10.229825075486,-10.181059702063,-9.7557557393391,-9.91091238197,-10.020447161324,-9.9040990489331,-9.8516161125115,-10.64442009705,-10.046538194842,-10.076718012325,-10.006251652263,-9.8239563386132,-9.537965153939,-9.2892968628258,-9.165300346655,-9.2417863862195,-9.1844212975526,-8.8694334641825,-8.7181368847044,-8.5527126734035,-8.9858811499679,-9.2320015419587,-9.0752817507036,-8.9613084931387,-8.8234464215611,-9.1460993639999,-8.9530997248121,-8.8746604176242,-8.7186837158842
CO2,North America,Deforestation,120.8134025789,121.15640121877,121.48356379396,121.73802936791,122.11091279881,122.4498162597,122.79329718266,123.11961080857,123.45909716531,123.76424752585,124.15914321091,124.49507820061,124.78924561328,125.19039732642,125.49928376835,125.91472553337,126.24277891096,126.54426593725,126.89711162135,127.24626938697,127.56645810191,127.96557332257,128.2994226998,128.70567947434,129.14366735889,129.36011456769,129.55767346448,129.71515827654,129.75547993799,129.70860568072,129.73788094924,131.91709899705,131.91709899705,131.91709899705
CO2,North America,Fires,195.11667186498,210.30168755018,126.66055588002,149.29487947812,285.80428894352,285.80428894352,126.93761751504,84.464517716975,327.83010793934,135.30453291351,149.15985999246,89.978119158588,79.08091643087,100.86723609969,72.13293050349,74.96986278886,47.89649615961,62.0204080717,47.10981976992,33.39052904846,44.83086800924,58.61221626982,78.88582860006,115.78768026597,77.31921754409,136.82293399637,59.36951706219,92.58695853335,105.42846516244,72.71783104491,89.35018209603,178.67508794776,70.16766533521,503.16945475424
GWP_100_AR5_CH4,North America,Fires,34.976475018945,36.350020418611,24.173666204407,29.690619583947,58.423766606359,58.423766606359,20.873530848988,15.516014676794,74.317221585297,33.034000734178,30.517556835176,18.609476445259,31.585350344034,32.548222950914,19.380730252649,20.668814394775,20.193873711847,50.548686193636,12.882656047271,10.830278828201,13.024603636751,41.140855274021,29.099217178602,36.360255520075,27.369812141317,32.548028076861,20.842173628749,29.831543618248,18.604117327485,19.223729129609,11.798286016815,40.187808965776,17.986179122977,144.35879446818
GWP_100_AR5_N2O,North America,Fires,7.6952434645199,8.1742985615617,5.4459538724593,6.1363797251099,8.9913642670297,8.9913642670297,5.4073695779195,3.6351169705188,9.8173451835296,6.4886838044706,6.9246025318548,3.5838247950409,1.9908262820021,2.3288490776836,2.5085594734547,2.3155891680709,2.3019060261332,2.2779109269072,2.1315168107647,1.6053724770252,1.9731913906172,2.6428591232047,2.3276194489828,2.6328826848183,2.3368395071264,4.1578091111283,1.6593710865502,3.7268779586659,4.5504189322119,2.2825459450163,4.3220263332784,5.530961654365,2.6140323632879,9.1760569339924
CO2,North America,Forest Land,-1553.7016403748,-1588.6782069956,-1586.3819610007,-1599.162137669,-1580.5155624261,-1576.393173556,-1592.6165655973,-1584.7731182133,-1596.1598813484,-1566.2930484292,-1559.3419368233,-1638.9698468792,-1623.1401009696,-1660.6783541226,-1584.9835000173,-1585.0758485509,-1644.7226461413,-1748.13794018,-1983.1450751692,-2128.6646308429,-1983.7705894456,-1925.8665281202,-1937.6721361843,-1907.0032448351,-1898.1126859214,-1893.5501122601,-1926.8959713035,-1916.0489953886,-1850.331901269,-1868.8930845886,-1931.8849721097,-1658.2598598164,-1645.5326792193,-1662.6991256364
CO2,North America,Organic Soil,45.698634675089,44.961407595383,45.185673256304,45.470293021842,45.751238878977,45.774612225715,45.683619984997,45.625500237086,45.696767350436,40.081554119411,39.749767140848,46.122651950201,46.094770925454,45.712064584294,45.528321148228,45.233058548505,45.03535287144,44.209610694102,44.03585256036,43.782853340117,43.943492386041,44.013989465336,44.091209056867,43.277159641932,41.825406593366,45.293558684907,44.40779204553,45.857870762157,46.879776883576,43.515657027734,43.515657027734,43.515657027734,43.515657027734,43.515657027734
CO2,North America,Other Land,-438.57400725829,-446.80096307744,-441.95532874912,-427.66608658771,-446.43975432116,-421.584879314,-446.24421772162,-429.39234483774,-435.56544685108,-431.03801693739,-436.1950861402,-444.16075269277,-423.56314156858,-448.55635686824,-368.20117098261,-425.16789872743,-451.88728051098,-415.07815927566,-396.9579126266,-365.68377638002,-383.38124885943,-423.82360143119,-432.6928797481,-397.63861939862,-410.17847701016,-348.14653419131,-441.75898554684,-440.14134804936,-424.4764388395,-384.0172248702,-457.40976911221,-451.01966590055,-451.01966590055,-451.01966590055
CO2,South-East Asia and developing Pacific,Deforestation,965.57948939126,872.79893939126,886.96076939126,862.27295939126,873.76786939126,862.00398939126,863.98646939126,855.81693939126,880.45447939126,862.57240939126,921.30732939126,303.42872827245,310.63398865204,273.09605010999,387.73685489347,379.13134147816,368.28339754628,454.68914601685,423.70974490326,499.77279890435,282.03462497875,314.68121092613,393.67699122477,533.75150875673,392.43314300012,886.07161497752,600.96178971597,606.70366171611,745.47134620619,630.860028,630.860028,630.860028,630.860028,630.860028
CO2,South-East Asia and developing Pacific,Fires,1.0075121409513,3.8716836479079,3.6563640025502,7.6437013748626,2.6370678246413,2.6370678246413,3.1229292943373,1.7397688605423,3.2021302464268,3.7117713516934,6.1106205934216,2.180732983236,4.07660997499,5.7924735679,8.73773398198,5.53658660684,4.79263376984,7.40891045053,1.16019630863,7.00674227259,7.52897845826,2.24014156271,5.13893746568,7.73834839218,4.75543056285,7.26527064799,4.55210336415,1.17327993985,1.69158615291,4.89733840967,3.18226033026,3.95067278985,2.45737884906,4.28345255378
GWP_100_AR5_CH4,South-East Asia and developing Pacific,Fires,66.180337076773,119.27647251033,118.50097080059,114.57120033491,69.576188333147,69.576188333147,78.972947283826,45.16552097901,104.73786045798,105.15430574269,117.15898693624,72.74072563952,186.41086083552,87.983953232288,219.80051525606,111.20203426418,234.29888304282,72.912959630087,41.4172970491,168.46217087206,58.33472628187,95.375713268181,104.67434110559,94.287344283077,215.94124227755,222.07383417385,55.183664775307,37.783964318172,92.27843754516,181.15812115565,55.706921193125,37.409691730199,21.054668318326,116.63722288286
GWP_100_AR5_N2O,South-East Asia and developing Pacific,Fires,10.894335314538,15.755632949963,14.4829893039,15.317406296608,14.416620666473,14.416620666473,15.050362329021,11.090513322701,14.383616760815,10.031837977371,12.01251835604,10.844265745922,8.4956263460858,12.183978991829,20.733028981854,11.227322840803,12.243243907944,17.452593192712,9.3273859095338,14.268565269158,14.109773494607,9.4066476703338,12.025291098705,9.9025173831738,12.941555918058,15.055913043501,9.4806781262883,9.4207236382081,8.1872500265983,10.860565082277,12.290760953199,9.8331952634632,5.8936614876262,10.291169872569
CO2,South-East Asia and developing Pacific,Forest Land,802.22099533209,794.09620437498,788.61501723053,728.13017492076,685.844306175,658.66196615609,635.26661217624,627.34576704136,612.13285993745,608.20631187003,599.55010445764,549.46821609861,580.00059311097,607.76735645708,612.28344952676,599.31901853438,565.9869010919,586.52452454583,575.18569673637,510.17866138418,564.0001892949,607.93434521437,609.55937589127,666.2512211221,669.05373286994,587.95252621608,592.30347709655,584.26497560423,633.00048708665,635.27991759224,663.45339263071,687.15170040502,668.65571847908,684.75097047547
CO2,South-East Asia and developing Pacific,Organic Soil,309.14067,309.14067,309.14067,309.14067,309.14067,309.14067,309.14067,309.14067,309.14067,309.14067,309.14067,374.34567,563.26067,381.15767,608.85467,655.33167,1354.489592,440.316514,380.880436,657.188358,413.64128,469.49928,737.76828,483.43328,974.15228,1200.64128,475.17528,397.64928,508.64128,856.32428,856.32428,856.32428,856.32428,856.32428
CO2,South-East Asia and developing Pacific,Other Land,4.322,4.322,4.322,4.322,4.322,4.322,4.322,4.322,4.322,4.322,4.322,4.322,4.322,4.322,4.322,4.322,4.322,4.322,4.322,4.322,4.322,4.097,3.8235833333333,3.5985833333333,3.422,3.422,3.422,3.422,3.422,3.422,3.422,3.422,3.422,3.422
CO2,Southern Asia,Deforestation,97.192537430078,97.192537430078,97.192537430078,97.192537430078,97.192537430078,87.126170444638,77.059803459199,66.993436473759,56.92706948832,46.86070250288,36.794335517441,35.938577416939,35.115430316437,34.292433215935,33.376416115434,32.588639014932,31.84190991443,31.036146813928,34.468240330914,37.611280847899,41.134094364885,35.659822,18.528605,18.564385,25.132162,28.960566,29.210566,29.052566,22.853566,17.647566,17.647566,17.647566,17.647566,17.647566
CO2,Southern Asia,Fires,3.3205231387082,8.3931781978217,6.854575517265,7.7325189452791,8.6494934658997,8.6494934658997,6.2168803078413,3.0790411483364,6.0564436964273,6.2283090946143,7.9454988944486,4.4896185193692,0.47456913964,2.77467566759,2.75022985362,1.83929584272,2.5675184415,2.77007462396,1.56747828445,7.62781152339,3.35905289066,1.40483055742,5.87900084974,1.65529623494,3.88620474797,1.99260437869,4.17304264597,1.66605736227,3.09694194107,3.92039977069,0.90867224954,3.10507230771,3.61079726401,1.80891839243
GWP_100_AR5_CH4,Southern Asia,Fires,12.658909818276,13.118915755174,13.019414313279,10.764551426177,16.078886066214,16.078886066214,16.564505813739,12.355433314375,8.8943512679963,17.072812431495,14.925452579191,10.203262795604,1.6548213203861,7.3078652152041,10.006953006827,6.6508719808331,6.4704077683218,9.990375433463,7.1695007834705,18.949952317378,15.386238469709,8.1177337049088,18.285795310009,11.793977934344,9.9866459283419,5.8703544674625,12.249083211841,13.58633475355,11.721532056827,8.1254664605246,3.1352975998515,19.152917845853,8.5997493751814,7.3799500036976
GWP_100_AR5_N2O,Southern Asia,Fires,3.8529940506388,3.9352957410758,4.2092872610741,3.4449717243519,4.9998684516074,4.9998684516074,5.2615321988489,3.9751316306296,2.8187399519352,5.3949757091573,4.7732176454576,3.144118975585,0.52694889829781,2.2016027723474,3.0093980040901,1.9955681418458,1.9690235630176,2.9617536344051,2.0938695045146,5.6774354783693,4.4483452158187,2.4038949131369,5.4207649917948,3.4334148099012,2.9628874794888,1.7513971032727,3.6373675890512,3.9623972037474,3.4749545404325,2.4472911913187,0.98671085541227,5.6514191542005,2.6149787359161,2.1879125736926
CO2,Southern Asia,Forest Land,1130.7860924734,1170.0902929633,1182.1935572914,1196.7604761657,1205.9342827401,1212.0317371003,1186.6221303496,1181.0995599499,1191.5393005723,1202.8812312201,1204.619919805,1214.7401441188,1302.7899374346,1311.3214729494,1304.5319001039,1314.4858821122,1320.0726767098,1335.7380276253,1340.4329065069,1345.2538884322,1350.9681528679,1350.423201132,1347.5931106727,1344.6437924203,1341.9750912471,1330.2522484353,1328.7993506313,1321.6320063509,1315.5590912757,1309.8038001876,1302.6320645899,1295.9868681461,1280.8696284128,1274.0526233029
GWP_100_AR5_GHG,Africa,Net,-477.1882222532,-302.33585612663,-184.03936753656,69.845669553442,19.260829313382,128.73469843235,234.74493498901,-58.238794061771,291.26910426105,293.55432646296,635.66439239158,506.2530262196,458.01702906694,484.82590967654,503.23607182673,676.94486603724,692.25963625826,786.04382946592,891.20371169167,866.91160928391,1010.4097925544,1717.0189769091,1660.4953376451,1583.2841385066,1513.870489149,1252.4634310446,1298.0431180682,1343.7754694152,1387.4844857919,1361.3872395896,1441.3898934272,1600.9752677121,1577.0344614938,1602.7971651316
GWP_100_AR5_GHG,Asia-Pacific Developed,Net,66.33121336844,88.760923441274,99.002379600951,433.14897282347,33.015017673831,9.6065739651834,-140.81056909827,-254.38543515662,-3.8624235432366,96.887062131245,362.3542725429,481.69921119568,819.07559311343,-74.729445140087,244.84853034092,-208.4983979782,393.05012537387,311.79893354548,-115.39432343401,-67.086381459288,-233.40113706591,997.16991753121,884.55647575598,-100.88068408443,138.3035969947,105.52545212862,-214.74119403219,332.06673733164,234.54888843483,162.39798499662,-169.91539031462,-194.63476356164,-135.9763537915,764.1496607758
GWP_100_AR5_GHG,Eastern Asia,Net,-667.19652098125,-678.41375322444,-626.60554785791,-683.52929811893,-733.03051854851,-732.55864311729,-777.34471910056,-843.69608148515,-729.1775689038,-768.78951350705,-725.5338023331,-851.59883886623,-911.90915176536,-894.54001906591,-915.19163479973,-932.15506064369,-949.47860152623,-927.95285014088,-869.81100328924,-847.16054522879,-835.59514503704,-856.56985526965,-881.90549063034,-881.86227920452,-944.95722500938,-1024.4403809227,-994.52646019124,-1041.9178350933,-989.72008357374,-1052.0347739333,-1014.6333289512,-1025.9140025737,-1031.4463245934,-1033.380754611
GWP_100_AR5_GHG,Eurasia,Net,-1198.4601018387,-1126.2366588304,-1181.2476843277,-1478.2958797115,-1290.490001189,-1304.9696814949,-1420.409151227,-1557.8959263172,-1784.2271379182,-1494.3502911249,-1369.1748538988,-1762.6831366239,-1731.7817904362,-1476.9708705822,-1683.7015600337,-1695.2687102195,-1649.3460241919,-1727.0340367873,-1595.842711103,-1842.4487350062,-1771.1775664495,-1761.5418916769,-1623.9218660183,-1780.0264099918,-1661.7197129291,-1778.1367322983,-1687.1749625002,-1792.1975420372,-1536.8416662427,-1623.6423925561,-1683.619912251,-1583.0831583637,-1757.9574919081,-1693.7319981372
GWP_100_AR5_GHG,Europe,Net,-454.72326708389,-598.0028516764,-595.36543298998,-621.49997740999,-564.21009920616,-537.24819757156,-547.38970835143,-538.21148594041,-489.60666997932,-585.5715007988,-413.7914770318,-470.79566188499,-492.62340642161,-472.27623567057,-476.30443669052,-414.25186768138,-468.31822522773,-391.69851485269,-422.43685709843,-500.13140596488,-417.23357587064,-391.85296479219,-387.59474197682,-364.31915424363,-362.810380881,-363.41064762219,-356.16846077909,-338.9304920489,-288.68242482866,-290.3391429456,-334.05626408297,-293.42739098722,-294.91338362791,-289.91665457269
GWP_100_AR5_GHG,Latin America and Caribbean,Net,-543.49885671557,-600.17394923317,-499.55192464236,-330.28802970667,-332.88716153536,732.168431702,129.76690784644,-193.98963979402,164.58338708194,249.91873463933,370.92793325659,189.97509694924,425.01887919036,1616.067088251,1868.6889861877,898.65100577959,524.57400705468,370.20257304815,169.33228010759,-449.14230284299,-341.29593338323,-244.94402263863,-256.99360696919,-113.94868818724,-314.1573105071,-253.04445010757,-308.28468589611,-291.68919028208,-301.25623554019,-332.48073150075,-211.95083042315,-269.07117566266,-231.69414991821,-216.23828861091
GWP_100_AR5_GHG,Middle East,Net,72.150864858099,76.29308137834,72.260400837066,73.170883467716,76.384279395656,76.635661580441,79.084396528855,73.467505827051,79.144553609605,76.21262411783,75.187733373194,75.886110623499,71.832710182228,72.060552452632,72.252438420495,72.459805669527,72.383291028624,72.85616431349,72.378928636991,72.484453092352,74.024860769747,73.364624049328,72.97099343109,73.341872531814,74.07624684173,73.308252095368,73.582756766958,73.362176267006,72.982199590808,95.426458431851,76.690012026069,73.585621487468,72.887625322317,76.062331854693
GWP_100_AR5_GHG,North America,Net,-1587.9752200307,-1614.5353547285,-1705.3878767426,-1674.4980230798,-1505.8737452526,-1476.5342045677,-1717.1653482093,-1741.8047026411,-1450.6047889755,-1658.6580462691,-1645.0260932522,-1800.3414490222,-1763.1621329426,-1802.5879409518,-1688.1348458537,-1741.1416968448,-1854.9395189723,-1877.615217632,-2147.0460309861,-2277.4931041421,-2135.8132247805,-2075.3146360965,-2087.6617189481,-1977.8782066466,-2030.2962197868,-1893.5142020144,-2112.8184295629,-2054.471934289,-1969.5900818648,-1985.4619406309,-2110.5707087988,-1709.4529111242,-1830.3517122736,-1281.5817293557
GWP_100_AR5_GHG,South-East Asia and developing Pacific,Net,2159.3453392556,2119.2616028744,2125.6787807288,2041.3981123184,1959.7047223905,1920.7585023716,1909.8619904747,1854.6211795949,1928.3736167939,1903.139306333,1969.6022297346,1317.3303387397,1657.2003489196,1372.3034823591,1862.4682526401,1766.0699737244,2544.4166513588,1583.626647836,1436.0027569069,1861.1992967023,1343.9715725084,1503.2343386417,1866.6668001194,1798.9628032706,2272.6993846285,2922.4824390589,1741.0789930783,1640.4178852166,1992.6923870175,2322.8022502398,2225.2396431073,2228.9515681885,2188.6677351341,2306.5691237847
GWP_100_AR5_GHG,Southern Asia,Net,1247.8110569111,1292.7302200875,1303.4693718131,1315.8950556915,1332.8550681539,1328.8861555287,1291.7248521293,1267.502602517,1266.235904977,1278.4380309583,1269.0584244415,1268.5157218263,1340.5617071094,1357.8980498204,1353.6748970839,1357.5602570926,1362.921536397,1382.4963781311,1385.7319954102,1415.1203685992,1415.2958838089,1398.0094823074,1395.7072768243,1380.0908663995,1383.9429914029,1368.8271703847,1378.0694100782,1369.8993616704,1356.706085814,1341.9445236101,1325.3103112947,1341.5438434538,1313.3427197879,1303.0769702727
CO2,EU27,Deforestation,23.77930222535,23.721453615778,22.398643314443,24.891296197984,23.878885839285,24.132261446298,25.807505063661,27.660284708562,27.812344775783,28.598318107466,28.441169063667,30.673545624212,31.545274162645,32.9932685893,34.348722377758,35.053839974385,36.366621116788,38.127507090452,36.16795904024,37.111748147134,36.548606792301,35.148412056348,33.653611439174,42.025317788078,35.866137999106,37.85793319683,39.1533293622,33.428040748197,31.958596205008,31.549011532992,29.608412691977,29.149129558412,29.149129558412,29.149129558412
CO2,EU27,Fires,25.185462488284,18.859767198803,13.823600625246,9.234666144878,23.780608270804,23.780608270804,27.524359037894,4.6272167412294,37.310351507712,12.55185427618,19.461736450351,21.666732891741,2.46866143128,11.07534670358,2.0514622839,10.01982719035,4.53817773853,6.37754924788,1.51469092784,2.31500350493,2.52383314606,3.84277890896,6.69312353929,2.38855467912,2.22990924409,1.843136074,4.26888806284,18.95719922728,1.64752097563,3.67828940198,3.81218011535,5.60183834454,10.56017487747,5.67501476795
GWP_100_AR5_CH4,EU27,Fires,2.9050769563751,1.6437782320578,1.2364188483813,0.83972521807712,2.2405496056606,2.2405496056606,2.5694561043022,0.84323660465948,3.625868754385,1.1979804447013,1.866008006726,2.5613612814832,0.45506827186576,1.0646347040235,0.23376284213716,0.8828780976414,0.40292087661448,0.67796812270544,0.27993699349672,0.20319165228292,0.22824969895896,0.69595310016456,0.97368433873172,0.29251902932448,0.25685191818524,0.23069744308716,0.3522102251654,1.6662627615063,0.14631625187956,0.78486960453272,0.55528440677696,0.47472031551364,1.4151721353347,0.51936428377988
GWP_100_AR5_N2O,EU27,Fires,1.0095988407156,0.82627152231261,0.62393932314103,0.41451868508379,1.0390297820865,1.0390297820865,1.1889065564365,0.1503661010897,1.5933552593756,0.54981259209124,0.8393610067808,0.87670123732883,0.083753836930745,0.49572326452785,0.10487811220263,0.4328064070924,0.19903670239972,0.28139706615245,0.069249517857415,0.11472356457373,0.11301520313358,0.1289232444759,0.27401494975215,0.10095073557258,0.09092965322002,0.075837027117565,0.19082124883447,0.81105488334584,0.07190472430314,0.10090722453968,0.14115295047185,0.25341101585116,0.40639577657591,0.25753652319078
CO2,EU27,Forest Land,-444.32058840179,-563.40683727082,-559.05228797503,-568.36505409076,-518.73550541132,-485.83255736974,-502.68483204012,-469.79130505543,-471.68747185049,-449.99358856868,-390.23229693687,-433.10104579301,-424.92227281253,-396.19287551659,-378.84159767247,-326.4976066747,-370.57735669336,-307.07663069873,-379.06621342446,-446.42437154262,-350.73921352097,-347.89983011512,-350.84748511815,-340.80788586471,-341.91970400497,-326.50519807485,-313.30535106424,-305.04414614716,-251.64172825697,-244.10345280489,-270.93211652902,-224.88499454219,-231.58661710822,-217.66404140583
CO2,EU27,Organic Soil,94.656666239704,94.846195120083,94.259498595004,92.806070886241,92.011215648684,92.176182869757,92.736222278766,91.955990884601,91.934531333204,92.120229820956,93.167951069694,93.660561945059,93.428125163229,93.571673413199,92.939846944005,93.742644754949,95.113223419658,94.792582584838,94.771597156567,95.474504437195,94.91948282434,95.152278366566,95.52696126891,95.208931721573,95.603387978588,95.644163319003,96.26523367347,96.405760013057,96.420638447688,96.862439460485,96.862439460485,96.862439460485,96.862439460485,96.862439460485
CO2,EU27,Other Land,-44.270156609821,-42.163001289042,-37.520744672294,-53.721198208575,-57.577246820459,-73.0515266524,-68.366750589378,-72.624372914008,-73.889262160043,-151.68936304446,-81.175781876551,-90.823382274241,-90.119669215487,-102.77496518489,-123.85358810985,-124.94705721379,-134.0198393399,-122.31114437799,-88.576081570001,-88.465244636632,-103.13962707774,-103.80322401635,-98.722661113878,-94.859946211948,-100.40695299117,-117.90217258324,-123.31895479876,-118.8061049929,-123.12263347498,-134.55104713685,-124.1168862391,-129.18412202084,-129.18412202084,-129.18412202084
GWP_100_AR5_GHG,EU27,Net,-341.05463826118,-465.67237287082,-464.23093194111,-493.89997516707,-433.36246308526,-415.51545204753,-421.22513358844,-417.1785829293,-383.30028238008,-466.66475637174,-327.6318532162,-374.48552508742,-387.06105916207,-359.76719402685,-373.01651322231,-311.31266746408,-367.97721617928,-289.13077096469,-334.83886135846,-399.67044487314,-319.54565293391,-316.73470845495,-312.44875069617,-295.65155812299,-308.27944020295,-308.75560359805,-296.39382329049,-272.58193350667,-244.51938512744,-245.6789827172,-264.06953314306,-221.72757786823,-222.37742732078,-214.38467883285
CO2,GLOBAL TOTAL,Deforestation,4243.7920745039,4011.1350600511,4151.9427623276,4155.4041894134,4148.6120813143,5116.9206072962,4492.2647752195,4189.1031004406,4459.590923793,4424.2992102321,4512.8765891852,3846.6071884632,4075.6243087004,5077.7906744243,5407.9505173701,4518.3489430471,4175.6394011803,4037.1914433478,4068.9766409258,3585.7937354939,3358.0473932484,3878.7413501032,3867.8965642204,4190.01121742,3880.0689326554,4050.7356364886,3850.7966901629,3816.5261601504,3938.5184288774,3811.667203227,3862.060945386,3877.8183406811,3877.8183406811,3877.8183406811
CO2,GLOBAL TOTAL,Fires,1317.9710191111,1367.7044744723,1344.5348727172,1587.0447093021,1651.5653785369,1651.5653785369,1254.110633236,717.94464482345,1283.2638380086,1410.0100838622,1883.0650288192,1372.4162033362,1580.0163617568,944.49594426785,983.87487624766,539.15185592872,1062.8322138334,918.4648552607,866.83346607405,627.14690303941,610.45738689011,1849.8760540354,1788.0215898818,669.65155890181,939.18382943536,836.56024886345,579.97604239851,1091.1220468381,1055.7016594269,923.2326569425,661.84168890817,845.22325895708,635.77945105695,1992.0391735848
GWP_100_AR5_CH4,GLOBAL TOTAL,Fires,627.08448476681,669.08373901353,663.60472268665,810.07232088962,653.8081942336,653.8081942336,644.07437744834,349.6164109098,695.88510684815,641.74771374105,840.66625014386,604.57585896022,678.36786763249,600.94840832375,691.17498523692,602.84165044471,680.52078383108,582.41463130039,519.92313559805,613.47468302533,552.43889758991,605.13258675385,630.22222805015,517.32374909017,588.04104724807,632.60031663035,497.89241348268,466.02622046068,569.35129741273,649.15948737121,454.73024393057,427.26645616979,398.00206210861,629.26071815757
GWP_100_AR5_N2O,GLOBAL TOTAL,Fires,205.82726580986,214.42983647433,222.8384416507,252.22521581898,219.77887768965,219.77887768965,227.20815544314,122.14890930259,212.4463259188,214.0838772057,269.33785477176,213.11923794951,183.17780980782,177.64762809931,189.72701703333,175.18626161236,176.18240191019,196.03603634551,163.34415925888,149.89826910307,178.03573672554,195.864762437,199.72128995844,140.36268849734,153.31430619981,158.72486971814,150.61951643411,164.03104624387,149.46322177534,153.87033651389,154.212042426,149.60213773537,140.28866650646,166.68016645748
CO2,GLOBAL TOTAL,Forest Land,-7725.5083593136,-7569.5655910693,-7518.1300829876,-7596.4962934578,-7536.1302650806,-7336.808116835,-7368.3031754563,-7153.6460512444,-7126.7717881954,-6911.2135908003,-6685.7557169462,-6824.3325869404,-6584.1107873143,-6366.9062827986,-6174.8697657752,-6071.1699416996,-6134.2990583463,-5987.0489587029,-6654.2222366671,-6890.5166408893,-6382.7518122327,-6013.0930952398,-5912.4025718709,-5762.5015380906,-5727.999306087,-5815.3609449751,-5871.9625419512,-5781.9173617809,-5418.4444397183,-5594.3153756929,-5556.0703105119,-5132.0222011908,-5183.880300944,-5129.5774785652
CO2,GLOBAL TOTAL,Organic Soil,637.68164664978,636.19807243007,633.99551904708,632.01940661679,630.1331488688,629.16280432212,627.78140574317,625.00608172722,623.54887377651,616.5719686726,615.31289259483,685.66529696331,872.65419377546,688.15125791922,913.56010204528,958.72677526893,1657.6236940717,741.06123873908,678.49967708792,953.15097700049,709.6696678211,764.65067508403,1032.9903854714,776.7098327645,1266.5065954737,1496.2716978434,769.73073644119,693.88969718037,806.46824363535,1152.4818017585,1154.0908839376,1154.0908839376,1154.0908839376,1154.0908839376
CO2,GLOBAL TOTAL,Other Land,-690.25184603792,-671.63818741003,-690.57313655867,-694.92206275531,-773.03902436697,-788.94844841463,-835.0725856522,-842.80387341655,-875.83530274625,-1004.7185299705,-906.2341393441,-943.81077957533,-933.49996834258,-940.07705908686,-869.58103303591,-942.71536966637,-950.97655892722,-905.39533936337,-839.23609543498,-806.69467373939,-916.71174298775,-922.59836420877,-964.13002647811,-914.7932502328,-1030.1635450219,-949.47149282191,-1159.9927719383,-1209.3631729422,-1142.7348568105,-1096.0966348188,-1186.9820690429,-1152.5059777214,-1152.5059777214,-1152.5059777214
GWP_100_AR5_GHG,GLOBAL TOTAL,Net,-1383.40371451,-1342.652596038,-1191.7869011171,-854.65251417231,-1005.2716088044,145.47929682885,-957.93641401828,-1992.6307774573,-727.8720225966,-609.21926705722,529.26875922447,-1045.7595808433,-127.7702139838,182.05057114907,1141.8366991222,-219.62982506424,667.52287755314,-417.27609307279,-1195.8812531574,-1767.7467469664,-1890.8144729454,358.57396896495,642.31945923309,-383.23574164961,68.951859903475,410.06033174704,-1182.9399149701,-759.68536384971,-41.676445400997,-0.00052469862188786,-456.11657496641,169.47289856873,-130.40687437462,1537.8058265319
