,Substance,Sector,EDGAR Country Code,Country,1970,1971,1972,1973,1974,1975,1976,1977,1978,1979,1980,1981,1982,1983,1984,1985,1986,1987,1988,1989,1990,1991,1992,1993,1994,1995,1996,1997,1998,1999,2000,2001,2002,2003,2004,2005,2006,2007,2008,2009,2010,2011,2012,2013,2014,2015,2016,2017,2018,2019,2020,2021,2022,2023
5,CO2,Agriculture,AUT,Austria,0.0064428570016971,0.0064428570016971,0.0064428570016971,0.0064428570016971,0.0051857141441771,0.0050285713156057,0.0051857141441771,0.0045571427154171,0.0040857141152286,0.0039285712866571,0.0053428569725726,0.0049238093533406,0.0066523808103451,0.009271428372296,0.0090095235818114,0.0074904758196846,0.0085904758482811,0.0087999996578091,0.010004761305424,0.0087476185623783,0.012728570829288,0.010999999142983,0.010999999142983,0.013095237238263,0.015714284000126,0.012047617619131,0.012047617619131,0.012047617619131,0.012047617619131,0.013619045904846,0.012047617619131,0.012047617619131,0.012047617619131,0.016238093809691,0.022523806954309,0.014352379525699,0.035304760483779,0.053952379537051,0.032999998578971,0.040857141152286,0.031428568002011,0.027761901621017,0.041904758480171,0.060342852005921,0.062857137721137,0.081138088991743,0.071499995353807,0.066419043629968,0.054109520188675,0.052852377331507,0.050233329769557,0.044890473025933,0.041962267753663,0.039930500380131
14,CO2,Agriculture,CHE,Switzerland and Liechtenstein,0.013619045676953,0.013619045676953,0.013619045676953,0.013619045676953,0.0042428563714286,0.011838093696185,0.024514283546453,0.031376187366062,0.038657138919201,0.043790471738823,0.042114281605318,0.041433329424198,0.045780949128415,0.051019043623852,0.052380948156835,0.052957138261568,0.05243332885187,0.050599995032205,0.051385709403834,0.058038090385979,0.048242853576049,0.034571425144931,0.037190473049777,0.037190473049777,0.054999995148703,0.036142853432406,0.042428567146754,0.036142852859154,0.03457142457344,0.03142856743052,0.042428566575263,0.032999995716234,0.026714282573377,0.031428568002011,0.037714282289611,0.054999996863177,0.053428569147194,0.040857141147006,0.031428569144994,0.033942856004777,0.026714284861103,0.068095236383886,0.059819047625524,0.060133333282667,0.046095237813406,0.053585714034015,0.058195237957577,0.048976190337817,0.015452380813337,0.013985714146113,0.042795233213538,0.043109518870681,0.048389517910681,0.054694996533016
24,CO2,Agriculture,DEU,Germany,1.5579142726303,1.5579142726303,1.5579142726303,1.5579142726303,1.5434571341183,1.3305285324772,1.6114999112221,1.620142764504,1.5267999049865,1.593271337842,1.6259570465283,1.6327141856384,1.5761427673527,1.5239713471222,1.4763570702941,1.5085713491209,1.6166856141478,1.5637284734784,1.597357046119,1.6751427677831,0.45052851584337,0.51280947556747,0.44838090955446,0.41014281631054,0.55052375500139,0.4583332701927,0.29307137528571,0.30847137248571,0.34068565234286,0.36362850531429,0.45885705942857,0.44471420485714,0.44785706142857,0.483999912,1.2426856396779,1.2851142102606,0.82877134325053,0.87402848554888,1.009171305986,0.832857062975,1.06432846377,1.0800427683473,1.0598760887022,1.1039808505611,1.1969046309897,1.2637427324307,1.1919808372017,1.2335189649945,0.88560469458304,0.84024279465996,0.73427614127906,0.69457138182475,0.61926853837332,0.56596881844746
122,CO2,Buildings,AUT,Austria,14.82991972683,13.66607324234,13.92705344829,15.44981436662,13.6920094753,13.67406715386,14.69574590214,14.32597145665,14.96444146161,16.49358932492,18.1252035369,17.41425163062,17.5059871853,16.31537321165,16.36644499822,17.10136976335,16.56888152889,16.61867752113,14.48898831985,13.52475225428,13.12766095099,14.48027623767,13.76855083413,13.4351204447,12.41369017128,13.56183420868,14.97218081704,13.45299984549,13.50251769519,14.01320776202,12.87403904436,14.05607452576,13.35123706881,14.10790018776,13.624751588,13.27244895412,12.930353308,10.96451422488,11.30549471691,10.38892682083,10.58236797473,9.3261325656,8.91053010922,9.1620156002201,8.15633239351,8.57854891333,8.8127737105801,8.97926794509,8.18775827344,8.42019337541,8.427145813,9.4138129028199,7.9461886781159,7.4332103200767
144,CO2,Buildings,CHE,Switzerland and Liechtenstein,17.880659099,18.75831293,18.822983892,21.106913366,18.287568223,17.777717434,19.774706413,19.357991649,20.209587961,19.145994066,19.145864947,16.158518347,15.328909103,16.705422028,16.991372722,19.828602692,19.808870157,19.110414922,19.109334486,18.605937856,17.226233005,18.519610943,18.545355773,18.00430402,16.721996248,17.761793838,18.596815217,17.241307425,18.058566272,18.178842485,16.42358888,17.678208439,16.659861627,17.529411569,17.397371634,17.723939507,16.733909573,14.891935132,15.802300894,15.527986975,16.647470589,13.401593098,14.658743806,15.518443156,12.161028506,13.043745509,13.556062941,12.99079177,11.91973676,11.931798648,11.034601573,12.387054613,9.9630560429256,9.7639782407511
160,CO2,Buildings,DEU,Germany,268.38063974999,255.71051653805,260.69685927527,274.95660176284,250.78945971677,245.25862757179,264.18384475174,259.31601577759,267.17077392501,281.84265299559,254.54450408424,240.20787178762,227.67512197473,220.63027879992,234.78103507244,251.41105292348,261.0866353816,254.31035703793,236.95539972999,205.89590873249,213.49451095723,213.25761099774,196.10132706502,201.2434896908,190.21192319223,192.66979436993,217.50053359806,202.77443019892,194.01525088614,176.56033927267,172.08968871407,188.29558520969,176.21075964565,173.86570430882,164.09023375398,160.73377091062,169.03349318881,130.01908373158,154.07581755604,143.15541075827,150.6985701913,129.85919128062,137.21956493797,147.74244613145,127.03818722543,130.7197488949,134.29926714817,132.42338512045,128.14435213956,130.07861096796,131.27967189918,129.39504048027,128.6030678145,123.63348574136
328,CO2,Fuel Exploitation,AUT,Austria,3.2660760501912,3.4826323734216,3.5129191945384,3.4701694636139,3.6408243880541,3.6896383020271,3.9765128112122,3.6692120584528,3.5516795312719,3.6538241509983,3.685824883883,3.1673620314704,2.8144911313293,3.2225183269538,3.3584672983271,3.5133372907637,3.649794588098,3.5878432234114,3.7811754287237,3.5552560534829,6.1158034387592,5.8573874636924,5.533410887056,5.849801126309,6.419685460567,6.5927636875807,5.8691512545308,6.4239967085895,6.8688522150374,6.0211288896338,6.5407404505708,6.6895994716908,7.7565585930877,7.1570827201083,7.4614952201544,8.1177170729711,8.0620471977533,8.1038220192411,9.0310682398685,6.2104603517409,7.7951178577236,8.2634774837725,7.571421396612,7.440131502324,7.4671191523158,6.7125147941098,6.2904218732671,6.4597109910649,5.6063601086302,6.4831790233595,5.760887150656,6.1554477555343,5.7106522990866,5.7056747633917
350,CO2,Fuel Exploitation,CHE,Switzerland and Liechtenstein,0.7153214988448,0.7708270299328,0.667292264804,0.928767490947,1.0159937716387,0.9124723876617,0.83941124347,0.739501540981,0.7274377100962,0.7227740099388,0.735078634494,0.7007985188705,0.6490395442732,0.6387285153115,0.6526337392695,0.6380145889285,0.6084179230972,0.5967979936338,0.5500173417133,0.4570093863695,0.4164289151878,0.5326246827363,0.542776925215,0.6161644462607,0.7024637862195,0.687336356164,0.7278535857345,0.7041260009107,0.7179145174902,0.7423602579165,0.6696918874652,0.716990816295,0.7411256270612,0.6879814256507,0.9342160404295,0.9719287771607,1.0953697296328,0.9134482707743,1.012727330909,0.9595660359737,0.945377497206,0.8749024172137,0.7773698619693,0.9255838629485,0.958755384265,0.4562617520402,0.4009904091725,0.3918204748717,0.40703342978581,0.37129086238516,0.3768429893432,0.32846423285679,0.41018135867344,0.38311935110419
366,CO2,Fuel Exploitation,DEU,Germany,80.79944611837,76.61875611573,74.99892197937,74.04737231183,70.364840183445,63.892887497521,63.50957146785,60.594164920666,63.512004928757,68.19063318722,68.312082862147,62.50965565064,62.241219598102,72.365552748228,67.538335918374,62.000570900426,55.635340820751,55.104010020442,54.807420130154,62.506775603964,55.388967402719,61.970193602348,47.168505820249,46.409844506703,48.349219690412,45.602512162955,43.190425015918,39.901381387601,42.50084512775,37.387847083875,40.647144171356,37.347198117178,37.288240674169,34.86223063359,36.369961128004,34.883566625332,35.645886947044,37.022381196285,34.290858476238,30.648660018035,35.595359069865,34.650644168548,34.101745215682,33.980811896856,34.218832390907,34.790187575758,34.289658432323,34.092987810581,31.373937362492,30.977717909342,27.53901832384,30.007359229947,27.576232314127,24.071348605381
530,CO2,Industrial Combustion,AUT,Austria,13.40354997984,13.54475065109,13.89138308986,14.75266792355,15.91093233398,14.24965430223,14.65848436971,14.3846876597,14.64959114161,14.38933337429,12.95270481548,10.39108607117,9.93283796358,10.1740232654,10.91407615125,11.31783319486,10.65231559092,10.57772865215,10.80224638308,10.51345797649,9.51737026823,10.07621113755,9.14124213035,9.3970738508,9.25989958172,9.70746481045,9.82736262608,10.97056568965,10.30864827511,9.52151883933,10.68408382699,10.54061476228,10.29679205068,11.05134210852,11.7129193382,11.04616114783,11.26794151883,10.96604070359,11.22981556969,10.60349584698,11.10105623984,11.22125761671,11.03505616557,10.65142523711,10.31398560951,10.41917710752,10.70939949521,10.63538929467,10.54310550365,10.65062750065,10.39705007294,10.79058462854,10.397717569598,9.56100482588
552,CO2,Industrial Combustion,CHE,Switzerland and Liechtenstein,9.303262728,8.94637484,8.789342066,9.710700132,8.755007702,7.996099888,7.775783502,8.187161966,8.335395554,7.912262464,8.521769596,9.006446474,7.605332156,9.874513912,8.831672994,9.067230056,8.258254216,7.090611758,6.370543246,6.21785327,6.538472633,6.966102891,6.638447397,6.483777092,6.182482177,6.485322593,6.316679016,5.93101816,5.963847806,6.365644465,5.752445944,6.070708181,5.466292462,5.758048347,5.754725044,5.719438478,6.101142029,5.980699107,6.004922425,5.476136392,5.691109429,5.335729317,5.392716506,5.460408319,5.324790821,5.1044031,5.201015513,5.110900148,4.937045725,4.821223471,4.665151173,4.834087105,4.4042918326989,4.279227094458
568,CO2,Industrial Combustion,DEU,Germany,252.86872552126,241.75443895626,242.74049046065,261.01560309911,256.64039934111,234.63037340366,233.09876847593,225.35927928907,229.02563079577,236.46638783532,213.03960051156,205.32271976727,185.83066886642,193.64530746099,191.3538044549,194.3069182668,179.5298122829,178.1788993235,180.56888526071,180.51893197746,156.14971466501,133.60551025397,124.7748160628,117.54804105105,117.94320091933,116.63835290615,110.51769785887,108.20327759003,105.99880585661,101.68515545915,102.73978512132,96.44027049275,95.84322470329,98.57136843525,97.06508890683,94.77147024464,96.6596644844,96.04891162177,99.86827209101,86.86860434031,98.35117015053,97.18164750943,94.24998767989,93.80479541234,91.24619671258,95.11887869364,93.21937838126,95.13881139896,98.33992527998,93.43042569449,93.35766125316,92.64059223474,85.655740835382,78.283315322485
736,CO2,Power Industry,AUT,Austria,7.91673505251,10.36710971738,10.58556701186,10.82400329039,9.38088420425,9.20135649976,11.87710065113,9.60175913325,10.05417143057,10.42262152688,9.3585131346101,10.45478963852,9.3632610766699,9.3510816917199,10.31003256106,10.51743057293,10.13675457761,10.6171222114,9.80548933473,10.82755580813,14.35130221046,15.35363573479,12.38496619367,12.18708561609,13.1251332056,14.48217235384,15.91160505868,16.00848168678,14.73750224047,14.47336307987,13.47557485821,15.19475613271,14.98624135857,17.40826926467,17.96909350612,18.38038908969,17.39230258426,16.34496296229,15.71989488025,14.33663743848,16.92723800293,16.64789970949,14.80276104251,14.12580129033,12.2118783601,13.24661604404,12.7960431686,14.2256433919,12.90808693643,13.03489568889,11.41086720893,12.2068864169,11.056960351568,10.185015958641
758,CO2,Power Industry,CHE,Switzerland and Liechtenstein,0.95862942,1.27120194,1.61947692,1.39279734,1.1411136,1.3211712,1.40901606,1.296496306,1.312655566,1.311711422,0.68079284,0.603559972,0.637033026,0.639377946,0.628203804,0.691241874,0.742870266,0.714790818,0.624223008,0.652859706,2.100496904,2.494591121,2.620623553,2.212121871,2.302841347,2.190191719,2.232292226,2.453850186,2.947899859,2.7032308,2.626229473,2.7251808939999,2.780874244,2.854007051,2.98654093,3.047971809,3.02977246,2.863172953,2.861346249,2.641195519,2.819155696,2.705525141,2.773012865,2.733458054,2.570547926,2.590402601,2.721286981,2.721824659,2.688796,2.781962874,2.7364961,2.68330559,2.5509887676124,2.5197414514997
774,CO2,Power Industry,DEU,Germany,322.59710602741,337.99124060672,352.79824542964,368.82511810607,376.01170421914,350.19467758641,386.87290127684,378.64635345279,391.05370134682,410.05539472862,408.7700320234,407.77458116106,399.06772739933,399.91561840135,406.21987898355,395.08844247281,396.79171803245,391.06031184054,393.46334250047,397.60964237558,381.47774655169,377.7584580319,362.54502960754,352.4254857734,352.02160010612,348.93652003433,360.00349340632,345.63738530771,343.68175472833,330.74440155876,335.2374845074,349.39676204703,350.09485658397,360.90988371639,354.93712213194,350.5900292251,354.65277542015,367.8749937346,346.87784119329,320.11549441389,338.04403130731,330.9171814864,341.6309561574,346.3042758024,327.32433651436,322.59621559228,321.808591911,303.88731781088,287.11361851475,239.06243990564,203.95630654673,233.58642901422,229.63950592431,177.56378763796
943,CO2,Processes,AUT,Austria,4.7287071617617,5.0109844065055,5.4838300200489,5.4935386475213,5.73290964926,5.1242977284928,5.8847082724652,5.9465174044969,5.8762225345324,5.9619111249462,5.7719564010538,5.6852588125524,5.4189229287566,5.6203554457398,5.7945617741851,5.5456642218039,5.3876210245647,5.3959783960375,5.7419408865796,5.7096422686663,4.7915486751105,4.6583994148021,4.5859368360761,4.447664719011,4.5675689504353,4.1846021474698,4.2435795241957,4.4571703879764,4.3528469106236,4.3575338522416,4.5388399087155,4.8287002642777,4.8687279819507,4.898349410735,4.9593405848456,5.0241421582996,5.1772204021338,5.4145348170914,5.3606099940292,4.7552752817634,4.8282112940312,4.9864848355053,5.0093634373429,5.0560463024028,5.0569071804873,5.1638408583134,5.1082811261249,5.1905422945023,5.0909243247347,5.0608734601328,4.8806915272815,5.2288456004933,4.8771961256781,4.7475488767039
965,CO2,Processes,CHE,Switzerland and Liechtenstein,4.2776717918084,4.4420628413728,4.6519106530222,4.6558888266044,4.32992757618,3.5920340464285,3.4766827946813,3.5493966495597,3.6001120248209,3.7541249069504,3.9143258141789,3.8667204481832,3.6444193544347,3.6189683645824,3.6014577373637,3.568033802875,3.6239016716782,3.7038287856157,3.8186989217421,4.0170132160825,3.9483260964773,3.6050433322064,3.3836622458374,3.1254219129926,3.2345854335508,3.0712173471059,2.8527362360833,2.6508309735042,2.6140322943092,2.5974998453989,2.7213587920711,2.744065195082,2.641814464982,2.6260494513321,2.8175292455269,2.9595301554486,2.9074284143421,2.9108474894755,2.8448876838027,2.7640118527543,3.0188669290179,2.9275937472543,2.8068488208872,2.8265863153774,2.9192077809842,2.7726107025349,2.7998694653159,2.7854180649995,2.7094707059314,2.6878263459427,2.574213127312,2.6706114401109,2.5833895298592,2.5488617652308
981,CO2,Processes,DEU,Germany,64.166954846898,63.878852480131,68.58190744208,70.475508681105,64.714203656987,59.117391326665,65.973438999704,62.311653678606,64.260831644616,64.889447313694,60.649617831388,57.95799495914,52.783357197324,54.523634038509,53.74619291938,51.2157309924,48.815858870834,50.266372262152,51.876023970171,52.389481255206,47.257532049556,43.247298089459,42.796889905096,42.734392910686,40.289171243347,38.386780825824,38.937275769842,40.997632337418,47.411357558877,46.425314518153,46.900339099701,44.166610791457,43.114708389244,45.359683462058,45.8448934355,44.022430156648,45.369771606344,46.592332506305,45.160652165162,39.6957630623,43.326197065229,44.74249303911,43.517248915806,42.804641136951,43.456854270721,43.140858169341,43.715007414219,44.516296669527,43.534329719297,42.426030511964,43.167817272476,44.171750932774,39.656163746002,39.080606594758
1152,CO2,Transport,AUT,Austria,8.80551565504,9.54488967744,10.42847898752,11.14885840936,10.29423075985,10.38796340863,10.57041333943,11.02228786,11.75743942698,12.37224875561,11.54244163486,10.86322322363,10.78330961481,11.14862915029,10.89590519012,11.11728432839,11.50803382298,11.69028872255,12.46965199762,12.96335044534,13.63167672499,15.05390483265,15.07886560529,15.22994266981,15.28510286791,15.50761891533,17.13168895483,16.20018027505,18.30417381562,17.81995658209,18.56033071152,20.0491395319,21.93930371307,23.52131996602,23.84992167181,24.54972288683,23.39862562845,23.58701716601,22.55446812789,21.71900383192,22.52952637342,21.72083825462,21.6552615229,23.11608286435,22.65912930031,23.16646051931,23.993264176,24.54852759861,24.79566431469,24.82978955541,21.6720489878,22.33402457114,21.192201657896,21.141913610842
1174,CO2,Transport,CHE,Switzerland and Liechtenstein,8.29084052,9.19304656,9.52864268,9.91204536,9.49527234,9.00691936,9.00344658,9.56404776,9.70772336,9.72117186,10.33517226,10.6185958,10.8671959,11.344086,11.60162668,11.70900046,12.36546396,12.60100482,13.2982574,13.62361456,14.506322142,14.948149393,15.292158519,14.26886982,14.61682861,14.371429136,14.385512898,14.850425537,14.989907342,14.972646465,16.549620205,16.241900145,16.268764126,16.38866055,16.48945401,16.57244289,16.696324127,17.035475329,17.449318473,17.240702565,17.17612428,16.975179334,17.130564475,17.082416978,16.919684205,16.202405584,16.042807536,15.747893942,15.814672009,15.762132476,14.447865752,14.623851866,14.44439723239,14.663604391935
1190,CO2,Transport,DEU,Germany,94.132244232731,99.75040714573,103.75615605545,106.6794640846,102.27702893144,105.97331527105,107.51389016902,113.42331863333,122.59164909205,126.26129457976,128.47601103156,124.37630743694,124.6793889555,126.75651855695,130.4289438893,130.6131579852,136.51958230776,141.56783142335,146.50813181754,149.96723216843,158.60411058236,161.47657095412,164.06112644105,168.67210061577,166.0365289578,167.92799782333,169.05467355371,169.80154114458,172.80685059518,177.66333233927,173.47041656458,169.53689565099,167.12334163323,164.03643600248,163.98942294473,155.62926459592,153.4830597159,148.38051173627,148.89374423418,147.05920857437,148.12332092074,149.942748134,148.5132714081,152.36697485381,154.57301655253,157.59041291664,161.02442071379,163.49178651047,157.6600402785,160.03858055538,142.45196331663,147.24321967414,147.70707218004,139.72115453079
1352,CO2,Waste,AUT,Austria,0.010266244556724,0.010367389283322,0.010463292766233,0.010553423373291,0.010635768204515,0.010706626314733,0.010764434160042,0.010812228735077,0.010853847520263,0.010892946096816,0.010935067653569,0.01094304485166,0.010955037716564,0.010971434941589,0.010992292668251,0.011016305745041,0.011036751009201,0.011061821755252,0.011093650551905,0.011138067846451,0.011195007041571,0.009616227227625,0.00553529166465,0.004978187498475,0.0045283333323,0.0046355833323,0.0047428333323,0.0048500833323,0.0049573333323,0.0050645833323,0.0050645833323,0.0050645833323,0.0050645833323,0.0050645833323,0.0050645833323,0.0050645833323,0.0041708333325,0.003336666666,0.0025024999995,0.001668333333,0.0008341666665,0.0008341666665,0.0008341666665,0.0008341666665,0.0008341666665,0.0008341666665,0.0008341666665,0.0008341666665,0.0008341666665,0.0008341666665,0.0008341666665,0.0008341666665,0.0008341666665,0.0008341666665
1364,CO2,Waste,CHE,Switzerland and Liechtenstein,0.013341487654682,0.013832588853106,0.014338795213441,0.014855809975147,0.015378862318957,0.01590628919893,0.016409072187435,0.016914495108648,0.017425704387726,0.017954941542017,0.018508423674974,0.019146361555539,0.019813588866579,0.02050513215443,0.021206487213962,0.021909881803488,0.022520974051543,0.023128994043435,0.023732834382168,0.024333087999228,0.024930544292368,0.023927537786472,0.022905510607959,0.021781372422451,0.020467412499915,0.01936260305723,0.018235538664968,0.017242158071015,0.016246929318799,0.015482104866457,0.014522376241864,0.013451757858527,0.012470236323923,0.012119382419865,0.011821432177567,0.011520709697875,0.011457245192606,0.011124256993737,0.010945282334068,0.010381273826399,0.01020229916673,0.010005927859551,0.0099443183991722,0.0098057021691932,0.0096285825544141,0.0095669730940351,0.0094476085564561,0.0092512372492771,0.0091126210192981,0.008935501404519,0.00881613686694,0.00875838178974,0.0086205364363968,0.0084855686297369
1371,CO2,Waste,DEU,Germany,0.15449988174986,0.15707913765198,0.15983742527168,0.16270162725028,0.16555274030601,0.16830461315831,0.17080368996276,0.17319886472972,0.17556110404748,0.17799902210882,0.18059061453489,0.18346867892075,0.18650875552812,0.18964035852787,0.19275341062711,0.19576921523114,0.19837663574544,0.20087288289054,0.20332743938464,0.20584678069144,0.20850706836444,0.20685261861546,0.20519768553322,0.20354275245098,0.20188781936874,0.2002328862865,0.19857843653752,0.19692350345528,0.1952690537063,0.1936136372908,0.19195918754182,0.19030425445958,0.18864932137734,0.18699487162836,0.18533945521286,0.18368500546388,0.18203007238164,0.18037562263266,0.17872068955042,0.17706527313492,0.17541082338594,0.1737558903037,0.17210144055472,0.17044650747248,0.16879157439024,0.167136641308,0.16548170822576,0.16407511177251,0.16266851531926,0.15443992606773,0.065332040754218,0.064910061818242,0.044795732536738,0.030914431403901
1462,GWP_100_AR5_CH4,Agriculture,AUT,Austria,6.2710420016126,6.3753189724325,6.3350909543292,6.4005815979373,6.579132056699,6.5656323295891,6.5070403119907,6.5842947358261,6.6421118837954,6.7891115989488,6.7486015204945,6.6476120309573,6.7553976649249,6.7931045669224,6.9368711405648,7.0219516382397,6.9610796773936,6.8902613804693,6.731927731763,6.594916520548,6.6207012450395,6.6407477283596,6.5590959565087,6.3532486378648,6.2921060806223,6.0576351842751,6.0655979702588,5.9858503899719,5.8527358107679,5.850871494291,5.781465926776,5.7874871581259,5.7418978380128,5.589270040908,5.5171690051102,5.3999849951062,5.4203787178718,5.3953915047063,5.4458136521442,5.4312590025553,5.5451018426605,5.554346725874,5.4710215963136,5.4509005191188,5.4632159256114,5.4809440226525,5.4717629054969,5.4694473016546,5.3833215971202,5.3052110898157,5.2680854618609,5.2964576372324,5.2946821872865,5.2966010363911
1484,GWP_100_AR5_CH4,Agriculture,CHE,Switzerland and Liechtenstein,4.8833322021868,4.7497997890812,4.8036414726788,4.9887033158915,5.0759891757597,5.0390172048269,5.1260341933924,5.1397667402274,5.1888187346772,5.2263565469128,5.2388893524558,5.0850575569756,5.0672418677052,5.0932010302331,5.1028487469607,5.0569291679715,5.0091516995466,4.88895306877,4.8718699537421,4.9093152886466,4.8814452570363,4.8321519959494,4.7209704850336,4.6695449536099,4.6265011755653,4.5372716832885,4.4942709305211,4.3558563288548,4.3274486191371,4.2093467081713,4.1716967039803,4.2237177871945,4.1947100329252,4.1384230614735,4.0707335709477,4.0923540600624,4.1164533163782,4.1176245511955,4.2093258200616,4.1419923345414,4.1633333672771,4.1311067578828,4.1039752970117,4.2270224743832,4.2583175259341,4.2194131351513,4.1887562588743,4.1699768984919,4.1677182037178,4.0841372140971,4.0616005137913,4.0625948698628,4.0713338421493,4.0750672167037
1500,GWP_100_AR5_CH4,Agriculture,DEU,Germany,52.245202381359,52.058476084034,51.678357635261,52.347292786475,53.633537768662,53.980537078113,54.103273537994,54.254879285707,55.446936615082,56.33682337271,56.776397056841,57.208347689713,57.140870961142,57.60947050754,58.637490467099,58.955505708309,59.189283514185,58.034417546616,56.913894672334,56.473911500736,55.666969500906,52.286954873592,46.709474869359,45.28915094395,44.614209398841,44.681072473688,44.385805203926,44.213270674709,43.20551278469,42.924542798891,42.20427214128,41.982138266151,41.317880605959,40.503216693476,39.448249103603,38.639007267922,37.950434451804,38.149782589941,39.169462109613,39.195036591294,38.980786504817,38.824110600236,39.008694432066,39.458521631084,39.656345468857,39.626149112545,39.299745747949,38.987961556592,37.935938532216,37.102445057475,36.295805836091,35.141796099296,34.49559611231,34.494663991509
1668,GWP_100_AR5_CH4,Buildings,AUT,Austria,0.78769221071408,0.62295560261144,0.58362684254364,0.63933385243588,0.59341142722064,0.56521963674932,0.55643019038768,0.5314168722758,0.5391965625396,0.63290693001984,0.6541133124316,0.72263387946386,0.78471891171492,0.7555178909929,0.8290881017342,0.86121456279656,0.86284394157038,0.87775396651166,1.1897351039987,1.0444378830644,0.80176136668922,0.8825393612924,0.81105485667976,0.78073603391042,0.71699760514648,0.75501198411562,0.80504816929628,0.73465264109202,0.70337052857512,0.7181667722866,0.6709815376173,0.70837187243732,0.65607679679388,0.6508016689559,0.63450399999784,0.62940993088414,0.6541468462158,0.6525609577697,0.6619893740782,0.67000498589318,0.75328673500248,0.70517268828748,0.73667430410938,0.75816203888152,0.66703727069378,0.7091288853908,0.72277445778398,0.73973270087332,0.68289817263962,0.69497764421372,0.69487468602314,0.78503169561978,0.6279281735853,0.62637259445699
1690,GWP_100_AR5_CH4,Buildings,CHE,Switzerland and Liechtenstein,0.23284994936,0.22063859076,0.20658326416,0.2238044606,0.19282987332,0.17579475144,0.17615518368,0.17583484968,0.11697410452,0.12249369216,0.12680445316,0.11547060616,0.11581579464,0.135242415,0.13123457004,0.14519495984,0.14389048576,0.14168923832,0.14019810168,0.13968444112,0.27797415604,0.30566981256,0.29625287048,0.23810139304,0.2207231362,0.2311616804,0.26239661504,0.2307724104,0.2355841194,0.2162819708,0.20420111432,0.208954179,0.20543798296,0.2276728566,0.2154165118,0.23106518456,0.2197931414,0.21036264704,0.24904051564,0.27118893928,0.29211719656,0.24158077412,0.26953020108,0.2884826056,0.24326404424,0.26041795724,0.27769822528,0.27278136452,0.258080647272,0.261183373612,0.259372984752,0.295806020328,0.24595220692831,0.24510326508336
1706,GWP_100_AR5_CH4,Buildings,DEU,Germany,8.2609348929338,7.0948850395216,6.7221610063048,6.2622635413965,6.1247284778324,5.5639042746732,5.4815948764097,5.3309024158648,5.1448631647494,5.6742502698165,5.7761869422513,5.8252411159229,5.8008106012875,5.253768937052,5.5220674621811,5.986253669006,6.0384925817334,5.950358205504,5.5462043888388,4.9358931094087,4.9248812014195,3.804093973401,2.7672909907041,2.5849589479298,2.3520926934807,2.0023190607525,2.0847529757687,2.3383201703326,2.1409651497835,2.0356806701574,2.0843881525415,2.1251584946164,2.0613151428383,2.4530489453294,2.4331176701846,2.4037727402156,2.774476693112,2.8045928061026,3.3080516175473,3.0250165583327,3.6855287915015,3.1759644774172,3.5962906775606,3.7514170841784,3.0197234200003,3.1045585906644,2.9245271982408,2.9682332211358,3.1252642481357,3.1230639627443,2.9746480286788,3.4483824946348,3.4079937331162,3.3772758450427
1875,GWP_100_AR5_CH4,Fuel Exploitation,AUT,Austria,1.3730923299574,1.3958376083214,1.4059490332772,1.422240085905,1.3985488775908,1.3561630089494,1.3654883217863,1.358166201928,1.3667506334708,1.2696324212694,1.2658361569722,1.2610379779257,1.3118943763532,1.2574291213645,1.2381771860113,1.2673738711019,1.2414781465564,1.1279372864483,1.0252251304708,1.0117395540698,1.0863418464338,1.0342824160153,0.99013897856852,0.98215217455748,0.92422147035605,0.9253975544129,0.89519555653513,0.90921994117502,0.93421155385452,0.96937272690729,1.0098372074156,1.026353261898,1.0634368002058,1.0447235693087,0.89908296342626,0.84414212561538,0.87316232116916,0.8936741831826,0.77421772191449,0.7852760867394,0.78841086416755,0.76514855373205,0.77922244189602,0.75556981448516,0.77016322889025,0.76384251988207,0.75184874130042,0.74694212450994,0.77673935398113,0.77417839291103,0.75151999832625,0.75114487296214,0.74945531360274,0.76950823419978
1897,GWP_100_AR5_CH4,Fuel Exploitation,CHE,Switzerland and Liechtenstein,0.03865449556,0.0509349094912,0.0769630038184,0.10778171900075,0.10949754825043,0.10974695614136,0.11158736242181,0.11347714011315,0.11555890983503,0.11916594720726,0.12481758219586,0.12923369356592,0.13257594411226,0.13656041353555,0.1406154956796,0.14857492375219,0.15282878304285,0.15585319937146,0.15980054595106,0.16487220691259,0.17062340180323,0.17826026975327,0.1809464155064,0.18580519368568,0.18858207488969,0.18907901914661,0.19673140310475,0.19679861365457,0.19669326686209,0.19594379395232,0.19469751547965,0.19882776484003,0.199654970635,0.19945559976623,0.23595317386704,0.26997892548118,0.30430580656251,0.33591305358508,0.36804724077024,0.39818203410884,0.42695196097934,0.45589522625661,0.48216920783474,0.54029705549029,0.60334638050058,0.67314225273918,0.72514892816994,0.78108573038776,0.84247636664441,0.90911826407376,0.98141516217002,1.0595332845079,1.1458239240954,1.2184800444168
1913,GWP_100_AR5_CH4,Fuel Exploitation,DEU,Germany,62.138913476532,61.939639618694,58.20973130227,56.374771435912,55.736107144561,54.705800966906,53.649241759983,51.295137420232,51.022907035456,52.727477554082,53.531521922966,52.626122903789,51.049357595953,46.191399288454,42.898578470912,44.531486031853,41.79390902791,38.321860653847,36.738631764655,37.398391084949,36.631091129584,33.05131015276,31.920713570941,28.352561383262,25.904845484574,26.56133349502,24.850150771344,23.962359781194,22.083875243994,21.798321735795,18.810830380666,17.373960086098,16.406138346488,15.644566013531,15.430523345694,14.430241534349,13.93186616002,15.635901327028,13.940818211651,13.426088923648,13.500271231663,13.774992654111,12.619339226935,11.494288744773,11.563065558422,11.423509041525,11.271748240109,11.263929981976,11.164071899159,10.341080310053,9.7297420715085,10.235457619942,10.387285140579,9.7323177952406
2080,GWP_100_AR5_CH4,Industrial Combustion,AUT,Austria,0.0126912808876,0.0131763378124,0.0132363716744,0.0142442748504,0.0154416322592,0.0141105545924,0.0149396503676,0.0152873994756,0.0183531466244,0.0217275262064,0.01933900472266,0.01950190438798,0.01940954033718,0.02091146700972,0.0231158614344,0.0245366145136,0.02660284475758,0.02658063455026,0.02643042951024,0.0237528738573,0.03295868510802,0.03429544229426,0.0335997991819,0.0329201613972,0.03025720261452,0.03243480302104,0.03145516709496,0.03537893927526,0.0324890265679,0.04054080713298,0.04079415087398,0.04411308494852,0.04003248177586,0.04452860197772,0.04759796256488,0.05561625612914,0.0598193787828,0.06265748025712,0.06083581506282,0.05850876450314,0.06186733600096,0.06098316444948,0.06188398709206,0.06020414467928,0.05928447352884,0.0586853697619,0.06343518512422,0.06298610186694,0.06042788501022,0.06005489186354,0.05836158681556,0.06218135584066,0.066261645062325,0.0658902744858
2102,GWP_100_AR5_CH4,Industrial Combustion,CHE,Switzerland and Liechtenstein,0.0113818908,0.0105250628,0.0102142768,0.0112081956,0.0103291636,0.0092528856,0.0090701744,0.0094816092,0.0137198152,0.0135075388,0.014810488,0.01774285436,0.01628592364,0.0161014882,0.01662683624,0.01680062216,0.015539972,0.0141911224,0.0130699576,0.01285995648,0.0145823188,0.01564122588,0.01412551532,0.02020551232,0.01833100472,0.02003174264,0.01945258028,0.01683578764,0.01655850336,0.01946360668,0.01961084888,0.0205306878,0.01921401468,0.01967281988,0.02005486588,0.02013074224,0.02106595708,0.0207481848,0.01930543104,0.01807441804,0.01941445688,0.0188585418,0.01939309204,0.02010256388,0.0190360128,0.01885972116,0.01998807916,0.019701809204,0.01878273635,0.01892056439,0.018826996874,0.020365487408,0.020480922924514,0.020448699874836
2118,GWP_100_AR5_CH4,Industrial Combustion,DEU,Germany,0.31988276684224,0.29678280871036,0.29260050569036,0.30410546393318,0.29975933047158,0.2797921319053,0.27920149415144,0.27346468658264,0.27589997936676,0.28437794433328,0.2639338196957,0.25656372919786,0.24113221877598,0.25221760577706,0.2511708647224,0.24553979697268,0.22831100852294,0.2180709969228,0.21912217388362,0.21482016659348,0.2089502209662,0.16123446486826,0.1486654462552,0.13339949554414,0.13078356493216,0.12930522500602,0.12542713988434,0.1213329749429,0.1136107091056,0.10798574559416,0.10440398788274,0.09908757937764,0.09815736340284,0.1499627772223,0.15942208768738,0.16159475393474,0.16732213306396,0.18547245289062,0.17621573213804,0.1785693858361,0.2001194002577,0.21024217639796,0.20136659119038,0.20405689326918,0.2046643043928,0.2077685055404,0.21618843252944,0.21584734721424,0.21368405685886,0.21082101620454,0.21392391877878,0.22075778082078,0.2285059017474,0.22005917350537
2286,GWP_100_AR5_CH4,Power Industry,AUT,Austria,0.0048579654654906,0.0060580000553812,0.0061018514951862,0.005635171658632,0.0050479532845562,0.0047021081986699,0.0061507668759869,0.0058667075826409,0.0064759154646399,0.0067595322833147,0.0070851606426736,0.0082290405321004,0.0083920939228936,0.0092130712450356,0.011089619512676,0.013080057594932,0.014247226706016,0.013882053411997,0.016556356405977,0.015795773267819,0.01833115296635,0.020522478171298,0.021814366303064,0.025272882229308,0.029528571379416,0.030133305603324,0.035656293307474,0.032231013636018,0.032511634718626,0.034041653890947,0.03033114630426,0.03243625631207,0.035316180952541,0.038790076529684,0.042411295646183,0.046775840924031,0.053157849477978,0.060085682430717,0.067512379879671,0.074152275136468,0.083451611293699,0.086104695593217,0.090683485020946,0.087486997506477,0.083213104652654,0.086036186021049,0.08595628853349,0.088472561549846,0.085930526777583,0.085038985593578,0.087539060034648,0.089832099637542,0.087145693724403,0.086074322864597
2308,GWP_100_AR5_CH4,Power Industry,CHE,Switzerland and Liechtenstein,0.0002990389914624,0.0003931887033088,0.0005126348303104,0.0004434612625408,0.00034034,0.000391328,0.0004307189148472,0.00039632966137912,0.0047853741874411,0.0061413484204038,0.0059290257490128,0.0084362274695798,0.010018816004869,0.0096453596319231,0.01026595683755,0.012380000583007,0.014076344497767,0.014173404792806,0.014202283721714,0.014301857678663,0.021117258484175,0.022417973728357,0.022504404343627,0.022813356250535,0.024021671001669,0.02292925653139,0.022904481142382,0.024724350452919,0.026853197880522,0.028663180766427,0.030286200551558,0.032176331650478,0.033265959673581,0.033078797405797,0.034291328810995,0.035911706545047,0.038420803839927,0.038774597133457,0.039973094441706,0.037000816998325,0.03832394225005,0.039934395618985,0.04172186845813,0.042011067535762,0.042272206980271,0.041990162269103,0.043958086637761,0.045490634598202,0.045392696749274,0.04730072918079,0.04774470999739,0.048915005388262,0.047370896386536,0.047072369852107
2324,GWP_100_AR5_CH4,Power Industry,DEU,Germany,0.10904573517988,0.12169308807876,0.13090911504207,0.14483077066821,0.17139644308326,0.16809527601294,0.18184239220558,0.17913995533923,0.18974782434134,0.20074263954468,0.21185341543637,0.21356557142693,0.21746042311152,0.20741645566713,0.21029940939048,0.20451859726091,0.16608565672973,0.16418695885207,0.1750147215601,0.17664103193081,0.1706621586576,0.17479003365129,0.17848692974441,0.17774923643604,0.18434290949742,0.19047987396066,0.20481854210046,0.19952397087002,0.21498154778934,0.19899411083679,0.20229440925219,0.23007765069106,0.22502324655638,0.23383696528568,0.25080991160008,0.31451405239929,0.35050065186869,0.37117064376442,0.38967327889642,0.39639355333731,0.42574742853489,0.42674962251666,0.44526746857401,0.44360848771232,0.45118463682697,0.44733741197731,0.46234033849558,0.4629653710087,0.43396316726053,0.42619200738354,0.42214958473205,0.43290073215674,0.40824556977723,0.38852549416676
2487,GWP_100_AR5_CH4,Processes,AUT,Austria,0.008727020988,0.0086035023536,0.0089569427024,0.009396813888,0.0103195268176,0.008865114552,0.009690964976,0.009225321952,0.00991095336,0.011153127524,0.010555014624,0.010592090432,0.0096438376496,0.010464022492,0.01152437412,0.01110400424,0.010615533712,0.011033437912,0.01169668864,0.012158026608,0.011390626968,0.011342136078,0.0107466914688,0.011032031444,0.011481966496,0.0125956236,0.011589626888,0.012913207076,0.013035421056,0.012905741072,0.013787433744,0.01407707868,0.01447594401764,0.01479856009408,0.01518219556,0.01621914010584,0.01775802008624,0.01853180007644,0.01847944007644,0.01495620010584,0.0177236044174,0.01819433397376,0.01809948548128,0.01904915331508,0.01902033447468,0.018626541458068,0.018200448130172,0.019383954745422,0.017153832352547,0.018101759451965,0.016627453384572,0.018699073479185,0.017529825554414,0.016416829485671
2498,GWP_100_AR5_CH4,Processes,CHE,Switzerland and Liechtenstein,0.0031467268,0.00249234048,0.0031750768,0.003180464,0.0031846696,0.00263139128,0.0030581236,0.003628856,0.0034441568,0.0037238628,0.00320183864,0.00293279392,0.00207537596,0.00207878104,0.00259923132,0.00215291804,0.002327892,0.002368688,0.00244104,0.00244104,0.002215528,0.00222292,0.002228464,0.002220148,0.002072616,0.002079084,0.002079084,0.002403884,0.00202244,0.00177184,0.00206416,0.0022358,0.00221256,0.0021336,0.00299656,0.00314496,0.00277368,0.00314944,0.00281064,0.002166584,0.003308928,0.003217032,0.003190096,0.00290332,0.00290332,0.00290332,0.00290332,0.00290332,0.00290332,0.00290332,0.0026685584642322,0.002878777406098,0.0024622836078217,0.0022980087134598
2504,GWP_100_AR5_CH4,Processes,DEU,Germany,0.34203250815549,0.31963054349069,0.36241596647433,0.37940989953571,0.32332382136744,0.27649122360969,0.33018845800296,0.27401017373467,0.28666195600411,0.30189130876446,0.24911427380242,0.24025524055249,0.21828875447068,0.21966752296734,0.23171406296474,0.23121799353236,0.23675984098717,0.23647776840086,0.24709639586662,0.25621148128135,0.25448163628249,0.25306549080683,0.23394930400616,0.23552116717957,0.19411637022214,0.13820706374259,0.15442773666015,0.1678296760163,0.32444855701108,0.289221580088,0.2969400491456,0.29217155002,0.27711475036,0.29609188772803,0.29017070941628,0.29807097516,0.3061667398776,0.30819007373,0.277717731228,0.2412391672572,0.2514881078052,0.2337918740696,0.2254272245036,0.2235496884266,0.23083734950466,0.22863794567545,0.23910125997092,0.24389036476453,0.23996850404538,0.23471174666782,0.24199590242158,0.25810243546814,0.22781774415064,0.21965987974584
2590,GWP_100_AR5_CH4,Transport,AUT,Austria,0.081894208693117,0.092304989521095,0.1035391995744,0.11302499695598,0.10360647297257,0.10852054637619,0.1103969725821,0.11707099167177,0.11815189182218,0.1258208684526,0.12167698156238,0.11671937245129,0.11260146704919,0.11381634035908,0.11020488697145,0.10661796664085,0.10621581533937,0.10608327275198,0.10659960056136,0.10577843302772,0.10465556703009,0.10607300137454,0.097875115919055,0.088683139382783,0.080071116541778,0.072182099292583,0.070003254186421,0.063402408687459,0.065484922124489,0.058819731174813,0.055087556006122,0.05331572792926,0.0544469150808,0.053347041510485,0.049412334070887,0.046260531213518,0.04307300361804,0.041481750485666,0.038417807193077,0.036547989458769,0.035475116569349,0.032249718794396,0.031407081900051,0.031316796913132,0.030011312415957,0.029287774488973,0.028607178096778,0.027793402425701,0.027489790294064,0.026849405924445,0.022409004857553,0.023025150575219,0.022646248126453,0.021790743225675
2612,GWP_100_AR5_CH4,Transport,CHE,Switzerland and Liechtenstein,0.10026401013011,0.11188120419966,0.11696463780965,0.11962474414173,0.11658439342221,0.11490781685978,0.11516449913244,0.12176492223812,0.12315320222714,0.12261775027157,0.12979417903993,0.1338015133086,0.13472480206371,0.13884195513015,0.14075855455445,0.13822267892825,0.14427812751425,0.146538218506,0.14996068711642,0.15038737525983,0.15560986973668,0.15333876709213,0.15288777393628,0.13315779287205,0.12355077497788,0.107658662329,0.10248139299657,0.097909724584416,0.08934007416292,0.079601573078458,0.072206973128442,0.067128268288286,0.062755083646996,0.059431841243936,0.055468827332636,0.050945273103163,0.048062104234695,0.046317792760181,0.044273959329435,0.041314960673921,0.038560800091552,0.036158728074025,0.034405005671202,0.032440985195744,0.030733115049204,0.028199612709831,0.027356644260708,0.026574873857745,0.026293948949423,0.025980022564616,0.023073547892401,0.023352454632324,0.022622644889785,0.022672952246171
2628,GWP_100_AR5_CH4,Transport,DEU,Germany,0.93374289407528,1.0276526424337,1.0838517148676,1.1120913955087,1.0898637487026,1.1764190015136,1.1804704127266,1.2535661516502,1.3729186995596,1.3956369978939,1.4285606902805,1.348696309344,1.3602197036349,1.3735451605539,1.4039853864046,1.3774992536056,1.4266893174617,1.4661397598861,1.5117146195307,1.5134365182418,1.5901967077972,1.5276335424802,1.4838713151352,1.4226258830773,1.2748912160784,1.1920069631031,1.1117123651743,1.0171548832002,0.92188018824937,0.81793652071413,0.67098736795396,0.62493924575507,0.58319383452891,0.52836180663647,0.48948254316825,0.43246034817358,0.41205657694237,0.3856644235816,0.36942347587848,0.35848788426772,0.33443984773763,0.32557822474126,0.31632086111425,0.31439075252911,0.30357319533113,0.28494238070804,0.27980735050499,0.27673367321822,0.26173321508656,0.27042807737182,0.2496839805204,0.21278167428881,0.20414543619452,0.19046136394243
2798,GWP_100_AR5_CH4,Waste,AUT,Austria,4.7633333441945,5.1540958008901,5.1748046433322,5.1930080135093,5.2134588120102,5.2184688157888,5.2346244471425,5.244315027277,5.2126453303192,5.2259715265931,5.2410758953573,5.2285571504372,5.215988421137,5.1941006941465,5.1951980716712,5.1898927553545,5.1871272465192,5.1464595928114,5.1252000128378,5.1203853036146,5.1285416462854,5.0762860015147,4.9308847137029,4.860480414386,4.6063177748989,4.3871173006084,4.1491358292345,3.9609348023529,3.8196344644882,3.672048294213,3.5272039518681,3.4090347211606,3.4508699669903,4.1610458108522,3.2761486263252,3.1734138236081,3.026383587192,2.7608284344482,2.6854247942982,2.5714590036476,2.5022566507309,2.379860317293,2.2078678842083,2.3681431257571,2.2831376002522,1.8562722454652,1.9017518316884,2.0811456203513,2.1921146284297,2.2272359587775,2.213736594753,2.2964936889842,2.3495706598829,2.3898005097935
2820,GWP_100_AR5_CH4,Waste,CHE,Switzerland and Liechtenstein,1.6945542330483,1.7933667388817,1.7814522944403,1.7708449912732,1.7570268827307,1.7360428347633,1.7279161703471,1.7182646419692,1.7053469643986,1.6984015990005,1.6918855401078,1.6827243104161,1.673206624821,1.6653233574832,1.660336098036,1.6555620136464,1.6531933981323,1.6529547332309,1.6524653869471,1.6499033740567,1.3985708047555,1.3489371666233,1.2404253541757,1.0948037532792,0.96789755731343,0.94183644242816,0.88153083167235,0.85647327426183,0.79679671494362,0.74164476595584,0.68465515556996,0.66551987644801,0.63413261040892,0.57778922055109,0.59367938876758,0.57952023822725,0.57253142559295,0.55464459906933,0.55479697109082,0.2199038914686,0.22831095012072,0.22499619912273,0.2153629665138,0.21398072462948,0.22835419495028,0.2330363729915,0.23281769165916,0.23437624762416,0.23120253953699,0.23203544010269,0.22720278948973,0.23019250908984,0.22873575558436,0.2284976692431
2836,GWP_100_AR5_CH4,Waste,DEU,Germany,44.16013827656,44.277501256321,44.472483336033,44.657597228517,44.632347338812,44.649561367448,45.073127415259,45.198388448637,45.436576128058,45.599493687308,45.686186240219,45.790470816931,45.05964371144,44.974035458938,44.875132030048,44.917318957473,44.674826144923,44.572244862447,44.652671910232,44.226001909745,44.375582516499,46.440750965263,47.365669775187,47.46910296352,46.542359414042,45.334822788207,44.196192981978,40.84817922733,38.5537559494,36.779258535143,34.920945785791,32.971911441377,31.368798470966,29.678735650882,28.03282613554,26.3177540617,24.582021535672,23.132491647532,21.812102360193,20.322570000243,18.906518932132,17.983819576416,17.261898736656,16.473505612465,15.686104854809,15.078419161275,14.365094674786,14.340736371482,13.001411649106,12.651288701552,12.248344171297,11.598033231043,10.885307785408,10.200326003858
3003,GWP_100_AR5_F-gases,Processes,AUT,Austria,0.6940151105,0.6993104135,0.6486279515,0.6872068325,0.7061188025,0.7123899465,0.723464704,0.7556499245,0.7630289585,0.786388482,0.79202049296,0.7991557206,0.7984718552,0.8083995834,1.2261648307,1.2653517827,1.185454991,1.146044475,1.112072157,1.0319425815,0.81208060183865,0.97266323876004,0.93235228658903,1.1886604960277,1.4481180599463,1.7708731762554,1.9340102219743,1.9692075479756,1.7989560858869,1.7305887168412,1.666743005346,1.8839440129801,1.9840929047267,2.0046432927884,2.0371648834881,2.0573986266252,1.8502445241848,1.8605936039341,1.8596587018263,1.7208739877904,1.8682314593159,1.9285344360519,1.9981484765034,2.0829231234058,2.1955526602718,2.3017092087746,2.3714554700304,2.3866740927019,2.4205487401772,2.3228598380978,2.2248121032148,1.9183010756262,1.762238267343,1.6709054916336
3020,GWP_100_AR5_F-gases,Processes,CHE,Switzerland and Liechtenstein,0.513501396,0.524829393,0.477704556,0.485860209,0.494016306,0.487417846,0.525430281,0.5616927265,0.5963149805,0.6779249065,0.7060488711,0.6741170284,0.6625263851,0.6464464773,0.7011810786,0.6847114338,0.7375534246,0.7074372158,0.6717340462,0.6782439687,0.47010779593153,0.47965799839215,0.47843570822435,0.45331992591656,0.47894218252636,0.628483033356,0.7089316550001,0.81328827312833,0.96053754251499,1.0343928371181,1.1779675724785,1.233973717225,1.344996668126,1.4018826477484,1.5531697730081,1.593352906282,1.4028497715008,1.429857108267,1.4956069609214,1.432871864409,1.4335962285266,1.5027972157505,1.604650980178,1.6671579378286,1.6892407585804,1.7097448385631,1.6091955218624,1.5878200595476,1.5638995533914,1.499481663994,1.46004162143,1.3792343348101,1.3229239907829,1.2846188921591
3033,GWP_100_AR5_F-gases,Processes,DEU,Germany,5.076962817672,6.162157126284,6.80035672802,7.778175793632,9.327873981368,9.60541001998,10.173455381216,11.254893707328,12.186867151564,10.921589709676,11.041933712012,11.118980757412,11.402038238956,12.099568750004,13.104507257716,13.54725838126,12.83475418576,13.017662631656,13.864733798852,14.372433741792,14.090960567166,14.43275073397,14.365073975327,17.392927581238,18.388449508864,19.408021184058,18.914248161818,19.552108063872,20.248455443698,18.952586212085,19.700148642953,19.934430171494,20.15361335854,18.556083772891,19.853721988265,19.24934502681,15.738181652571,15.909503596551,14.692589913895,14.222313999857,14.126688005305,14.417945647136,14.497802350535,14.516188851758,14.71670964883,15.064362336745,15.262838596265,15.341390712121,14.468124930316,13.776692498275,12.293568178339,11.642072154902,10.789848815126,9.7942342540761
3161,GWP_100_AR5_N2O,Agriculture,AUT,Austria,2.2969420227834,2.3407714588116,2.3071679350133,2.3461190278858,2.3618520040012,2.3335822467545,2.4603772094021,2.4687240894009,2.5345792754612,2.5735015168623,2.6078504329934,2.5588054184948,2.5634958706295,2.595021440161,2.6666804511857,2.7193172299157,2.5438268092655,2.4968787417118,2.5618355904161,2.4255317818539,2.4863577188309,2.4535927922033,2.3751032581182,2.3017012316808,2.3127113011957,2.2512227288596,2.300599213353,2.2695609222545,2.2469450697564,2.2149992834786,2.135634811101,2.1431581726226,2.0486558395496,1.9734268967163,1.998076836162,1.9969940532805,1.9830730465795,1.9821515935532,1.9428241359998,1.9237806680813,2.0182842056957,2.0368939058664,1.9753610079809,2.0087832993111,2.0983989295472,2.061076897245,2.0828948714807,1.9861159329046,1.9472345808989,1.9901689258258,1.9822127098656,1.9176598813393,1.8869393817398,1.8732244544968
3183,GWP_100_AR5_N2O,Agriculture,CHE,Switzerland and Liechtenstein,1.5279963364521,1.500096806071,1.5137219987514,1.5705310556227,1.5784508959236,1.5864465757927,1.6529953139282,1.6755677764659,1.7382967027098,1.7481748765582,1.7559232393139,1.7002039252304,1.6829430901588,1.7234396432376,1.740321832645,1.7288653225263,1.707867688553,1.68671537668,1.6938898921728,1.6984476909183,1.6554284894173,1.6310242492578,1.6069290828822,1.5866979679182,1.5903131063093,1.5720282072907,1.5577627223771,1.5051096654119,1.4963582367627,1.4336687829766,1.4467592366866,1.4576313600182,1.4211056022714,1.4164877574311,1.4141922893068,1.4300029777146,1.4143106596522,1.3713534680935,1.3673038383162,1.3517875897284,1.3412052599343,1.3877705743846,1.3033304713813,1.2905564011274,1.2846696715424,1.2535648420673,1.2381832270613,1.2941125991515,1.2947054276118,1.2922554895883,1.3849736114864,1.380276645338,1.4186359121863,1.4580507728466
3199,GWP_100_AR5_N2O,Agriculture,DEU,Germany,27.10296322239,27.336071993748,27.215425778953,27.4361022422,27.865182611644,28.062153232391,28.927508434725,29.235806286242,29.813653526013,30.383665077922,30.876053898147,29.920390289636,30.500750414718,29.871165918856,30.697043510715,31.401599227991,31.354010001659,31.414599825498,31.474795027604,30.725109475572,27.953412723007,26.60131847224,24.953147949937,24.398649696455,25.205155485375,25.17384560277,25.119094792798,25.400152556327,25.774862584254,26.302376668541,25.361440576052,25.190493242191,24.842559952215,24.734900857684,24.735923852904,24.610619641829,23.408651783987,24.367599295083,23.69479596201,23.669620018227,24.471195699646,23.632502527726,23.88784819016,24.311879965412,25.25956311167,24.562851377213,24.089548816326,23.236514499,21.835411687688,22.109899811083,21.358978613216,20.671541997587,20.087562691373,19.665003341984
3368,GWP_100_AR5_N2O,Buildings,AUT,Austria,0.07028920514605,0.06327842509965,0.06185184183345,0.06838525699075,0.06307681127115,0.062533571895,0.0641930048471,0.0632762825826,0.0655678629329,0.0741091880457,0.1811451873932,0.18290236116715,0.1890226419843,0.18741389737625,0.19522521478315,0.2007044975413,0.2016443858196,0.20410161466745,0.24236154490605,0.2256112114883,0.17436733337655,0.18449549190895,0.17715522724485,0.1768453449501,0.1697042136138,0.17681960490385,0.18566351095455,0.17733367644285,0.17415608981375,0.1772481681482,0.1705781702631,0.17600352644875,0.17006684187425,0.17069561240395,0.16703761693145,0.1663629358222,0.16650533423205,0.1638873991128,0.16465698137545,0.1633849988522,0.1737334228565,0.16676640558585,0.16940568999285,0.17381259958035,0.1610923957079,0.1663827293718,0.1678409914376,0.16997902441995,0.16219435891635,0.1625063812133,0.16219632622865,0.17533074174575,0.15409317184679,0.15383432131846
3390,GWP_100_AR5_N2O,Buildings,CHE,Switzerland and Liechtenstein,0.0667785293295,0.06811806403095,0.0674525747276,0.07377602840005,0.0645836166915,0.06647267916875,0.071138279941,0.07012776753825,0.0704789278707,0.0692881901048,0.07006766314,0.0642238941799,0.0623651843601,0.0662379372,0.0676546431,0.07429715695,0.074365475275,0.0725332772,0.072462899825,0.0713003753,0.063285937105,0.068686993,0.067481283545,0.059023452331444,0.05472873864802,0.057577323427145,0.062640872713617,0.056264680375767,0.05842145614355,0.092356678149636,0.052415238871904,0.054570120513921,0.052528187756388,0.057011376139091,0.054927877508914,0.056827142783998,0.054994215823238,0.050695565448612,0.056478186743887,0.060209421140675,0.064065002682984,0.052003819951351,0.057125610517958,0.059934741854979,0.049052649624855,0.052159422488854,0.054815711762712,0.052980719388773,0.049492056601763,0.04959491296652,0.047738792904137,0.05389776984504,0.044293140016566,0.04427540779759
3406,GWP_100_AR5_N2O,Buildings,DEU,Germany,1.2376136528867,1.1826671759579,1.1871197648896,1.2017380067321,1.1386156810426,1.1220125422604,1.1456397353237,1.1120295367132,1.1005792324147,1.1456285521689,1.4137773483319,1.4024509715429,1.3392558528589,1.3189994114154,1.3723595743342,1.4218214055035,1.4507404587924,1.4066802689712,1.3805926895127,1.3058573102617,1.2813722264012,1.2044933994068,1.1418325555964,0.99075235723014,0.96494628383216,0.93629781942189,0.97250009704551,1.0138315782953,1.0119380325256,0.42221048673399,0.42288956548663,0.45469898561718,0.42900294558928,0.47344875561783,0.45898174648439,0.4537831832921,0.50894936062741,0.45248986542847,0.55780316296656,0.50402011812525,0.57890054771035,0.49852125682403,0.56191069900559,0.61413073469495,0.50938888248292,0.51927469153555,0.50756205257289,0.4990199444787,1.069085130112,1.084277734749,1.0729338566019,1.1132545463948,1.1285251902613,1.0873238508471
3574,GWP_100_AR5_N2O,Fuel Exploitation,AUT,Austria,0.0015513463735422,0.001584418405215,0.0016619271999479,0.0015761844538779,0.0015384955847427,0.0016177624411743,0.0019545428068629,0.0016701778724417,0.001600272379252,0.0014899885245967,0.0018924625783918,0.0020908845022667,0.0019617097123572,0.0016486356009833,0.0013983741242369,0.0012148184218647,0.0014801677393288,0.0015077355996472,0.0016785554413079,0.0014894182040549,0.0038595790356113,0.0040241072126578,0.0036429762994496,0.0041300762008256,0.0047263912972078,0.0041404907418516,0.0035164990529382,0.0027973065454411,0.002987161092852,0.0021693233024148,0.0025786711509299,0.002743625275167,0.0033965314858521,0.0025953110722518,0.0032452371862993,0.0041864938156536,0.0042801077135793,0.0048028367826766,0.006135683839254,0.0043465762889743,0.0059130636233978,0.0065679299558745,0.0054387403177806,0.0051676743374862,0.0054214669281221,0.0038652169976975,0.0035269855646117,0.0035119119313018,0.0024991591166676,0.00334491960072,0.003817042588473,0.003570290052288,0.0031948753830348,0.0034106464626707
3596,GWP_100_AR5_N2O,Fuel Exploitation,CHE,Switzerland and Liechtenstein,0.000280272745,0.000305315245,0.000273127285,0.000760398685,0.00075749243,0.00058010355,0.00054712695,0.00050190729708608,0.00042336912259042,0.00043688442218938,0.00049887820418369,0.00053149744894938,0.00043895874380177,0.00045167874380177,0.00048483029789929,0.00040201192925821,0.0003922985728889,0.00041881438234533,0.00039932833498642,0.00036985798695844,0.00032518261690968,0.00030957368465549,0.00034762892297603,0.00039061162210153,0.00047593968595525,0.00051244837378099,0.00050712179649882,0.00051813258900401,0.00048571243490649,0.00052530343104238,0.00052277545082975,0.0005452182351399,0.00050775775785773,0.00051381575059634,0.00069071890329338,0.00074928656874983,0.00083699879123424,0.00073464274216789,0.00081912731874983,0.00075266533807037,0.00076156937284735,0.00067815801148843,0.00069936880082975,0.00074258477284735,0.00081330798057557,0.00030447657085053,0.00020284377471464,0.00019386982244286,0.00018245491021236,0.0001611820800009,0.00016246573083164,0.00014984862506468,0.00018977460901936,0.00017665220941917
3611,GWP_100_AR5_N2O,Fuel Exploitation,DEU,Germany,0.075373841147372,0.075952562899218,0.068605647017104,0.067340065103429,0.065138104936011,0.058453276332711,0.064127173176617,0.066551726543398,0.078778810290012,0.078264218254696,0.06997990916809,0.060629680135856,0.058370564183658,0.05380038488406,0.04973684995957,0.049423826809347,0.050159392948265,0.054245422544911,0.051802970911124,0.048381295995084,0.048918024614752,0.05949703385977,0.053776181985775,0.05499237521065,0.059485295653364,0.060105339162804,0.055352350672441,0.050581353227049,0.056944243810891,0.051625518349237,0.048638990492325,0.04658629753842,0.04563446093752,0.029987486405874,0.035776482870162,0.029427436160284,0.03231347196159,0.028280904654691,0.027108965937779,0.026422155010595,0.027364051927855,0.026192980106861,0.024242697315193,0.023111758072821,0.021308146367196,0.022695590256802,0.021967389089297,0.020760118082427,0.02065610625783,0.019968866447321,0.019784803780683,0.019661374487589,0.020586798755457,0.018438095202269
3772,GWP_100_AR5_N2O,Industrial Combustion,AUT,Austria,0.0239135147177,0.02411124802135,0.0238269071474,0.02449577372205,0.02637747460795,0.0237542997073,0.02483580572665,0.0253744928851,0.0289038713814,0.0328808284117,0.02799526336125,0.02794409830605,0.0274120620805,0.0290964910145,0.031879609816,0.03441215369375,0.0365623304336,0.0364163348634,0.03597633961445,0.0327884867025,0.04445070448485,0.04652487433015,0.0449968070694,0.0447208410143,0.04103556311075,0.043740866875,0.0420592826842,0.0478846896936,0.0438402476891,0.0534094396174,0.05352940040305,0.05786690184775,0.05230500005815,0.0582174296411,0.0622235024069,0.07252575164255,0.07776220522025,0.0811742551759,0.0787952816946,0.075628976142,0.0798489338369,0.07873316795505,0.07981925140685,0.0773952056576,0.07620309093845,0.07539738339085,0.08164825593505,0.0809162155546,0.0776450130592,0.07739135291005,0.0751284385452,0.0800131536214,0.085237232427202,0.084874801773106
3794,GWP_100_AR5_N2O,Industrial Combustion,CHE,Switzerland and Liechtenstein,0.020580383625,0.01935148455,0.0188582586,0.0207355239,0.018773674575,0.016768724325,0.016347867225,0.0169820268,0.02249148015,0.0218304827,0.02369398125,0.027379637025,0.024526978275,0.0253972449,0.024978461425,0.02546105425,0.02329821965,0.020810639475,0.018927255325,0.018402822975,0.020918078425,0.02232762747,0.020257607795,0.027634282415,0.025223802135,0.02736685157,0.026479270905,0.02312018311,0.02283254204,0.026645954845,0.026279790565,0.02759919191,0.025668980405,0.02629154305,0.02677764103,0.026801104925,0.028652842775,0.028085124,0.02612431533,0.024461493595,0.02608480542,0.025206715465,0.02570421719,0.026617537835,0.02555549548,0.02528833096,0.02669335937,0.02618781622,0.02489939046,0.02490418113,0.024795047505,0.02673390808,0.026922273989307,0.026909625673006
3810,GWP_100_AR5_N2O,Industrial Combustion,DEU,Germany,0.5843621157834,0.5494282173988,0.53492357139285,0.56138827035595,0.5420077918671,0.50608070270935,0.49786848223605,0.47714909351295,0.4820612894257,0.4936884352398,0.45659562682305,0.4449966196603,0.4186947475993,0.44814790054235,0.45374367391115,0.45182092048135,0.41085719965235,0.39853410296245,0.39689369356799997,0.3951953312891,0.3577565678183,0.26991636704985,0.23422964635675,0.2002297221951,0.1908528497821,0.1857760786059,0.1772319267328,0.1698803801866,0.1579363722507,0.1479847768477,0.1412282441242,0.13304556250395,0.1322582781724,0.20069954219765,0.21087805436585,0.2128686571316,0.22130769515145,0.24392542033685,0.23216946996895,0.2343449904449,0.2608571798248,0.27402603758005,0.26174414174395,0.2648308087784,0.26519086863765,0.27000244325805,0.2793837199366,0.27850256016595,0.2751669123868,0.27106984496245,0.2757528280122,0.2844054706415,0.29458616198348,0.28226638314936
3978,GWP_100_AR5_N2O,Power Industry,AUT,Austria,0.01455532018045,0.01970183885845,0.01891848050455,0.018435694030291,0.017476624001988,0.016478634977188,0.021465566084566,0.015782803542876,0.017424439980549,0.01661531022866,0.01962575313965,0.0218835897971,0.0215491359365,0.02339573473032,0.0272354426439,0.029154478185759,0.028996626286379,0.030752518564621,0.032011212841619,0.031733138311743,0.042180430629449,0.047146435869021,0.039505703917948,0.039938820370374,0.044673269894477,0.049398607902788,0.056338813274805,0.053840550056738,0.048973382001899,0.051176008283865,0.05095917702742,0.05719117073651,0.058572018251927,0.066609311557373,0.070886450044566,0.073114170218885,0.082186985919373,0.088496197643293,0.094734335785666,0.096895377750355,0.1107097795606,0.11638059651844,0.11976037778557,0.11698392571697,0.10858113450737,0.11094894467502,0.10737097755897,0.10773738927102,0.10587564060572,0.10316748648219,0.10382148985142,0.10465781026319,0.10262805477035,0.10230164621543
4000,GWP_100_AR5_N2O,Power Industry,CHE,Switzerland and Liechtenstein,0.000971693140944,0.001296207716928,0.001691790835824,0.001448110096848,0.0011429715,0.001331148,0.001450631411682,0.0013932574682641,0.0063773952138036,0.0080322060556302,0.007507110255796,0.010748834997945,0.012758363190936,0.012275569928281,0.013178728653012,0.015936537659943,0.017979643544704,0.01789604408129,0.017887559098297,0.018185252630143,0.026120686386785,0.027579001191968,0.02786122245038,0.027937915998408,0.029425630500228,0.028009718624816,0.02774401722112,0.030027823035552,0.03297080838048,0.03498673727944,0.03707381445112,0.039472238128304,0.040812389116192,0.040417835655008,0.041854023325006,0.044066308127152,0.047365257507866,0.04786748069748,0.049378603274488,0.04563076894045,0.047035948807162,0.049323509832226,0.051614883311431,0.052033352779155,0.052792340255669,0.052234261827127,0.054492484384648,0.056543867231984,0.056528452135651,0.058909574260621,0.059493439289066,0.061072085775399,0.059253553875438,0.058914476629132
4016,GWP_100_AR5_N2O,Power Industry,DEU,Germany,2.0969141952176,2.1277236942027,2.1515469117143,2.2150853239823,2.2351060010639,2.1367179847091,2.3558426825065,2.2506553123363,2.2954279481816,2.3799258485629,2.4225398593567,2.5226731484522,2.8037106770822,2.807318820302,2.846295364244,2.7873932460147,2.7147056995438,2.6392476978327,3.3910333166858,3.8167810952708,4.1243940292082,4.2219751565068,4.1760972985915,4.276440743351,4.3033828385542,4.2992624199761,4.5350250468329,4.8926142717363,5.2603687118635,5.68752754401,6.4729105137812,5.5994296806435,5.0677198241409,4.4825160508346,3.9901673617996,3.4540404173108,3.2708241246552,3.2207332256862,2.8962254700866,2.6557486547157,2.8374560063008,2.8021871412402,2.854148761442,2.9320504861959,2.8291631673657,2.7620592000101,2.5159780459341,2.3618524464293,2.2819877290068,1.7982637521169,1.521246828591,1.7936008456182,1.8651516575424,1.4333641642427
4186,GWP_100_AR5_N2O,Processes,AUT,Austria,2.1975519771946,2.2920718384151,2.394409736154,2.5917632315286,2.7059234413936,2.6059104680786,2.6086536151605,2.6175211247725,2.5906996824054,2.5914874346022,2.4531740627639,2.329851012729,2.1031573855383,1.9737246499201,1.9287890067159,1.5933215336642,1.5612890167059,1.3767618068035,1.4505266448274,1.2557798445862,1.1919164307277,1.2200002645392,1.1397060675456,1.1803721982265,1.1129279535407,1.1396911128738,1.1794911731806,1.1539423345006,1.1902249913825,1.1839197542694,1.2128998985101,1.2353383820653,1.2472159576693,1.2990217139491,0.74427717257494,0.73377849094446,0.72260871922046,0.66936975902541,0.67492778231733,0.61796643860361,0.63725007055911,0.61346473447371,0.60126183082517,0.57818131130992,0.59671547630188,0.59296528916812,0.57875679573698,0.58300317566646,0.57270289911087,0.56395236522829,0.5263373176799,0.53525505305894,0.49361190496956,0.46145986210298
4208,GWP_100_AR5_N2O,Processes,CHE,Switzerland and Liechtenstein,0.56001788630754,0.58581531101983,0.60573125436226,0.64844839725373,0.65247700602429,0.6246103056979,0.62480336586407,0.63310735390996,0.62986169558076,0.62515888278915,0.61368866668509,0.6000246497809,0.56085919397219,0.55243686807459,0.54457580824894,0.5308646709825,0.54374308398655,0.50420738484611,0.47166694993982,0.45126470502071,0.37892605200631,0.37483986604663,0.36472096536629,0.33409322293064,0.32895619529635,0.31249412678927,0.30046712505602,0.28406273207874,0.2765040297034,0.26226094590288,0.26020968217346,0.25535355718189,0.2472802747825,0.23884617240758,0.23559490041379,0.22429629978418,0.22445018941697,0.218889512222,0.22977207934466,0.21897030091194,0.23017042047974,0.21296890373367,0.21926044441183,0.21895959750705,0.20968598010243,0.20467532398039,0.20544678307463,0.20328039741416,0.20109621260971,0.20013809573669,0.18900049851746,0.19644973835282,0.18056696771494,0.17593379895891
4224,GWP_100_AR5_N2O,Processes,DEU,Germany,34.013418037863,33.602928980518,33.4875366647,36.012323763412,35.111191894141,33.580150609129,33.10183361195,31.461738032667,32.511433470384,33.0193315735,30.924125354683,30.884391813787,27.598414599435,29.920293649469,30.873949619194,26.879681224431,25.16986922039,26.07364320985,25.736531617357,28.695228881964,27.804098707702,30.566647856679,29.810175815682,27.463831914925,30.174933696519,26.730737104017,28.436065371839,24.918450337958,9.6329583351828,7.678813632847,7.9488009706025,6.9979151840276,7.0288846170808,6.7497249847289,6.8636775546993,6.8972960490562,7.1985775143828,6.5885182523958,6.0606325420187,5.7738593517503,5.0644149508968,5.0218803632023,4.9509288989826,4.9957188527865,4.9341045312231,4.82408172551,4.8178245235026,4.6710100225341,4.6685908646871,4.6456473626244,4.7643430256274,4.9532396036769,4.4225754124751,4.1976006237564
4396,GWP_100_AR5_N2O,Transport,AUT,Austria,0.10495189107609,0.11513864602626,0.12750012656898,0.13255390161089,0.12051686679696,0.12428683795252,0.12666492853782,0.1332837698348,0.13838207997789,0.14418692625831,0.13226580244794,0.1309114913197,0.13278332387009,0.13994892462173,0.14149827258302,0.14679542086271,0.15410614203562,0.15947428904324,0.1658849176238,0.17250572491123,0.18038371448673,0.20753513554699,0.21003133753459,0.21541413863284,0.22119358378671,0.22589526076788,0.22093476832146,0.20652538970173,0.21849432761844,0.20512988691406,0.20300396240979,0.20992280115751,0.22728860703575,0.23774790949207,0.23698453389472,0.2404375835882,0.22808251888936,0.22657688447595,0.21512843867886,0.20722418418379,0.2107806754206,0.20529994989889,0.20748096467143,0.21595603513082,0.22110004398761,0.22822312967402,0.23572275631771,0.24081196645529,0.24305961426044,0.24390705030905,0.21376051614703,0.22091660520534,0.20904112542052,0.20902671076657
4418,GWP_100_AR5_N2O,Transport,CHE,Switzerland and Liechtenstein,0.094828022833771,0.10479329504618,0.10888755190593,0.11195657952186,0.10843195017445,0.10255016437478,0.10263105499728,0.10905154101609,0.1102838629669,0.11012704671514,0.11700162686916,0.12205146647878,0.12572761473148,0.13372832431871,0.13913158759059,0.14104972985829,0.15241149948271,0.15884365029071,0.16968690515284,0.17557906239806,0.18964958349058,0.20591859430661,0.21985994906335,0.21511123910359,0.22963228700381,0.2408952149,0.24376326448663,0.25188637291642,0.25281512309025,0.2534129956138,0.26602581000165,0.24960271989059,0.23593475775543,0.22502889321874,0.2122316292646,0.1984020477281,0.19053713576644,0.18603141420226,0.18118052458876,0.17160398682291,0.16292137645695,0.15821345983338,0.15635315081066,0.15483491471217,0.15272473955584,0.14853611679058,0.14784930658122,0.14577339538545,0.14674475810077,0.14636612126671,0.13527835738479,0.13682788747533,0.13551127131645,0.13754252067089
4434,GWP_100_AR5_N2O,Transport,DEU,Germany,1.2990440257389,1.370497789572,1.4265248054612,1.4700226476119,1.4589956485377,1.5148633755182,1.5882474049356,1.6394228711782,1.7302671415779,1.7675444575407,1.7806716372366,1.7070086881331,1.6819144974532,1.6663665783127,1.7087609207484,1.7198243206298,1.7866940817659,1.8441537092579,1.8969061194104,1.9301536040629,2.0152014699746,2.1081672427268,2.1311706510918,2.2252945749578,2.2238919509112,2.327157066328,2.3208078339986,2.3068528803238,2.2955120785462,2.2900946805857,2.1873132923516,2.0891813612965,1.9968868788608,1.8718038307369,1.7899666493288,1.6354341025791,1.5871386481271,1.5130299754148,1.4811883421016,1.4220108810733,1.4058334005118,1.4436324036889,1.4383087673503,1.4894959195495,1.532507915906,1.5520606356444,1.5833247456385,1.5854165841583,1.5136105601419,1.5349937304297,1.3783585240788,1.4625083386092,1.4238223451567,1.3452419465324
4604,GWP_100_AR5_N2O,Waste,AUT,Austria,0.13655152378614,0.13816933444829,0.13849406833779,0.14003742557128,0.13769006764115,0.13906613160004,0.1416192003421,0.14026585695795,0.14268196301638,0.14381991204341,0.14372908404948,0.14631151339532,0.14514483350455,0.14530563501181,0.14552277091246,0.1457976379098,0.14869076235842,0.15036879082806,0.14956853235511,0.15276232844841,0.15763441602607,0.15955515731125,0.1663662562775,0.17403276808875,0.18437961648785,0.18746094907353,0.19322211816047,0.19357765868381,0.19808435730456,0.20218274238771,0.19792330245653,0.20581854618886,0.21192591879068,0.21622851217944,0.22997428777657,0.23492148038107,0.23730853433514,0.23856137955304,0.23891017695747,0.24084202601475,0.2454742442175,0.24810108703611,0.25059196441855,0.24663449974254,0.25294897936039,0.25622106956055,0.26135161203172,0.2620654639662,0.26224237203619,0.26516420184588,0.26835614529956,0.27026250597466,0.27255176618954,0.2748670275572
4626,GWP_100_AR5_N2O,Waste,CHE,Switzerland and Liechtenstein,0.11496114909299,0.11447008773368,0.1171132598938,0.11860008865813,0.11563114025505,0.11359987273024,0.11794854504838,0.12217385956325,0.12310561273306,0.11980069748287,0.12426288141245,0.12575022538818,0.12416136089259,0.12270438526496,0.12465010903392,0.12554668492153,0.12536158659994,0.12863564780419,0.12617939242875,0.1270764513548,0.12979909079252,0.13213031357382,0.13377630537879,0.13339825305189,0.13484324807233,0.13620432022416,0.1387823541831,0.1398138007833,0.14223328622063,0.14488533025288,0.14643910453854,0.14747775438299,0.14780145730957,0.14752167507288,0.14721335577878,0.1473698825035,0.1487592412619,0.15045448151691,0.15229504414241,0.15325627442645,0.15497309758604,0.15526980240864,0.15585648039952,0.15833268898029,0.15955062679484,0.16032510285369,0.16481594589291,0.16547544021707,0.16585223862093,0.17094568622683,0.17216235213088,0.17394148137749,0.1762595083163,0.17861858065739
4642,GWP_100_AR5_N2O,Waste,DEU,Germany,1.1774499901342,1.193473527806,1.1958978620678,1.2101261064489,1.2110472442237,1.2241391307462,1.2368549737931,1.2238671569447,1.2738476214785,1.2726651671117,1.2962581925966,1.2815384732623,1.2917046044216,1.3146773074711,1.3263008994415,1.3397867001574,1.3427350080179,1.3601618320443,1.3791777392452,1.3610039733139,1.342928157969,1.3873301048041,1.4213395514975,1.4485189087284,1.593681344141,1.6967082606249,1.8277933297299,1.8784364998955,1.9093895396351,1.9817322485358,2.0641438531509,2.0275422067404,2.113466597883,2.088377974835,2.0575308634536,2.0585476976827,2.0730114622148,2.1212886306974,2.1135503347322,2.0917930039862,2.0903519687175,2.1013514169624,2.1107574320529,2.1257566117937,2.1237841336738,2.1542280476453,2.1675395331598,2.1874750249091,2.1660367380926,2.1803751420063,2.1864061246065,2.1962559128107,2.2041197963627,2.2129842624836
