,Afghanistan,Albania,Argentina,Armenia,Australia,Austria,Azerbaijan,Belgium,Bangladesh,Bulgaria,Bosnia and Herzegovina,Belarus,Brazil,Canada,Switzerland and Liechtenstein,Chile,China,Côte d’Ivoire,Cameroon,Colombia,Costa Rica,Cuba,Cyprus,Czechia,Germany,Denmark,Dominican Republic,Algeria,Ecuador,Egypt,Spain and Andorra,Estonia,Ethiopia,Finland,France and Monaco,United Kingdom,Georgia,Greece,Guatemala,Croatia,Hungary,Indonesia,India,Ireland,Iran,Iraq,Iceland,"Israel and Palestine, State of","Italy, San Marino and the Holy See",Jordan,Japan,Kazakhstan,Kenya,Kyrgyzstan,South Korea,Kuwait,Lebanon,Libya,Sri Lanka,Lithuania,Latvia,Morocco,Moldova,Mexico,North Macedonia,Mali,Myanmar/Burma,Mauritius,Malaysia,Nigeria,Nicaragua,Netherlands,Norway,Nepal,New Zealand,Pakistan,Peru,Philippines,Poland,North Korea,Portugal,Paraguay,Qatar,Romania,Russia,Saudi Arabia,Serbia and Montenegro,Sudan and South Sudan,Senegal,El Salvador,Slovakia,Slovenia,Sweden,Syria,Thailand,Tajikistan,Turkmenistan,Trinidad and Tobago,Tunisia,Türkiye,Taiwan,Tanzania,Ukraine,Uruguay,United States,Uzbekistan,Venezuela,Viet Nam,South Africa,Zambia,Zimbabwe,EU27,GLOBAL TOTAL
1970,0.02922856714297,0.11329999997369,0.10434285042018,0.055288202519284,0.31114284175401,0.0064428570016971,0.041466151889463,0.041747618170914,0.2085285356893,0.91787139920468,,,1.1410142662486,0.61704760766005,0.013619045676953,0.055628568286481,4.6383330009512,0.0047142848571429,0.032999999723714,0.16201426025828,0.05342856743272,0.4635714186676,0.042114285269023,1.6588617351826,1.5579142726303,0.0078571421154171,0.12697142574467,0.22125714234899,0.053009517985419,0.82578567975826,1.1007856951282,0.076597197240257,0.013776190105877,,2.78457141498,1.234828571457,,0.47771428580427,0.075428569161714,0.03889711510598,0.91818567896878,0.57823324544506,2.4619568434728,0.0336285670314,0.26923806656393,0.06332857124724,0.007228571428716,0.095385712167937,1.0350999468211,0.0075428569161714,0.55345711628921,0.071413928254075,0.018071428262046,0.15722582591421,0.41375706762857,,0.083599997154775,0.025404761481931,0.17317141998057,,0.057591877624254,0.20978570875571,,1.1997332960826,0.0090759935247286,,0.057357132428571,0.03645714286808,0.15190474363415,0.02954285715172,0.062333326767709,0.0095857135731257,0.00094285702857771,0.026714284863743,0.092242851017537,0.58331419990677,0.20239998676164,0.36959997996341,2.368038032036,0.64271424322143,0.22125714154983,,,1.0921428328939,5.0784097338415,,0.037816639686369,0.10575712843649,0.0028809518952423,0.20428571205663,0.22245255107826,0.0037816639686369,0.07919999640154,0.08580000001386,0.089571426307846,0.1272780495496,0.32827370245825,0.0440000000132,0.060814285629954,0.71819521857273,0.74485711732389,0.039757142611503,2.076519710981,0.012938093724078,3.218128450348,2.3767927634313,0.094966664204226,0.22471425630457,0.1554142763454,0.034571426861166,0.2200000000044,14.75233901978,50.083941052279
1971,0.02922856714297,0.11329999997369,0.10434285042018,0.055288202519284,0.31114284175401,0.0064428570016971,0.041466151889463,0.041747618170914,0.2085285356893,0.91787139920468,,,1.1410142662486,0.61704760766005,0.013619045676953,0.055628568286481,4.6383330009512,0.0047142848571429,0.032999999723714,0.16201426025828,0.05342856743272,0.4635714186676,0.042114285269023,1.6588617351826,1.5579142726303,0.0078571421154171,0.12697142574467,0.22125714234899,0.053009517985419,0.82578567975826,1.1007856951282,0.076597197240257,0.013776190105877,,2.78457141498,1.234828571457,,0.47771428580427,0.075428569161714,0.03889711510598,0.91818567896878,0.57823324544506,2.4619568434728,0.0336285670314,0.26923806656393,0.06332857124724,0.007228571428716,0.095385712167937,1.0350999468211,0.0075428569161714,0.55345711628921,0.071413928254075,0.018071428262046,0.15722582591421,0.41375706762857,,0.083599997154775,0.025404761481931,0.17317141998057,,0.057591877624254,0.20978570875571,,1.1997332960826,0.0090759935247286,,0.057357132428571,0.03645714286808,0.15190474363415,0.02954285715172,0.062333326767709,0.0095857135731257,0.00094285702857771,0.026714284863743,0.092242851017537,0.58331419990677,0.20239998676164,0.36959997996341,2.368038032036,0.64271424322143,0.22125714154983,,,1.0921428328939,5.0784097338415,,0.037816639686369,0.10575712843649,0.0028809518952423,0.20428571205663,0.22245255107826,0.0037816639686369,0.07919999640154,0.08580000001386,0.089571426307846,0.1272780495496,0.32827370245825,0.0440000000132,0.060814285629954,0.71819521857273,0.74485711732389,0.039757142611503,2.076519710981,0.012938093724078,3.218128450348,2.3767927634313,0.094966664204226,0.22471425630457,0.1554142763454,0.034571426861166,0.2200000000044,14.75233901978,50.083941052279
1972,0.02922856714297,0.11329999997369,0.10434285042018,0.055288202519284,0.31114284175401,0.0064428570016971,0.041466151889463,0.041747618170914,0.2085285356893,0.91787139920468,,,1.1410142662486,0.61704760766005,0.013619045676953,0.055628568286481,4.6383330009512,0.0047142848571429,0.032999999723714,0.16201426025828,0.05342856743272,0.4635714186676,0.042114285269023,1.6588617351826,1.5579142726303,0.0078571421154171,0.12697142574467,0.22125714234899,0.053009517985419,0.82578567975826,1.1007856951282,0.076597197240257,0.013776190105877,,2.78457141498,1.234828571457,,0.47771428580427,0.075428569161714,0.03889711510598,0.91818567896878,0.57823324544506,2.4619568434728,0.0336285670314,0.26923806656393,0.06332857124724,0.007228571428716,0.095385712167937,1.0350999468211,0.0075428569161714,0.55345711628921,0.071413928254075,0.018071428262046,0.15722582591421,0.41375706762857,,0.083599997154775,0.025404761481931,0.17317141998057,,0.057591877624254,0.20978570875571,,1.1997332960826,0.0090759935247286,,0.057357132428571,0.03645714286808,0.15190474363415,0.02954285715172,0.062333326767709,0.0095857135731257,0.00094285702857771,0.026714284863743,0.092242851017537,0.58331419990677,0.20239998676164,0.36959997996341,2.368038032036,0.64271424322143,0.22125714154983,,,1.0921428328939,5.0784097338415,,0.037816639686369,0.10575712843649,0.0028809518952423,0.20428571205663,0.22245255107826,0.0037816639686369,0.07919999640154,0.08580000001386,0.089571426307846,0.1272780495496,0.32827370245825,0.0440000000132,0.060814285629954,0.71819521857273,0.74485711732389,0.039757142611503,2.076519710981,0.012938093724078,3.218128450348,2.3767927634313,0.094966664204226,0.22471425630457,0.1554142763454,0.034571426861166,0.2200000000044,14.75233901978,50.083941052279
1973,0.02922856714297,0.11329999997369,0.10434285042018,0.055288202519284,0.31114284175401,0.0064428570016971,0.041466151889463,0.041747618170914,0.2085285356893,0.91787139920468,,,1.1410142662486,0.61704760766005,0.013619045676953,0.055628568286481,4.6383330009512,0.0047142848571429,0.032999999723714,0.16201426025828,0.05342856743272,0.4635714186676,0.042114285269023,1.6588617351826,1.5579142726303,0.0078571421154171,0.12697142574467,0.22125714234899,0.053009517985419,0.82578567975826,1.1007856951282,0.076597197240257,0.013776190105877,,2.78457141498,1.234828571457,,0.47771428580427,0.075428569161714,0.03889711510598,0.91818567896878,0.57823324544506,2.4619568434728,0.0336285670314,0.26923806656393,0.06332857124724,0.007228571428716,0.095385712167937,1.0350999468211,0.0075428569161714,0.55345711628921,0.071413928254075,0.018071428262046,0.15722582591421,0.41375706762857,,0.083599997154775,0.025404761481931,0.17317141998057,,0.057591877624254,0.20978570875571,,1.1997332960826,0.0090759935247286,,0.057357132428571,0.03645714286808,0.15190474363415,0.02954285715172,0.062333326767709,0.0095857135731257,0.00094285702857771,0.026714284863743,0.092242851017537,0.58331419990677,0.20239998676164,0.36959997996341,2.368038032036,0.64271424322143,0.22125714154983,,,1.0921428328939,5.0784097338415,,0.037816639686369,0.10575712843649,0.0028809518952423,0.20428571205663,0.22245255107826,0.0037816639686369,0.07919999640154,0.08580000001386,0.089571426307846,0.1272780495496,0.32827370245825,0.0440000000132,0.060814285629954,0.71819521857273,0.74485711732389,0.039757142611503,2.076519710981,0.012938093724078,3.218128450348,2.3767927634313,0.094966664204226,0.22471425630457,0.1554142763454,0.034571426861166,0.2200000000044,14.75233901978,50.083941052279
1974,0.039966660809679,0.11361428563083,0.087214278442714,0.059966435040146,0.31114284175401,0.0051857141441771,0.044974826280109,0.037871427866798,0.13435711945884,0.93939996637607,,,1.1401761659487,0.65423808127516,0.0042428563714286,0.040857139657608,4.1737140393499,0.0075428557714286,0.032999999723714,0.16028568977247,0.05342856743272,0.49814284723972,0.010999999946063,1.3725128200829,1.5434571341183,0.0039285714011314,0.088157141767378,0.16531428520325,0.061547614915569,0.83285710865471,0.94018569043593,0.083078498545202,0.014038094553466,,2.5519999869596,1.2005714285972,,0.43717142863702,0.078571425733143,0.039306558422885,0.95857138716926,0.63202849211245,3.2359377427669,0.020742854630646,0.33549996117844,0.086428570366994,0.008800000000176,0.10622856974333,1.0391856627109,0.0078571425733143,0.43167140938075,0.077456645260189,0.015871428318623,0.17052954964542,0.54245705029571,,0.04400000001144,0.03053809464392,0.24545713257086,,0.062465036500152,0.16264285159871,,1.3601761446553,0.0091715302986731,,0.059871417685714,0.03918095239212,0.089990469634909,0.0251428571504,0.042899996434317,0.018542856633286,0.0012571428000189,0.022785713348137,0.052485711038063,0.59923800874951,0.29123807756113,0.39411425790079,2.6665047099407,0.66769995468756,0.1888857131404,,,1.2414285428964,5.4281228399421,,0.038214709577805,0.10654284063329,0.0041904756192446,0.20428571205663,0.19577288881543,0.0038214709577805,0.063642855001565,0.078885714291692,0.090409521544726,0.13804773066534,0.35605070805087,0.03331428572428,0.069771428573176,0.49421427219794,0.81305712747532,0.059714285274303,2.2440897856553,0.012361903848646,3.0165141500387,2.5237893738616,0.092399994072769,0.20428568859029,0.17238570389165,0.056885710575678,0.235714285719,14.424661775333,50.684488687401
1975,0.045309516866809,0.11251428560224,0.077314278296651,0.059966435040146,0.26819046079197,0.0050285713156057,0.044974826280109,0.042533332543952,0.23665710131674,0.97004283046405,,,1.2373952150763,0.70729998172179,0.011838093696185,0.027709521438389,5.6849043352335,0.0076999986,0.032999999723714,0.14158569666015,0.054999997434669,0.526428561526,0.040228570982743,1.4161240453382,1.3305285324772,0.0072285711445543,0.12482380678273,0.17186190473677,0.026242855231878,0.75114282749489,1.1249856847146,0.083078498545202,0.02241904670599,,2.8945714132536,1.3828571428848,,0.42931428577866,0.078571425733143,0.041012572243322,0.97700948040839,0.61945705403728,3.123266283566,0.030642852258274,0.3312571073258,0.16138571184431,0.009742857143052,0.11722856946044,0.99738565457082,0.0076999997447429,0.43308569472342,0.077456645260189,0.015557142547006,0.17052954964542,0.65088561380085,,0.0377142857256,0.037714284577337,0.12414285036888,,0.062465036500152,0.15651428008288,,1.6259570956806,0.0095696001901086,,0.066785702142857,0.02954285715172,0.11361427741984,0.036142856295143,0.035619044480957,0.023099999577651,0.0012571428000189,0.016028570116926,0.03189999832037,0.75418085065178,0.21177617835524,0.31229521924215,2.8851428006141,0.69849995337375,0.23822857012635,,0.00031428565714286,1.9155713500578,5.4281228399421,,0.039873334125452,0.17379997435266,0.0037714280000126,0.20585714034235,0.20967593927372,0.0039873334125452,0.080457141316253,0.047771428576784,0.13341428251531,0.13804773066534,0.35605070805087,0.02702857143668,0.071657142858576,0.7375761610553,0.86051425689597,0.054371427729183,2.2440897856553,0.0098476179048331,3.6305760016749,2.5237893738616,0.12686666000616,0.37085709145497,0.19391427312305,0.050599996289838,0.235714285719,15.808343066918,55.325283455761
1976,0.050599992628773,0.12775714020226,0.070085708411314,0.06343258004424,0.24671426945177,0.0051857141441771,0.04757443503318,0.03870952333421,0.26667138157388,0.92054282466805,,,1.4647285420093,0.7190856904341,0.024514283546453,0.027814282943109,5.7357138604903,0.0078571414285714,0.01634285714776,0.1890428311801,0.04164285414688,0.69142855727831,0.028285713721829,1.5013395281502,1.6114999112221,0.010842856316171,0.09161428525499,0.18406666667035,0.10046665461918,0.81824282481825,1.1432142531536,0.087880553602957,0.022314284858727,,3.0155714078303,1.414285714314,,0.50945714271336,0.11157142431211,0.043196269933483,0.93044281411173,0.65748562416275,3.5333566516383,0.033942851772749,0.33780472433965,0.15855713566421,0.010057142857344,0.10874285511494,0.98999993902686,0.011785713859971,0.47849998093759,0.081933749223809,0.021528570948514,0.18038639950081,0.45807135650419,,0.0704000000132,0.045257141724745,0.17002856249335,,0.066075604212749,0.21104284954653,,2.0022618458839,0.010079129651146,,0.067414273457143,0.01173333333656,0.12807142005237,0.056571425154171,0.047666662386714,0.017757142719377,0.0012571428000189,0.02058571248892,0.071657140131257,0.85014274376721,0.23293807882716,0.35619045328648,2.8459094554222,0.9205427784406,0.2141857129474,,0.00047142848571429,1.571428531482,5.6450662262803,0.0053428561714286,0.041996373546441,0.12571426285714,0.0026190473333543,0.23005713720157,0.2074319007423,0.0041996373546441,0.091457141487745,0.08800000000528,0.31501904599166,0.14602708531018,0.37663094401267,0.02702857143668,0.067257142858488,1.0200142494862,0.80661426120121,0.043842856497783,2.3639562926154,0.024147617476501,3.8147473975611,2.6041789881805,0.1198999942264,0.4454999350264,0.19941427590035,0.061914280404174,0.18857142766381,15.88855643007,58.498206988792
1977,0.061442848371693,0.13514285314512,0.11109998964074,0.071151663703663,0.23063331869591,0.0045571427154171,0.053363747777747,0.033052380818793,0.35828565051655,0.81572855068807,,,1.9729808948272,0.84967139045844,0.031376187366062,0.022314282800126,6.8325708748612,0.013357140428571,0.045571428298914,0.19218569020911,0.069142852006097,0.7511428292868,0.013828570860349,1.5174268600265,1.620142764504,0.0087999993157943,0.12791428329111,0.17987619047979,0.11570950933403,0.8622428210406,0.99251425097054,0.098574700756116,0.018752380667538,,3.1035714089734,1.492857142887,,0.52847142811388,0.12319999603036,0.04435635933138,0.96391424848094,0.89409034976047,4.2886898547798,0.033157137400943,0.43229995410163,0.20004284343734,0.009742857143052,0.10387142651343,1.1845951718793,0.00880000000264,0.46891426747911,0.091904232283897,0.01948571429156,0.20233754365729,0.4359142177901,,0.0625428571559,0.04127619048652,0.18008570077454,,0.074116316357982,0.18039999213867,,1.9659618406537,0.010349817177322,,0.078414271457143,0.018228571433688,0.11937618052348,0.061285710354737,0.068619041053549,0.00864285694512,0.0025142856571869,0.024985712146817,0.080928569306457,0.93494749558527,0.24105712253306,0.38829996992232,2.9805808752938,1.0192284752495,0.23649999843811,,0.00047142848571429,1.477142825758,6.1825014860414,0.0069142844571429,0.043124238238842,0.050285705142857,0.0086952366666834,0.23005713720157,0.2366016794511,0.0043124238238842,0.067728569858677,0.094285713716109,0.25823809376483,0.16379705915114,0.4224630032405,0.02137142857784,0.07228571428716,0.96370472980197,0.86397140404694,0.061914285561149,2.6364206752885,0.01592380803825,3.5208378671479,2.8199410012137,0.16384760719027,0.51857135031211,0.22377141730561,0.06709999448997,0.13781428454707,16.048316520762,62.953206505652
1978,0.05892856311455,0.16955713260226,0.11801427627219,0.072895368552348,0.26557140715989,0.0040857141152286,0.054671526414261,0.030171428351531,0.36582850880236,0.82672854582973,,,1.9749713725657,1.0304904268779,0.038657138919201,0.037347614847904,7.8257134690077,0.010999998,0.051857142586514,0.16719997674927,0.072285709720509,0.76528568386703,0.010528570887977,1.71020756312,1.5267999049865,0.0092190467059017,0.1032428544548,0.16751428571764,0.072180942270694,0.95071423869438,1.1336285275014,0.10099045851523,0.020533332648306,,3.4335714015471,1.650000000033,,0.63611428507929,0.10371428059406,0.046403575915906,0.94332853307865,1.0088046199953,4.5382326979936,0.04258570688628,0.3120333009143,0.1970571304958,0.009742857143052,0.096171426883166,1.5115046663537,0.012571428288574,0.44439998250146,0.094156517713449,0.033419047570663,0.20729620432074,0.49499992110401,,0.05908571429816,0.050285714296928,0.23854284147421,,0.075932675575362,0.19485713374604,,1.9422332839933,0.010827501047045,,0.1066999806,0.00502857143008,0.15373808277256,0.03629999580396,0.067047612767834,0.0050285712011314,0.00094285708572686,0.0237285688314,0.078885711962657,1.0333188960868,0.23670950602691,0.42072377129967,3.5201046541608,1.1769998781122,0.20915714122963,,0.00062857131428571,1.9328570800528,6.2104000134193,0.0015714282857143,0.045114587696019,0.017914282457143,0.0069142845714411,0.29401428027849,0.2669638280699,0.0045114587696019,0.068514285201666,0.12414285572013,0.28076190140721,0.16781121302155,0.43281625077956,0.028128571351154,0.0826571428595,0.98067616523867,0.88927139532586,0.042742856583309,2.6884600612062,0.010319046504846,3.6794997495148,2.8054268541958,0.20088093741148,0.40385708774446,0.22696665016332,0.043999997143423,0.17191428474883,18.048937623135,67.31884409911
1979,0.055471420885978,0.16798570431655,0.13781427358517,0.074979308493459,0.33261902336019,0.0039285712866571,0.056234481370094,0.03127142838048,0.42046183353743,0.88377139100468,,,2.1892094524655,1.2965856517275,0.043790471738823,0.046304754933493,9.8046656141057,0.011471426485714,0.03897142858312,0.20994283109444,0.059714282868583,0.97428569214903,0.0095857139165486,1.7274609335864,1.593271337842,0.0098476180201874,0.11502856859946,0.16458095238442,0.079985703177086,1.3517428086723,1.1832856665828,0.10387758364198,0.028076188533681,,3.8185713898532,1.9171428571812,,0.68498571361925,0.094285708590286,0.053637074514561,0.91100948228507,1.1564665038299,5.3910468588721,0.061914275258463,0.50489994158583,0.19689998480537,0.009114285714468,0.084857141165486,1.5217189379107,0.01555714214573,0.47032855230638,0.096848273470718,0.034571428009429,0.21322240852827,0.43324278512541,,0.05028571429552,0.069038094736222,0.22471427049938,,0.078103446347353,0.25928570318484,,2.3234094647848,0.012515317386731,,0.11361426505714,0.0062857142876,0.21874284100359,0.078885709558697,0.037190472480046,0.0075952376681794,0.0017285713428823,0.022942854230646,0.073542855905703,1.1046093589346,0.20711427075803,0.44780471993913,3.2669999060754,1.1801427329692,0.21811428406085,,0.00094285697142857,1.8291428057558,6.3111647335703,0.0028285709142857,0.052147155778046,0.053271418885714,0.015399998344567,0.18259999725016,0.26793902640637,0.0052147155778046,0.080771428059054,0.15415713934908,0.2425238035808,0.17260861642765,0.44518964417991,0.027028571322206,0.079200000002992,1.2905094718387,0.92164282613925,0.0707142837322,2.7575100069672,0.023204759133493,3.7197283263304,2.8336900692717,0.16761903867938,0.31271425862046,0.205752361322,0.053428566857709,0.18574285714692,18.352017967654,73.343595976023
1980,0.061338085495393,0.16295713380226,0.13734284486998,0.076956924968187,0.31952378554868,0.0053428569725726,0.05771769372614,0.032528571238,0.42732373586904,0.93892853715534,,,2.4656237161896,1.300776121801,0.042114281605318,0.054004755133669,10.814570180508,0.013357140428571,0.039914283150589,0.21161902191356,0.058457142005299,0.96642854821646,0.0081714282304571,1.8294533335195,1.6259570465283,0.013147617305713,0.10842856888367,0.22335238021391,0.070138085498561,1.44665708096,1.1317428087302,0.10661740646634,0.029071427286154,0.011157140943046,3.5152856758507,1.9485714286104,,0.6221285709854,0.12099999288166,0.050498009084956,0.89283330515266,1.6493712079019,5.3106944438394,0.085957130204903,0.56377614303936,0.14237141356077,0.008171428571592,0.10198571222715,1.3620094218313,0.012099999344963,1.2665714014679,0.099402694750575,0.032999999148703,0.21884625537828,0.43607135397916,0.00015714282857143,0.052800000007392,0.087004760462927,0.23744283743866,,0.080163463508528,0.26557141724296,,2.3186951639053,0.01178286878649,,0.10497140948571,,0.18872855066972,0.11534285059519,0.059714280005846,0.011209522839797,0.0029857142000503,0.022628568344554,0.045204760057471,1.1787283950955,0.1916095090775,0.36781900726138,3.4196379975583,1.1974284446835,0.16342857021768,,0.0010999998,1.5714285406047,6.807607685262,0.020428568628672,0.049095286610374,0.12634283417143,0.011785712715229,0.16924285487553,0.34414660045396,0.0049095286610374,0.06599999948733,0.24199999780436,0.26976189882472,0.17716125435385,0.45693174199861,0.021842857063554,0.0817142857168,1.1863237482391,0.88392854613737,0.065371427102874,2.8637982799077,0.018123807409654,4.0574806908317,3.1316537435754,0.16353331895632,0.29228568861669,0.27222377792114,0.068671421058218,0.17128570857423,17.892683083531,76.950600312611
1981,0.047299993000176,0.17049998957369,0.094338086131382,0.07719083659423,0.28599997430269,0.0049238093533406,0.057893127445673,0.030799999780291,0.40825707469061,1.1138285277133,,,1.9264665966037,1.2710237357622,0.041433329424198,0.048923803181233,10.348379752796,0.012571426285714,0.05515714107072,0.18857140572258,0.059714284346893,1.0682571105046,0.0081714282304571,1.7851687296721,1.6327141856384,0.01361904590555,0.1115714254551,0.16583809524141,0.057828564002979,1.3683999212173,1.1290713842029,0.10694147153159,0.029542856229062,0.01162856942876,3.6504285227094,2.3320000000466,,0.60751428460762,0.094285708590286,0.051862820141306,0.90388567841641,1.8352187821307,5.7659895956479,0.083285701775766,0.72097134916385,0.095699982714474,0.005657142857256,0.10119999648166,1.2352475173772,0.0059714284583057,1.3859999706428,0.099704830600881,0.034309522529634,0.21951144156484,0.38924278992013,0.00031428565714286,0.05657142858312,0.088995236653443,0.19328569768769,,0.080407121452323,0.17977142054216,,3.0095475044511,0.012101324699638,,0.14551425925714,0.013200000003432,0.21874283745665,0.15604284296624,0.045885708575766,0.009219046820376,0.0018857141714537,0.026661901249702,0.049395236476803,1.1615474456835,0.21167140866781,0.36781900726138,3.4137189319002,1.2227284412265,0.15305714106997,,0.0012571426285714,1.8982856629106,6.8060046465807,0.038028564514286,0.050422186248492,0.11707140728571,0.010842855628798,0.28992857080009,0.32211692309774,0.0050422186248492,0.066314285201622,0.17882856914794,0.37221904457305,0.17769973840963,0.45832059227824,0.015714285604526,0.09617142857476,0.96805233382655,0.73071425473926,0.065999998875057,2.8702355605241,0.029752377638326,3.7035425951309,3.1260906340473,0.10544284787213,0.39112853076445,0.32973805969857,0.077314277201314,0.18731427537422,18.317253007562,77.657690557731
1982,0.062804751819194,0.16782856148798,0.098161897056126,0.077105777821124,0.28809521125146,0.0066523808103451,0.057829333365843,0.0293857140942,0.49819515544354,1.0300713879681,,,1.8410332638601,1.3931237175061,0.045780949128415,0.025352377866834,10.85857011636,0.011471426485714,0.051699999757943,0.19642854663875,0.072285712572686,0.91268567752343,0.0081714282304571,1.7037042074514,1.5761427673527,0.017076188134121,0.11419047307244,0.13000952381248,0.04866189747689,1.4265427714688,1.035519006089,0.10682362968968,0.027552379638502,0.010999998114474,3.4807142307001,2.6148571429094,,0.69347142624639,0.13011427774012,0.053910036725831,1.0517570944482,2.0476235230073,6.1366895392231,0.10607141226205,0.90875705068753,0.095385696942857,0.004400000000088,0.087214283021686,1.2774665617347,0.019171427773308,1.4849999680959,0.099594963018952,0.035199998290982,0.21926955567882,0.26368566897577,0.00078571414285714,0.0515428571504,0.079304757971153,0.17867140982263,,0.080318518563671,0.18668570573239,,3.0820951179858,0.012579008569361,,0.18024282437143,0.012571428574672,0.24482855043409,0.086271424562091,0.058457137147094,0.0061285713443783,0.0018857141143046,0.027866662439419,0.05929523581961,1.3276998000042,0.15358093907514,0.40239043126369,3.3307475463325,1.2191141548549,0.15604285532506,,0.00094285697142857,1.8542856686211,6.7895555700528,0.064533322133392,0.052412535705669,0.12414283457143,0.0041904760771417,0.18731428508363,0.33035289748566,0.0052412535705669,0.058771428058438,0.14954760702072,0.4663999918895,0.17750392602571,0.45781555581292,0.014457142632531,0.11722857143197,1.0641189956517,0.71877139896651,0.057357140441771,2.8661626634445,0.036980948324103,3.3759521272495,3.1165919361211,0.10062380042356,0.49672851980659,0.31528092072569,0.067571420915675,0.19957142560384,18.009826209353,78.949823673251
1983,0.060395228981158,0.17285713257375,0.11560475079667,0.082060451354583,0.36195234868091,0.009271428372296,0.061545338515937,0.02749999980792,0.56168085932885,1.0303856814353,,,1.4075285035041,1.5789189312383,0.051019043623852,0.052276183447891,11.949665174718,0.0081714270857143,0.066942855846486,0.19904759471645,0.076999995715354,0.80189996862255,0.013514285202678,1.729142711331,1.5239713471222,0.01676190236268,0.10114761595789,0.14205714285998,0.077680942182792,1.3658856189173,1.0199618622816,0.11368791698083,0.031795236581422,0.0078571414285714,3.6347142312746,2.6447142683367,,0.74658571254098,0.083442850213577,0.04435635933138,1.0617618558091,1.9958711517704,7.0405227265693,0.104814269519,1.0660046421309,0.069614273057143,0.00628571428584,0.08077142659236,1.2831236996791,0.027657141720697,1.5164285395339,0.10599474966634,0.033733332080775,0.23335940853959,0.33314280172277,0.00078571414285714,0.03142857143272,0.088628569499065,0.20255712434446,,0.08547963682769,0.22471427391478,,2.7836808317844,0.010349817177322,,0.18071425285714,0.01382857143272,0.28620949813334,0.12099998830269,0.090828557603463,0.0056047614198103,0.002357142657168,0.038499994259041,0.068619044829264,1.2785664742695,0.12241427712441,0.42192852264425,3.7195713561726,1.2521141501693,0.13383333139763,,0.00094285697142857,1.8935713786214,7.1688673073862,0.14525236121026,0.043124238238842,0.065528559514286,0.011628570001131,0.24404285592823,0.37625725720828,0.0043124238238842,0.063014284429866,0.16515712208673,0.63297142171631,0.1889099973892,0.48723392991783,0.01320000000396,0.10308571428778,1.1463570765541,0.78838568118159,0.047299999642149,3.044543124731,0.028023806295443,3.9249568173688,3.2783181397499,0.11130951391028,0.75166659116719,0.25053807043134,0.05154285034314,0.17489999700334,18.64905483438,83.300742185459
1984,0.08700474901937,0.17757141800239,0.17846188416972,0.082124245434413,0.39338091096801,0.0090095235818114,0.061593184075809,0.02687142837916,0.61379989068949,0.87119998698988,,,2.0375141760259,1.7538189126454,0.052380948156835,0.070766657038451,13.284855500337,0.0073857129428571,0.058142856874114,0.23539997030053,0.054999996515002,0.96925711786291,0.014142856688587,1.6875328922542,1.4763570702941,0.013723807638866,0.11927142531237,0.22942857143316,0.072285705145233,1.3435713317921,1.2131428078795,0.11377629836226,0.024514284228898,0.0070714272857143,3.6818570992803,2.6714285634811,,0.70148571313521,0.122571420595,0.086392539866965,1.0401808946857,2.4240853715329,8.1352844859731,0.10151427080585,0.9047761021893,0.13011426205714,0.00628571428584,0.086428568878829,1.2016713208165,0.02451428492032,1.4928571129605,0.10607715035278,0.047195236530037,0.23354082295411,0.35749994015134,0.00078571414285714,0.03142857143272,0.089780950165723,0.23555712109184,,0.08554608899418,0.2008285617962,,3.1070284458039,0.020158259302292,,0.2001999636,0.0188571428628,0.4473333025451,0.1181714201305,0.067571420405205,0.0063904759060903,0.0037714282286091,0.035514279600566,0.059138091389455,1.2690855265456,0.11623332211219,0.32418568064097,3.1828237459364,1.2775712895409,0.12079047427957,,0.00094285697142857,1.7442856628952,7.1166913989953,0.20501902002011,0.083992747092883,0.13514283257143,0.012780951354283,0.188571428628,0.37229562601557,0.0083992747092883,0.037242856372265,0.16484283311494,0.54900475516778,0.18905685667714,0.48761270726683,0.0086428567161714,0.13561428569141,1.0673142229097,0.79828569369088,0.043371425951531,3.0410371823759,0.031795234866947,3.9084568248594,3.2418012083975,0.16573331552107,0.69996660147541,0.24467140879861,0.041799994171623,0.16609999906054,17.803704143053,86.805341762569
1985,0.087738082409867,0.17757141800239,0.17919521498693,0.084016803136034,0.40019043449017,0.0074904758196846,0.063012602352026,0.02687142757784,0.58787132408967,0.8342714021162,,,1.9388284454147,1.752090337138,0.052957138261568,0.087371416114663,12.406426907978,0.0043999992,0.03881428392296,0.24283806599825,0.064742852343624,0.98559997632967,0.013671428202873,1.6624734284132,1.5085713491209,0.011942855657922,0.11906190093048,0.23885714286192,0.068042847286695,1.3985713274718,1.3199999422934,0.11639827934471,0.0099523806668343,,3.8829999369983,2.6714285371925,,0.78885714017892,0.14299999117114,0.092124746303636,0.88958568238624,2.5111425147023,8.7470939220238,0.13388569532315,0.86040944286312,0.11628569314286,0.00628571428584,0.084857140020743,1.3069570175509,0.027814284549269,1.4331428243665,0.10852170405071,0.058142855035662,0.2389227839181,0.36959993852371,0.0010999998,,0.081033331374397,0.23288569014427,,0.087517503266702,0.23555713022743,,3.3046617513617,0.021495774137515,,0.21057139028571,0.01445714286148,0.41119044453901,0.14918094108565,0.085171418462838,0.0054476184765886,0.0043999995428949,0.034728565572183,0.062333329056314,1.5575473919737,0.087790465506398,0.38447614972374,3.189109435192,1.3231427115411,0.12723333099499,,0.00078571414285714,1.8369999529063,7.1866318477874,0.20439044824864,0.089565725572979,0.14677140188571,0.011942856802489,0.22078571100358,0.35366939862457,0.0089565725572979,0.047457141772258,0.19501425980105,0.57922855820735,0.19341368221941,0.4988497686202,0.0037714284580857,0.1399619047647,0.99806661306716,0.76999997687825,0.048085711266571,3.1015522097921,0.030538093038464,4.0706805455864,3.2528771022294,0.23047616420926,0.67042373059365,0.18548093860391,0.061285704628735,0.2044428538039,18.252491761078,87.91403658672
1986,0.081347605704921,0.17757141800239,0.15902855383474,0.087185242434255,0.39437615177803,0.0085904758482811,0.065388931825691,0.024985713177086,0.67414273686091,0.76245711487336,,,2.4061712927795,1.5458665359188,0.05243332885187,0.14530474013385,11.921379356357,0.0042428563714286,0.0094285709735029,0.28112853593255,0.072599994915178,1.0445285401341,0.013042856716787,1.1075035688327,1.6166856141478,0.011314284457935,0.1179619016457,0.26106666667189,0.049133326192081,1.9693141626839,1.731399944654,0.12078788795579,0.023833332162253,0.015714282857143,4.1933570608611,2.9212856780544,,0.69614285473339,0.17285712859971,0.067012222866793,0.9439571058148,2.6211424957326,10.075527051056,0.16342854629326,0.93426656257599,0.12414283457143,0.005657142857256,0.081085711448183,1.3827522603068,0.013357141573314,1.4457142523702,0.11261427147758,0.047980951243857,0.24793303317241,0.3714856523521,0.00062857131428571,,0.086271426612597,0.22895711942998,,0.090817960869015,0.25142855682753,,3.1329046038385,0.015636185335585,,0.18071425285714,0.01508571429024,0.40841425798346,0.0818714183774,0.10779998714923,0.006599999601144,0.0036142854000377,0.041171422001509,0.059190471914274,1.9531806667134,0.25347140141264,0.56864755465372,3.437814188995,1.2728570001065,0.13163332973533,,0.00078571414285714,1.3199999657545,7.3159564479663,0.23021425414399,0.065150772231604,0.094285697142857,0.011104761220954,0.21952857100791,0.39258210402048,0.0065150772231604,0.032214284257627,0.18181425722907,0.57074282056783,0.20070769352052,0.51766237695339,0.0025142852571429,0.15934285714604,1.0755380298362,0.79121424797481,0.048242853980669,3.2041079479927,0.018699996942895,3.9498377014371,3.2796953496544,0.28778092057611,0.79435705005541,0.19333808038013,0.065214275285871,0.1819714248034,18.277308704853,91.117445677771
1987,0.088680940409981,0.16059999143084,0.16070474351123,0.08931171176192,0.44298567056152,0.0087999996578091,0.06698378382144,0.025142856005657,0.75145700760226,0.74108568573107,,,2.3733284379345,1.5504236779046,0.050599995032205,0.16374283217196,14.416388489325,0.0034571422285714,0.024671428550211,0.32078091154421,0.059871424543611,0.84731424907638,0.017128570888461,0.81385808165554,1.5637284734784,0.014142855486519,0.13116190164826,0.2159142857186,0.041747613020275,1.9155713081521,1.7759761191367,0.12373393400349,0.04033333201971,0.027342852171429,4.1117999256894,2.473428536617,,0.58535714056457,0.18637141872531,0.073358594278821,0.97931424458808,2.8537138998762,8.7907272295674,0.13671426406242,0.92803323760872,0.15007140128571,0.005028571428672,0.074328568216971,1.2887284473055,0.016814284030834,1.3529999680599,0.11536096102581,0.050966664870656,0.25398018032296,0.38924279438463,0.00047142848571429,,0.099471426612861,0.2482856903206,,0.093033033085333,0.23854284328326,,3.1683664927233,0.017117005331725,,0.14457140228571,0.015714285719,0.3995094963648,0.052957134142958,0.058299990542983,0.014352380326491,0.0042428567143234,0.058090467878902,0.093028564870777,1.85858067591,0.32842853790092,0.71819515917694,3.2976427575543,1.272857001821,0.12754761504738,,0.00078571414285714,1.3199999657545,7.5398313646319,0.31061899773405,0.071320855548854,0.0593999892,0.0057619039047829,0.23681428421131,0.23208474034952,0.0071320855548854,0.025299999286142,0.24875710980134,0.61851424159829,0.20560300311859,0.5302882885864,0.0025142852571429,0.15735238095553,1.2255570716572,0.73527139482177,0.058299996268457,3.2868776295734,0.027395236124141,4.1383567466795,3.39042468251,0.33853805568933,0.67136659305966,0.19951903511013,0.071028561943234,0.16107142826086,17.403304621663,92.028402526127
1988,0.079566653152486,0.16908570543098,0.17448093241715,0.082932303778925,0.46037614458103,0.010004761305424,0.062199227834194,0.022523809243794,0.83961413523215,0.8551713958551,,,2.0433284532026,1.5563427237871,0.051385709403834,0.18008568668628,16.394607190949,0.0097428553714286,0.031428569148514,0.349380905545,0.085799994687902,0.79922853117154,0.015871428088266,1.0222221366929,1.597357046119,0.014457141372434,0.097271425877798,0.12540000000251,0.054004754907008,1.9889570316059,1.7221285042913,0.11489579586039,0.03928571297207,0.037085707542857,4.0648142117171,2.3885713886148,,0.62495714080311,0.12587141862131,0.053978277278649,1.0269285185583,3.0749710112049,11.05557454048,0.098999984289486,0.92735229079821,0.16594282697143,0.007542857143712,0.071342854016217,1.086904655449,0.026347616621771,1.368714253778,0.10712089238111,0.078204759773089,0.23583873887132,0.39977136366997,0.0012571426285714,,0.071761902997349,0.26981426218491,,0.08638781643638,0.31098569646239,,2.9586855588309,0.012594931365018,,0.10497140948571,0.01131428571768,0.47069520365926,0.10371427051469,0.10036189139629,0.011523808954309,0.0032999997428949,0.051123801640362,0.048504758539741,1.9120616173532,0.31480949125278,0.69174277944641,3.6876189312369,1.3419998532503,0.12094761578965,,0.00094285697142857,1.3199999657545,7.1297924211133,0.2969999528579,0.052478880687575,0.12288569194286,0.0081190464476526,0.23665714115379,0.40683496275071,0.0052478880687575,0.026085712743209,0.2122475864197,0.65842852772521,0.1909170743244,0.49241055368737,0.00047142848571429,0.13985714285994,1.1014142113423,0.75742852987269,0.052014281980857,3.065170531253,0.056309519667337,4.2700424549783,3.2351917883256,0.3352904316628,0.8531808478832,0.18417141700358,0.065842848600377,0.19391428571887,18.032947216201,96.232496986327
1989,0.079776176847715,0.1929714180027,0.17008093070135,0.067600459926462,0.53381423113497,0.0087476185623783,0.050700344944847,0.017809523241909,0.99267124865809,0.74847140039104,,,1.9025284512149,1.5262236744808,0.058038090385979,0.1964285412006,16.591664301233,0.010528569514286,0.027028569948514,0.37028090506054,0.09507142157344,0.98119994628545,0.016028571030784,1.1313463568185,1.6751427677831,0.024304759277443,0.1418476147926,0.10151428571632,0.073228559944642,1.9660141715443,1.6278951573129,0.093654803856453,0.047142855429326,0.038499993,3.9887570668523,2.5614285286179,,0.62024285462731,0.20004284366629,0.090555213588833,0.88377138001339,2.8903281871755,11.268293613842,0.10842855411825,1.3484951044632,0.12115712082857,0.004400000000088,0.075742854132011,0.97428562296865,0.023309521669537,1.3592856823475,0.087317260738347,0.065214284952349,0.19223880791588,0.42664278735568,0.00078571414285714,,0.076790474429189,0.25252854611966,,0.070417145756732,0.29039998545971,,2.9710998534799,0.021129549837394,,0.10072855311429,0.015714285719,0.63936186150304,0.10465712382857,0.029804756904808,0.011523808954309,0.0021999998285966,0.060028562116926,0.052799996349847,2.1598234777099,0.22885235733054,0.7082427824003,3.4786189273091,1.3577141361075,0.12110475707309,,0.0017285711142857,1.2304285243227,5.8819450998903,0.35409518323914,0.088039790989144,0.0736999866,0.0075428557714286,0.22424285575058,0.4430154979778,0.0088039790989144,0.020428570228848,0.19972853688591,0.70085708983686,0.15562189212238,0.40137773081337,0.00078571414285714,0.14823809524106,1.2018284965763,0.73904281538113,0.050128567809051,2.5056510417621,0.045519044791075,4.5316852696741,2.6846182702758,0.2966332919458,0.8421808493147,0.17196665552526,0.068514279143505,0.19642857143303,17.432282854165,94.877296792822
1990,0.069404749361913,0.16531427388772,0.17505712183592,0.063441678664859,0.54675232354145,0.012728570829288,0.047581258998644,0.018333333051474,0.96014268325827,0.70242854550571,,,2.0411808379581,1.4269617795753,0.048242853576049,0.23697139702984,17.796949914994,0.015871425685714,0.024199999034229,0.45026660743454,0.065685710459091,0.86585711355177,0.015871428202037,0.96188753571342,0.45052851584337,0.027133331221646,0.13011427762125,0.13828571428848,0.062542847946264,1.9286141852875,1.5007142150523,0.087893158983607,0.04677618719105,0.015085711542857,4.0050999274927,2.4985713869025,,0.62165714082458,0.21057141547006,0.073495075384456,0.68262854201517,3.1243138620093,11.843069693819,0.1115714105752,1.0685189649227,0.10842855171429,0.004085714285796,0.068828569789343,0.98947609257672,0.017547618336246,1.2759999671783,0.081945501608776,0.063799997549671,0.18041227370319,0.42774278715568,,,0.084857140011943,0.2319952172446,,0.066085081942562,0.32575712623724,,2.9074569733827,0.01714885092304,,0.090828554914286,0.0125714285752,0.89969521317195,0.084071413285714,0.047771420342907,0.011523808954309,0.0021999998285966,0.068095227469499,0.12707618507086,2.1815615692593,0.15756188476638,0.73349040002321,1.6773428210222,1.3756284185646,0.13388570842649,,0.0015714282857143,1.3592856672089,5.4601988189551,0.39390470247753,0.071453545512666,0.10418569534286,0.0072285701142857,0.19003809300556,0.38608385961499,0.0071453545512666,0.035514285086531,0.25771424274329,0.80299994672417,0.14604803109306,0.3766849670726,0.0086428555714286,0.11230476190701,1.2902999177547,0.74328566934859,0.065371423668646,2.3454129537392,0.051804758962617,4.322423400532,2.4789474133031,0.27788091482239,0.90807608988961,0.15688094129129,0.046042852543272,0.20805714246179,13.953399121622,92.408676527443
1991,0.068461893190573,0.035042850771429,0.16678093381645,0.059282897403256,0.58137613269572,0.010999999142983,0.044462173052442,0.026190475624789,1.1147712270305,0.57435712416021,,,2.1934522690033,1.5310951013135,0.034571425144931,0.21250949372475,18.213902271352,0.021999996,0.017285713432343,0.42239994419714,0.068357135001383,0.76999997726134,0.01571428543079,0.52133817554027,0.51280947556747,0.023833331478575,0.16395237327045,0.08485714285884,0.071761893621017,2.033428471599,1.4306808786317,0.08213151411076,0.049761901619697,0.026557138257168,4.0039999224277,2.3115713843271,,0.60751428356379,0.23759998427383,0.047768386972256,0.52548568841663,3.0385138789829,12.456660064557,0.11628569600471,1.2126189267781,0.11157140828571,0.003771428571504,0.051857141441771,1.202142750721,0.026609520382339,1.1785714031613,0.076573742479205,0.059085713035423,0.16858573949051,0.3746285094959,,0.008590476192584,0.060238092667589,0.24828569318246,,0.061753018128391,0.2793999882656,,2.1949713004288,0.011145956960193,,0.093814268657143,0.0094285714314,0.9146237923048,0.065057131028571,0.038342850857394,0.021999999432469,,0.074276179106405,0.17495237126763,2.202199664557,0.1235142733787,0.68089994820028,1.4147047224009,1.3812855603932,0.12047618364006,,0.0023571424285714,0.50285713146377,5.03845253802,0.40857136571554,0.046441487334138,0.061914274457143,0.01204761704764,0.21622856977633,0.093823703181065,0.0046441487334138,0.064428570572623,0.16028568514286,0.90608566104081,0.13647417006374,0.35199220333183,0.0086428555714286,0.1556761904793,1.4199427791456,0.7718856672394,0.064428567269589,2.1851748657163,0.052957139400679,4.4651614831845,2.2732765563305,0.28008091453668,1.0490331771243,0.17950951215198,0.049028563943014,0.20868571429059,12.012496603604,90.345589485849
1992,0.062542846800113,0.023257138628571,0.25719044860138,0.055124116141652,0.59305708675981,0.010999999142983,0.041343087106239,0.019904761337189,1.1262950347259,0.5097714128679,,,2.1789951186373,1.5643570040557,0.037190473049777,0.23623806238206,19.050425901736,0.023571424285714,0.0075428557714286,0.36865709442105,0.073857134287129,0.69692855684189,0.019799999659965,0.50325670048447,0.44838090955446,0.025142854859154,0.12990475541436,0.08957142857322,0.0906714199818,1.8637141851937,1.1235713764362,0.076369869237914,0.059190474077142,0.0015714282857143,2.5048570743775,2.0302856857588,,0.59242857008385,0.23885713148137,0.090759935247286,0.25457141886645,3.2701424090985,13.04133613649,0.10999998228949,1.5267998323112,0.10371426685714,0.005971428571548,0.058142855729371,1.1204284661111,0.029333332081919,1.1455714034376,0.071201983349634,0.042899998030445,0.15675920527782,0.37698564952051,0.0012571426285714,0.010266666669336,0.050390475448545,0.27122854924469,,0.057420954314221,0.25755713131635,,2.7196188863497,0.026886842034005,,0.085485698742857,0.0094285714314,0.73752376505727,0.073228558114286,0.040228564114286,0.021999999432469,,0.10339998623247,0.25598570253125,2.4644710541271,0.12173331864985,0.73626659568166,1.6835237684753,1.3710712765361,0.10423808868387,,0.0023571424285714,0.50914284229426,,0.41485708000138,0.088238825934861,0.069928558714286,0.010999998,0.20617142703064,0.075762322979926,0.0094000730696881,0.11628571371655,0.2853713978309,0.94804279924571,0.12690030903443,,0.010057141028571,0.16227619047944,1.4682380131594,0.65999995326354,0.051385709407354,,0.058038090781623,4.7724804859715,,0.23257139429891,0.95731415754531,0.18411903498883,0.079514277375269,0.14677142857507,9.9895885218079,80.988877687281
1993,0.062857131428571,0.027342853600157,0.2819142532077,0.050965334880049,0.65083326521026,0.013095237238263,0.038224001160037,0.019904761337189,1.1654236020137,0.49609999449767,,,2.6667141192437,1.727471273388,0.037190473049777,0.27133330019226,15.809093020373,0.028285709142857,0.017128569687977,0.35718566885025,0.065999993145183,0.36771427718447,0.016657142573666,0.49723935044543,0.41014281631054,0.029857139716297,0.11859046969756,0.16185714286038,0.087999989145183,2.0931427521007,1.2817618503368,0.080457142858752,0.055785711000754,,2.7107142129596,2.0082856857583,,0.4714285703531,0.19642855174069,0.072334985986559,0.57577141575131,3.0812567363676,13.506740779456,0.14771426229137,1.0358856044241,0.36876184762014,0.006600000000132,0.043999997723714,1.21104751288,0.01246666626828,1.178885684071,0.065830224220063,0.045309523155503,0.14493267106514,0.35199994115134,0.0015714282857143,0.03100952381384,0.067938094125046,0.29699997461857,,0.053088890500051,0.33439998122996,,2.7049522328393,0.022587687206502,,0.094285697142857,,0.71971424009561,0.073228558114286,0.032999994,0.019904761337189,,0.092085700744441,0.27609998721127,2.543461513394,0.19742378761793,0.77811896860139,1.7699523367341,1.3451427098218,0.10580951696958,,0.0031428565714286,0.60028569429552,,0.36457137257256,0.070325680820265,0.068985701742857,0.012571426285714,0.19380951871398,0.06994158664684,0.0198658991868,0.14457142800283,0.26871423942885,1.1628570687977,0.11732644800511,,0.0039285707142857,0.15180000000304,1.4943760782926,0.69535709919348,0.06552856764196,,0.05814285114336,4.9276852353189,,0.22314282858507,0.94118080704228,0.1904047469305,0.10418571009086,0.22251428571909,10.81764650921,79.960654505271
1994,,0.031533332019534,0.46865232367466,0.046806553618446,0.70258564250612,0.015714284000126,0.035104915213834,0.019904761337189,1.2676711990015,0.61725713612677,,,3.0112760035238,1.6494760275959,0.054999995148703,0.27238091638244,17.881283359442,0.037714278857143,0.021999997144743,0.37829519309075,0.10057141828835,0.25457141947666,0.016185713973478,0.13514285329057,0.55052375500139,0.032476187621143,0.13179046867037,0.11502857143087,0.087476179907109,1.8681141980186,1.3247142404445,0.068514284286927,0.07809999711553,,3.5316285069274,1.957476161662,,0.54685714179902,0.29857141435171,0.081714275436114,0.5924285625911,3.1994281373861,14.44069298765,0.10214284086091,1.135357025477,0.3939047047635,0.010057142857344,0.070714280870343,1.2293808608079,0.00419047619056,1.2635856838389,,0.042428571143674,0.13310613685245,0.35671422543611,0.0015714282857143,0.02200000000396,0.041799998572107,0.29637139952663,,0.048756826685881,0.28903808355858,,2.8380522250943,0.060028569033028,,0.1737999684,,0.79671425818361,0.078571414285714,0.018490473933455,0.038761904199989,0.00314285714292,0.11225236492535,0.31528093582362,2.6427757762573,0.22508092996057,0.71840468573403,1.8328094738688,0.65999993718434,0.090095231251463,,0.0094285697142857,0.35325712824019,,0.25561901333467,0.05499999,0.061914274457143,0.0045571420285714,0.19380952100346,0.082552378104847,0.008957141857212,0.11366666638319,0.3912856766894,1.1712380120086,0.1077525869758,,0.0031428565714286,0.13577142857414,1.0210618237476,0.71877138202431,0.067571425214709,,0.042428566000251,4.8990328537183,,0.22419044877921,1.4724283560148,0.18699998431237,0.049604757362397,0.20554285571824,11.433442155096,83.805627923858
1995,,0.028285713714789,0.54339993892952,0.042647772356842,0.81845230112429,0.012047617619131,0.031985829267632,0.032476189912389,1.4917568740326,0.34885714229263,,,2.9518760219938,1.819347438649,0.036142853432406,0.34571424457382,23.612282503778,0.039285707142857,0.021999997144743,0.37033328832869,0.0895714185774,0.24566665495601,0.015242856887575,0.17479522935943,0.4583332701927,0.069666665242851,0.15452380240966,0.019171428571812,0.1005714154309,2.6242855973057,1.5195713701436,0.059084934619375,0.08967618739193,,3.7407856615915,2.0129999809059,,0.4682857132225,0.29699998833789,0.053428562859029,0.61327618033685,3.5058566531004,15.008554789369,0.092714270001886,1.1525379699089,0.36666660952486,0.002514285714336,0.091142849729371,1.1366665656217,0.0073333327619886,1.2030856837352,0.055086705960921,0.027238094668909,0.12127960263977,0.3441427991504,0.0015714282857143,0.0942857143052,0.055733332877255,0.27515711549448,,0.044424762871711,0.31748093735772,,2.8023808311652,0.053585713061951,,0.17065711182857,,0.5714761754663,0.031428565714286,0.039809516952423,0.040857142295269,0.00314285714292,0.11419045847653,0.36279045103421,2.9816804729615,0.26101425701175,0.66419040472414,1.8417142343433,0.21528569859513,0.083809516963863,,0.0094285697142857,0.34885712858211,,0.22995235438263,0.028285709142857,0.049814276657143,0.00031428565714286,0.15399999718082,0.098371426812509,0.02121428242881,0.094809523525674,0.50757139857828,1.2099999310814,0.09817872594648,,0.0031428565714286,0.1152380952404,1.1675713523518,0.73291423785496,0.021999997716234,,0.037714282286091,4.9756662007767,,0.27919044221344,1.262590283426,0.19957141288581,0.043528566657841,0.1539999988601,11.369290247726,91.338240599983
1996,0.0078571414285714,0.015399999657413,0.82321894906116,0.038488991095239,0.99041894102319,0.012047617619131,0.028866743321429,0.032476189912389,1.5742568588035,0.43528570657929,,,3.3200093388177,1.9831426677698,0.042428567146754,0.37216662509899,24.634234664998,0.056571419430457,0.026714282001886,0.32790472421753,0.12587141700617,0.27133332420018,0.016814285459387,0.25598569886103,0.29307137528571,0.094809522957703,0.17599999318082,0.02985714285774,0.1131428422881,2.4691855796391,1.5787618380733,0.053323289746529,0.14703332096348,0.00209523809528,3.8735713657351,2.4252380741837,,0.54214285579537,0.27657141661964,0.066314275485915,0.77759522598314,3.8570708686615,15.966235595234,0.084857128573314,1.2519569939832,0.3991428000017,0.002200000000044,0.0722857103008,1.2058094176313,0.00419047619056,1.174014256901,0.04971494683135,0.065999996572371,0.10945306842709,0.33628565772183,0.0031428565714286,0.06600000000836,0.032057142857784,0.29197140170033,,0.0419047619056,0.26148570448487,,3.3665236881233,0.06757142657608,,0.18527139488571,0.011523809526856,0.64009522167559,0.042428563714286,0.046304756307184,0.047142856581109,0.00314285714292,0.12299045756231,0.30957140546214,3.0068757116571,0.28914283030368,0.89655229512959,1.9454285229259,0.13105712417551,0.07280951781912,,0.0018857139428571,0.38342855715951,,0.26609520609704,0.1279142705732,0.12068569234286,0.005499999,0.17442856489687,0.070714282240514,0.00062857142876,0.098999999716234,0.47053806178668,1.3446189732969,0.088604864917164,,0.0078571414285714,0.15504761905072,1.2640570472479,0.74642852500423,0.042952378103175,,0.088523804096411,4.9561281153402,,0.28914282288555,1.5633092900594,0.24880949955251,0.039285710057639,0.20428571143234,11.986018101571,97.530289156184
1997,0.0078571414285714,0.010633332904927,0.78697134315853,0.02514285714336,1.0932951198453,0.012047617619131,0.025747657375227,0.032476189912389,1.3857378456126,0.36425713560772,,,3.7516283549378,2.1183378934093,0.036142852859154,0.36247615162378,23.246663338949,0.086428561438,0.0205857116876,0.33429519800417,0.14142855886563,0.32633331648262,0.011628571258589,0.21240475374472,0.30847137248571,0.11209523753303,0.18380475362809,0.0314285714292,0.1619618863072,2.3728570286767,1.3964761129098,0.044890474505474,0.10088570748698,0.0099523806668343,4.0058856503621,2.1701428312151,,0.49028571321766,0.30642855308319,0.10999998114298,0.72741427463375,3.2622852777419,16.992849802743,0.097428554859029,1.4849998048777,0.40375232381132,0.00314285714292,0.067571425443657,1.1712379953508,0.02262856971631,1.1329999707427,0.044343187701779,0.058666664955126,0.097626534214401,0.43214279001886,0.0018857139428571,0.070504761916204,0.050285711429967,0.27358568423243,,0.0576190476202,0.36902378969773,,3.2680474936447,0.057828569718774,,0.20491424845714,0.008171428573528,0.83495235772273,0.050757133628571,0.039599996461417,0.040857142295269,0.00314285714292,0.12890950498199,0.33874759689067,3.154537595567,0.33565711658968,1.1104237121736,1.9168285052394,0.25189995934694,0.063380948104834,,0.0018857139428571,0.38499998658469,,0.3252856722876,0.12822855714385,0.10842855171429,0.013828570516926,0.28395713621521,0.075428568013451,0.011785712428603,0.091666666382754,0.42035709706051,1.4776665660515,0.10408094801112,0.49971428572428,0.0078571414285714,0.15347619047926,1.4127665714537,0.31585709309835,0.044942852061706,,0.084857135429451,5.2805232830714,,0.28432377709782,1.4175331260148,0.25719045307662,0.045099994372239,0.1979999971465,11.749518592479,98.258478314658
1998,0.0086428555714286,0.038761901905223,0.67744278289919,0.030171428572032,1.2183808089839,0.012047617619131,0.031271427000453,0.030380951817109,1.3998807028136,0.31271428200761,0.0062857131428571,,3.8916426133634,2.0376712451021,0.03457142457344,0.38761900991013,23.794044176758,0.075428564582743,0.021895235640023,0.39008090592027,0.13985712943517,0.28547617706593,0.01304285694468,0.23304284835247,0.34068565234286,0.11523809467419,0.16919046851059,0.090200000004092,0.14891902673665,2.5111427138121,1.4582856304341,0.053952378896091,0.13613808366812,,3.864457076872,2.1696190270975,,0.37609523700554,0.29857141606091,0.053428562857269,0.70368570408083,3.7515232459162,17.674640176749,0.10842855285903,1.5845236064062,0.4215618476212,0.00157142857146,0.070714282015086,1.2545236996318,0.029333330136032,1.0839713987295,0.038971428572208,0.069142853717051,0.086638095239828,0.3457142297256,0.0015714282857143,0.068409523818988,0.049238090095657,0.30265710706025,,0.047771426972208,0.37295236155201,,3.4471903142016,0.039914283657715,,0.20852853351429,,1.0486666286195,0.10790474876262,0.037661899762108,0.032476189910629,0.00314285714292,0.14394283577196,0.3480713996104,3.0957137748628,0.33141424981271,0.71688563854216,1.2753713580285,0.21423806295663,0.062333328483943,,0.00078571414285714,0.52485713029483,,0.25928568085865,0.1398571300049,0.041171421085714,0.016971428118623,0.20114285262247,0.074957139640803,0.04541427762859,0.09009523809704,0.32408090475362,2.0727141503433,0.080090474906222,0.17914285714644,0.0072285701142857,0.18773333333709,1.7570141674925,0.52014281065063,0.037609520901302,,0.10177618313632,5.2582089735497,,0.24540473836258,1.9794759260993,0.31376187136233,0.014928570257665,0.20114285428942,11.083285235451,100.71226986955
1999,0.0078571414285714,0.011838094323946,0.73354277962286,0.019171428571812,1.419523629557,0.013619045904846,0.042585714143693,0.027761903910503,1.6307759077731,0.23162856714807,0.015714282857143,,4.07686162099,2.0972807544451,0.03142856743052,0.36834281257389,25.447710473387,0.048714279146629,0.045414281577161,0.41569518949533,0.10999999257985,0.19889047073882,0.01367142837344,0.19585237060749,0.36362850531429,0.11523809467419,0.16211903882108,0.084123808669487,0.12780951084028,2.3150284216552,1.5148570613032,0.04420952169589,0.14347141563002,0.0015714282857143,4.1408713549097,2.3707618716893,,0.37399999891026,0.31271426605513,0.058142848285903,0.75056665597484,3.5737947378262,18.147744945776,0.10057141143046,1.4308378866741,0.41841898476336,0.0031428571438,0.073857139731257,1.282285592102,0.033890474737019,1.0867999718766,0.08800000000176,0.073752377182013,0.084019047620728,0.31239994812239,0.0017285711142857,0.062490475543663,0.068147611190975,0.33895710103262,,0.081295235239407,0.4341333141693,,3.2151426851166,0.03535714054331,,0.192499965,,1.0631237826607,0.13776188047627,0.040438090955006,0.030904761624914,0.00628571428584,0.10507617624868,0.31742852858186,3.3236232840274,0.31889519919678,0.96454277322899,1.3454570597431,0.22471425343831,0.059190471912514,,0.0012571426285714,0.34885712857683,2.2470380692839,0.2972094852398,0.10827141528747,0.043214278543285,0.029699998034229,0.20318570790626,0.053585711465823,0.053114276057143,0.05971428571548,0.43449995397505,2.2500236276591,0.026871427400409,0.22691428571882,0.0072285701142857,0.19276190476576,2.0199141544307,0.59085710754737,0.027447617109145,,0.074590467963195,5.2651232512978,,0.17285712401898,1.9655426023305,0.31690472907674,0.019957141402351,0.19485714286104,11.260594719166,106.39120259603
2000,0.0078571414285714,0.016552380552668,0.76214277305498,0.02200000000044,1.2529522375613,0.012047617619131,0.006600000000132,0.043476190201874,1.5841568640915,0.40747142397907,0.021685710342857,,5.3530711311822,2.0797855174392,0.042428566575263,0.31585709400094,24.127710576841,0.054999992289486,0.028757139116385,0.45508566288892,0.11942856115291,0.22083808907727,0.010685714115713,0.28856665805605,0.45885705942857,0.12833333306071,0.13336189535555,0.078152380384213,0.11665236566732,2.6132855455379,1.4488570544493,0.051438092839388,0.13681903482038,0.0015714282857143,3.6664570858375,2.0847618659615,,0.37190476024349,0.25614283375027,0.072757131685941,0.77942856059286,3.5588661464109,16.884787954816,0.10214284200566,1.5406283730731,0.40312374666781,,0.061285708866571,1.2141903631422,0.021319046107838,1.0471999697467,0.08800000000176,0.086899995062033,0.087057142858884,0.29841423660849,0.0010999998,0.066157142208995,0.043895231523965,0.33282853163413,,0.065947616448652,0.4626809348524,,3.2874284005644,0.030328569800427,,0.25535709642857,,1.0480380573802,0.12932854962946,0.029961901907335,0.04871428372032,0.00942857142876,0.088890462962227,0.44120471196183,3.3968518491096,0.36085233551206,0.98497134094557,1.7179380316617,0.27028568573063,0.053952377245806,,0.00078571414285714,0.46514283372101,2.2036666435788,0.34257138571642,0.11879998634391,0.085328565929994,0.029228570120886,0.18417142392443,0.060028567723702,0.058142846800201,0.05028571428672,0.47347138826218,1.7470617349449,0.032214282428854,0.25268571074752,0.0078571414285714,0.18260000000365,1.6682284609425,0.63642853928051,0.029280949956747,,0.06505713685884,5.3926708330571,,0.23152378383245,2.1827140044568,0.31260948669506,0.0094285705720509,0.2005142857183,11.578337587151,105.17549323877
2001,0.038028566171611,0.022419046819408,0.86899989459868,0.0157142857146,1.3770950807191,0.012047617619131,0.030957142829187,0.047666666394194,1.6987139903517,0.41485713715053,0.010371426685714,,4.6631616770562,2.1064998077265,0.032999995716234,0.32539042716302,24.696567596253,0.041799993773691,0.054476185797386,0.42669518743501,0.084857132007543,0.091142842516435,0.010214285572849,0.30082379547565,0.44471420485714,0.094809523532714,0.18479999055002,0.078152380384213,0.17327617104895,2.7484283752537,1.4483332537836,0.058090472506398,0.19433331224918,0.0015714282857143,3.8548713595117,2.2492380461454,,0.33942857033638,0.20962855030818,0.057985705857375,0.80928570293978,3.5691851973176,17.426302144446,0.091142844005657,1.4957378986671,0.39249041130547,,0.067414282386137,1.2194284589536,0.021319046106782,1.0795714011327,0.12257142857388,0.084019042135466,0.02200000000044,0.31962851812221,0.0037714278857143,0.068566664132821,0.063380945810069,0.3167999588843,,0.094599996458645,0.47247617280637,,3.4618569706134,0.015714284057275,,0.11628569314286,0.006600000001012,0.99806663057116,0.21523330045675,0.023047616306857,0.038238094958394,0.01257142857168,0.086219035677657,0.51050470382175,3.4640042118341,0.37578090948707,0.93248562452545,1.7004951808347,0.22534282086487,0.052380948960091,,0.0014142854571429,0.45649997986406,2.3134047405531,0.37085709600226,0.20947139483064,0.11125712308577,0.011628569314286,0.18977618523769,0.06180951981912,0.053585705343121,0.0838095238112,0.27185710600138,2.0562141106552,0.030171427486198,0.25017141806099,0.0078571414285714,0.1623809523842,1.6004475247046,0.54418569753539,0.02456666406916,,0.070399992229125,5.6406422255629,,0.24252378297719,1.881523585711,0.30538091669525,0.0075428565718686,0.18700000000374,11.746689976832,106.63005964831
2002,0.032685708342857,0.051699996886406,0.84532370469087,0.013828571428848,1.6824236379409,0.012047617619131,0.052014285686751,0.053952380681794,1.6703235152444,0.36582856857843,0.013199998000044,,4.80239022872,2.2432140797996,0.026714282573377,0.33209518666765,31.126852674176,0.087371420012069,0.032476188881768,0.43004756553845,0.062857133718057,0.058142847486167,0.0095857141442651,0.27206665510357,0.44785706142857,0.069666665244611,0.17537141923345,0.11408571343428,0.2126666375275,2.6519426635191,1.4425713516021,0.059504757905688,0.15399998628729,0.0015714282857143,3.7583332657325,1.9464761533858,,0.32999999890586,0.16185712887785,0.083914273886091,0.76057141773886,3.9940470430037,16.044073760187,0.091142844003897,1.4900283691657,0.69017130308571,,0.068828564523526,1.1853808418985,0.008695238095412,1.1502856676963,0.1414285714314,0.073019043677745,0.02200000000044,0.21025710886412,0.0015714282857143,0.055995237276319,0.047666661809943,0.325285672314,,0.085590474534863,0.47823807955805,,2.6432474594342,0.021685711943033,,0.1968999642,0.0125714285752,1.0941332969734,0.10397617336369,0.022838092382855,0.026714285434354,0.00942857142876,0.090933321450594,0.5831046887884,3.5191089636815,0.38751423652824,0.90330943710387,1.4373332762535,0.22125710858123,0.052380948960091,,0.0015714282857143,0.40071426714883,1.8825714143253,0.36928566771655,0.17835711803152,0.08894284154292,0.048085712640263,0.14368094873061,0.07013809196275,0.063642846371869,0.07542857143008,0.30894281240126,2.1037236111072,0.0487142797146,0.29071428263404,0.0031428565714286,0.15923809524128,1.749366572372,0.51872855484233,0.020480950411829,,0.070609516381899,5.7584993481506,,0.31952377126667,2.2868473658805,0.42428567147634,0.012414284601006,0.157142857146,11.155937604856,111.6924684978
2003,0.036142850571429,0.038604761476915,1.1625427455917,0.00471428571438,1.574518890774,0.016238093809691,0.10842857143074,0.05866666668368,1.7307711231487,0.37242856829282,0.029385710485884,,6.1551805961615,2.2089569428803,0.031428568002011,0.39191422428679,29.242186198445,0.032685708571806,0.021999997828949,0.40108090032305,0.046671422260726,0.024880949611125,0.010371428457338,0.24535236824753,0.483999912,0.082238093819811,0.15059523101047,0.11157142771994,0.20894758965156,2.5122426219769,1.5295237188315,0.052590472762755,0.0319523789528,0.0015714282857143,3.7923808827771,2.0748094870091,,0.33314285604878,0.099471419525135,0.082238081809691,0.71971427545063,4.109547043759,17.107092640462,0.12728569514682,1.5630473893569,0.031847619048256,,0.077157136154926,1.1288094104474,0.009952380953108,1.0531714005536,0.1414285714314,0.091195233440287,0.027028571429112,0.20695710957859,0.0015714282857143,0.056099996721382,0.031428565714286,0.26085710229703,,0.087057140744366,0.45938093668997,,2.9180379237515,0.012571427828741,,0.19642853571429,,1.1305904222645,0.20465234824317,0.040804758108856,0.026714285434354,0.00942857142876,0.08485713085752,0.6393094435263,3.786723200167,0.39442852201653,0.79482848265587,1.6956761207179,0.22125710858123,0.052380948960091,,0.0015714282857143,0.33785712714789,2.1192285479386,0.38369042547829,0.16793332116428,0.067571416914355,0.0029857137428571,0.092138091342118,0.12361904192245,0.062699989800484,0.04085714286148,0.30894281240126,2.1294950237719,0.042742851485947,0.30957142206262,0.0031428565714286,0.1676190476224,2.0099094226242,0.51872855484233,0.034519041647653,,0.11329998854914,6.0074136144238,,0.31952377126667,2.2002092540672,0.4399999600572,0.015714285429206,0.0471428571438,11.46341375046,113.05987306372
2004,0.040857135428571,0.060028566572095,1.3601760516991,0.049657142858136,1.7661807812529,0.022523806954309,0.05814285714402,0.053952380681794,1.8729330060265,0.38185713972158,0.020899997228685,,5.5717091862205,2.0847617106285,0.037714282289611,0.39516184362023,29.978138186461,0.069142853729371,0.054214281350149,0.47090470336623,0.086061895024097,0.027028566743234,0.011785714143605,0.2761523675147,1.2426856396779,0.068095236387406,0.16913808787358,0.036142850571429,0.25027615905374,3.0377283249083,1.373952306541,0.056361900762592,0.17547617762114,0.0015714282857143,3.80144278528,1.9176666378658,,0.29857142746962,0.21036188535652,0.079147606562114,0.67676189392414,4.3403374838931,17.994949665209,0.084857131432531,1.7683283132046,0.005447619047728,,0.068042849922771,0.96433323138188,0.011942857143096,0.99974283654981,0.11942857143096,0.10931903696309,0.015400000000308,0.26368567515738,0.0015714282857143,0.057880949330263,0.040857135428571,0.34445710587081,,0.081766666582578,0.46503807612532,,2.9710474441418,0.01052857054297,,0.089571412285714,,1.5474380356558,0.15368569057577,0.031638090095305,0.031952380672554,0.0157142857146,0.029438090266709,0.66361419696238,4.1953469461718,0.4051142443051,0.96119038918046,1.5724761191064,0.20114282286091,0.052904758769657,,0.0015714282857143,0.46985713172246,2.2557333030001,0.38499994714474,0.21114759170598,0.091928554942882,0.0031428565714286,0.17076190217835,0.10580951868406,0.068514274343153,0.04085714286148,0.49971423486154,2.0601426391211,0.033157136885721,0.33298570351976,0.0078571414285714,0.19276190476576,2.074599886823,0.39097141208995,0.073647610540558,,0.10507618047948,5.6150803324229,,0.34152376840966,2.5010330521342,0.46655709945823,0.011209523809748,0.0471428571438,11.818189989463,117.3733390504
2005,0.050285708000314,0.010319046733442,1.034942762156,0.044628571429464,1.6163712696844,0.014352379525699,0.049028571429552,0.053952380681794,1.8464282494336,0.38499999572151,0.026871424714399,,5.0882853831027,1.9698378987613,0.054999996863177,0.36666660895337,21.118058585693,0.051857138007543,0.037819043908454,0.48295232669851,0.10004761191126,0.12424761476743,0.00628571428672,0.23309522470329,1.2851142102606,0.068095235815914,0.1307428503101,0.0337857092876,0.083285703771938,2.94485691551,1.2492856472925,0.052590471619597,0.18804760047791,0.0015714282857143,2.9852951564669,1.763666636718,,0.29857142746786,0.20721903907722,0.089571415714663,0.67257141830683,4.5872612557693,19.41237802214,0.053428562858149,1.5546664524298,0.19621901761967,,0.030223804753165,0.92714276004306,0.028704761906392,0.93814283595949,0.12257142857388,0.093447613334926,0.010057142857344,0.20947139472126,0.0015714282857143,0.024933331222834,0.050285705142857,0.24985710544177,,0.063328571344114,0.4248095109841,,2.7517807771285,0.011314285485915,,0.074014272257143,,1.2701332707516,0.16227616774024,0.017076188019119,0.026714285434354,0.01885714285752,0.00036666663809943,0.54366183217729,4.4629088134511,0.43298090800057,0.96380943250809,1.6803808781717,0.16971425714663,0.050809520674377,,0.0015714282857143,0.43842856029326,2.3156571120805,0.31428566857269,0.25781902219283,0.087895222666727,0.0031428565714286,0.20784761910634,0.1094761856383,0.07102855954297,0.06285714286896,0.47142851714631,2.1932950458164,0.032685708571454,0.36409996808949,0.0078571414285714,0.20533333333744,2.1245713150051,0.40417141152154,0.05018094409621,,0.10444761019194,5.4625993613861,,0.3745237647009,2.1347855211718,0.37211425490906,0.021371428571856,0.0471428571438,10.878947133019,106.67652133829
2006,,0.042166664581566,1.2444141580162,,1.5009236754173,0.035304760483779,0.066942857144196,0.053952380681794,1.8575330024233,0.38028571143586,0.017128569285821,,5.5211091750232,2.4795045215553,0.053428569147194,0.36561899047722,23.503067700367,0.084857140020743,0.029490474910138,0.45833328050418,0.12047617905317,0.17191428000369,0.0091142855439006,0.19066665469028,0.82877134325053,0.058561899906103,0.18469522881671,0.039285711717253,0.18878093021315,2.6673950048706,1.195333264912,0.031847618476765,0.17128569571567,0.0031428565714286,2.8081427829315,1.7317142463336,,0.25299999917422,0.28589521269405,0.097428557143234,0.68723808383257,4.2312279683283,21.105068230189,0.079514276007386,1.8961902048228,0.21905710302857,,0.039547613993703,0.9308094098596,0.010790476190692,0.11518570536178,0.12885714285972,0.11974284771705,0.015085714286016,0.18102854171957,0.0015714282857143,0.0253523809594,0.050285705142857,0.26714281944649,,0.081452380812897,0.46304760479071,,2.8074093700359,0.015714285200258,,0.078885699942857,,1.370704693626,0.23592377553482,0.048190467961963,0.024619047339074,0.0157142857146,0.003771428571504,0.54711897807238,4.0206041470897,0.48054281746092,0.96380944967571,1.7563332519838,0.20114282858463,0.051333330483943,,0.0015714282857143,0.50442855572265,2.4289047291365,0.33576185704909,0.2514285514314,0.086428557143014,0.0031428565714286,0.14954761608548,0.11209523239665,0.051228562857225,0.05657142858136,0.31763805924049,1.9273045864336,0.025457138285721,0.52155710106298,0.0078571414285714,0.23100000000462,2.2666808464725,0.40071427009429,0.060028563146314,,0.10444760904896,5.8554040798642,,0.31271424716951,1.965437925515,0.46776186053171,0.032685714286368,0.05028571428672,10.281175675079,110.52961111054
2007,,0.041799998057765,1.3637903462668,0.022628567314286,1.4407903550073,0.053952379537051,0.055942857143976,0.066523809256994,2.0325901094515,0.38814285286443,0.021685711371542,,7.1531424181846,2.4318902525026,0.040857141147006,0.38667613076307,21.483310863231,0.062857137152286,0.040176188397738,0.49437137094423,0.10790475619553,0.13954285337416,0.004609523810144,0.22115236675201,0.87402848554888,0.056361901906103,0.10711904023481,0.031428569148514,0.23330473631242,2.4666712215906,1.1221570728686,0.027814284428986,0.17285712857331,0.0031428565714286,3.0595713389832,1.9826190051002,,0.24199999888474,0.19485713143913,0.097638080952762,0.6489999900242,4.5325231552262,22.126810873606,0.050914278230878,1.6395235632702,0.16767139808571,,0.031271423800805,0.96695226271699,0.01257142857168,0.76659521168764,0.13493333333603,0.068357138545686,0.005971428571548,0.17977139943442,0.0015714282857143,0.040857142869048,0.050285705142857,0.27185710716549,,0.087738095098737,0.4305714217503,,2.9097093202119,0.012885714285972,,0.080457128228571,,1.4002475536392,0.16059997663573,0.070190465333543,0.041380952104834,0.00628571428584,,0.54654277207121,4.4555754572561,0.46598091011909,1.1869522948657,1.8516665824615,0.22942854574069,0.047142854293383,,0.0015714282857143,0.55314283086531,3.0421285498629,0.38447613962114,0.31407617048027,0.088942841428622,0.010371428288354,0.15117142695408,0.14719046906914,0.037085708571542,0.06180952381604,0.37735234667044,1.9852379097631,0.020952377523851,0.54999995714914,0.0078571414285714,0.22366666667114,2.1177618034404,0.4258571238087,0.052485705429527,,0.10942379995475,5.497223163069,,0.34623804754485,2.151809375615,0.46933328767269,0.032685714286368,0.078571428573,10.711118499618,113.64512523407
2008,,0.030171427771944,0.91724277156897,0.011314283657143,1.4446665439463,0.032999998578971,0.09742857143052,0.047666666394194,1.8533425234887,0.31742856572001,0.0081714270857143,0.90859993141378,6.306509084448,2.3442045396922,0.031428569144994,0.37871422428653,20.46130628927,0.037714280001886,0.024199998118434,0.35912377241309,0.12225713571982,0.10512856180333,0.0056571428004589,0.16604761193722,1.009171305986,0.051857141436491,0.14184761176071,0.0172857122876,0.22953330459666,2.4626378824384,0.99843327901418,0.063904758477091,0.16080951095418,,2.6952618165612,1.8710475745228,,0.14457142801163,0.24304760421394,0.098999985428949,0.45990475392364,4.7980945572586,23.294329831096,0.089728557174823,1.8815234952535,0.21685710342857,,0.032371423829225,0.81766655613463,0.018542857144284,0.86622377618597,0.1540000000066,0.1009904681932,0.011942857143096,0.16814283000566,0.0015714282857143,0.01760000000528,0.050285705142857,0.27735709700754,0.2861571393702,0.10528571400559,0.36666666098549,,2.7512569764019,0.0065999995429389,,0.087999985714474,,1.0826094611713,0.29097614485669,0.075585704892176,0.030904761626674,,,0.56744278624051,4.5801897196274,0.49510472195303,0.98371420529447,1.7489999186468,0.13891426114399,0.050180949819045,,0.0015714282857143,0.59714282858023,3.4406428408658,0.26871424714399,0.32979045047996,0.082342842285727,,0.18909523487848,0.10999999430313,0.025142852857174,0.0534285714314,0.29249520666906,1.8621426616467,0.019799996571447,0.54999995714914,0.0075428557714286,0.19569523809915,1.780952289655,0.4096190305705,0.049657134857784,,0.10015237209644,5.0570660434726,,0.34885709865638,1.7757141402659,0.42690471708994,0.043999996571931,0.07228571428716,10.00654229822,111.19621098944
2009,,0.026714282743065,0.80708562962143,0.013985711742857,1.4902379711181,0.040857141152286,0.061233333248834,0.060238094969394,1.8255282535733,0.44628570743674,0.010371426685714,0.95914755591716,6.2800043922264,2.491133087811,0.033942856004777,0.36614279800082,24.608881980141,0.065999992578971,0.049290474744543,0.4908618460285,0.1178571300595,0.10905713377367,0.0040857141147006,0.1450952309809,0.832857062975,0.10999999430313,0.18893808301524,0.027342852285903,0.18081902230824,2.659275990569,1.0068665953555,0.079409519239181,0.18071427000189,0.0015714282857143,2.7469618251237,1.9302380481445,0.099942857144856,0.19328571344114,0.27206665441513,0.061442845971429,0.46619046705858,5.8956849482054,23.876596494605,0.11424283843197,1.748999719168,0.23571424285714,,0.054790470767331,0.87947608396343,0.018123809296103,0.72416663735329,0.1540000000066,0.066419045106166,0.087057140915989,0.16028568857709,0.0015714282857143,0.017128571004167,0.050285705142857,0.28599995315046,0.32119999346384,0.10114761856563,0.33628570859161,,2.8870284034083,0.0034571426286154,,0.098999987145183,,1.5232380270064,0.19433330464852,0.077838086617171,0.037190475914274,,,0.63286658785152,5.3310181860881,0.54245710520236,0.98738086824651,1.920914193822,0.1209999900198,0.051857140295269,0.028495236039671,0.0015714282857143,0.59714282858023,3.8868761678641,0.24304758476299,0.36457140286161,0.086323794095267,,0.23157618839757,0.08223808924964,0.032999994285746,0.03205714285796,0.32151425708899,2.3072235426375,0.032999999714914,0.5594285285779,0.0078571414285714,0.22942857143316,2.4956379892181,0.44345711579937,0.073961896191189,,0.11010475076411,5.3274564859718,,0.39846186059669,2.3885712575238,0.44209518956075,0.062123803752989,0.05971428571548,10.365613739837,121.92765310392
2010,,0.022628569143058,1.0345236909776,0.010999998,1.6955712804529,0.031428568002011,0.051438095181975,0.045047616198103,1.976332994195,0.52171428229577,0.013199998457413,0.92085707438283,6.4277186124947,2.7662902059676,0.026714284861103,0.29108091155811,21.370115859667,0.070347614113545,0.05007618877275,0.45037137516869,0.097009513240105,0.1084809417846,0.0054999998577651,0.24304760193766,1.06432846377,0.069666666392874,0.18773332457114,0.059504752077355,0.19260473256852,2.5563474041825,1.0380856332613,0.05856190447733,0.18857141143046,0.0031428565714286,2.7609998876781,1.8940951952853,0.078571428573,0.24199999888826,0.26054283917249,0.087371417486242,0.32601903906235,5.3934564476037,25.24122487695,0.090671414146251,1.8254759250814,0.1913999652,,0.036247613334662,0.93080942645749,0.021109522981811,0.66309044369625,0.1854285714446,0.11151903736406,0.066942850343976,0.15242854714851,0.0015714282857143,0.038238095020295,0.051333324761989,0.30862852429902,0.27761904478474,0.096433332224726,0.34990475621093,0.016971428571768,2.9123807585983,0.016028570857401,,0.10811427228763,,1.2718094669498,0.49044277723963,0.078833319419094,0.041904760771417,,,0.65916181576083,4.7229801845645,0.53156186480844,0.94914277728504,1.8684284809373,0.3513714115057,0.055104759057207,0.031271426088706,0.0015714282857143,0.81661901706587,3.5588666411288,0.24409520552511,0.1948571257163,0.11911426657488,,0.18642380462585,0.10423808925536,0.019171425428609,0.034571428573,0.25064281277156,2.5266997251061,0.032999999714914,0.56571424286374,0.0078571414285714,0.235714285719,2.3306379798408,0.405899969811,0.11073331910805,,0.11544760762115,5.9474373699847,1.6688047474544,0.41129519287372,2.2366664812583,0.40595233383886,0.14760950666809,0.10821904762121,10.832485114581,122.22554365007
2011,,0.030171425657426,1.1153998557439,0.010999998,1.8322855470338,0.027761901621017,0.073909523668129,0.045047616198103,1.808294940671,0.53742856686739,0.021371425714399,0.7904285043663,8.3606280455258,3.1803091988198,0.068095236383886,0.29233805390182,24.605896250593,0.05515713694859,0.049761901054894,0.5483237524284,0.2191618910556,0.12519046304973,0.0061285711724029,0.20795235954321,1.0800427683473,0.066523809249954,0.14389046704327,0.066995228241343,0.25870949407544,2.5928569172491,0.76617612618622,0.060552380839294,0.23047616762114,,2.4005665922472,1.8679047162387,0.08485714285884,0.20166666354686,0.29092379098784,0.080142842571429,0.34728570829552,5.0754516919336,25.939253257419,0.1198476110597,1.4561902579327,0.21308567668584,,0.039757136887261,0.83652372015493,0.021109523382383,0.77832853817123,0.17914285715172,0.078676187908693,0.09239999851597,0.14142854914851,0.0015714282857143,0.032528571123526,0.050547610161938,0.3554570965434,0.28652380697367,0.097009522671297,0.36561904192729,0.01728571428606,2.8956188538451,0.014299999914562,,0.12508570000251,,1.3147618450544,0.1420571202866,0.043476185333637,0.027238092956194,0.00942857142876,,0.64952371869078,4.7519468315435,0.5685428157614,0.98423801281807,1.9779046699958,0.40857141152286,0.041380949817109,0.035461901823129,0.0015714282857143,0.99261899706895,3.9924761677861,0.31428567257753,0.21371426857382,0.12969521609576,,0.22733333340001,0.068095228383006,0.001885714285752,0.02158095238156,0.24105709942861,2.6314092517805,0.030328570715166,0.56571424286374,0.0078571414285714,0.24514285714776,2.1143570431269,0.3984095011443,0.05730475522333,2.1687285116759,0.13828570303468,6.1614659162476,1.6638285566553,0.42281899021373,2.3990474308202,0.44314280860663,0.18736664481403,0.09585714285906,10.297885172434,130.65426660736
2012,0.062857131428571,0.054161900133907,0.92468083745715,0.018857142400327,1.8509331326729,0.041904758480171,0.062333333163133,0.045047616198103,1.7910092284995,0.69331428001324,0.018857141143222,0.69823803102087,7.9279090184458,3.3202186876251,0.059819047625524,0.29705233406833,25.313091465659,0.068776183196682,0.048871425523023,0.48619994282772,0.15064761002423,0.12697142000547,0.0067571426011629,0.20219046363755,1.0598760887022,0.060238094964114,0.17882856169203,0.084333320479103,0.27389996758302,2.1206426364036,1.0403380060654,0.059923809525008,0.32476187619383,,2.7470665705124,1.8349047216724,0.09994285714732,0.19380951868934,0.33083806841999,0.094285697142857,0.3347142785791,5.8410516784144,25.860157961895,0.090619038764503,1.4975712123253,0.240795199953,,0.038342851430118,0.899380850437,0.027552380783069,0.72338091930529,0.18982857143712,0.10649046673724,0.10057142857344,0.14457140571994,0.0023571424285714,0.051438092104545,0.05594284914468,0.3459237660116,0.28547618792779,0.15410476049671,0.37085713831023,0.017285712971806,3.0443807557701,0.01932857094319,,0.14771426571856,,1.2739047279399,0.33303804324432,0.081242846600465,0.027238092956194,0.00942857142876,0.10329522381002,0.68964752880061,4.2849707455005,0.59117138719412,1.0355713444468,2.1193332317171,0.35357141007543,0.041380949817109,0.060185709293232,0.0015714282857143,1.0339999577426,4.1936190312335,0.34519042905286,0.25226664666951,0.11890474276218,,0.21738094872165,0.055523800954309,0.003352380952448,0.01152380952404,0.18102853857143,2.6251235400934,0.01162857102876,0.58142852857834,0.0094285697142857,0.25352380952888,2.4543094093616,0.40239045484327,0.085957133293597,2.2029332876704,0.28353805882069,6.4695182575164,1.7801142663903,0.41689994410709,2.6981426641342,0.486618997662,0.12644759761957,0.06914285714424,11.3013993864,133.73971403003
2013,0.055157132828571,0.033995235838879,1.0000046341258,0.032842857114939,2.1288664186349,0.060342852005921,0.058823809154221,0.046619044483817,1.8303473247395,0.60238094267765,0.01948571240071,0.6998094426134,8.4147898778881,3.3173901352889,0.060133333282667,0.29762852817614,26.509996135619,0.097795232252783,0.055576186857307,0.52784279675251,0.1019333301403,0.13168570377484,0.0031428568575263,0.29176187706273,1.1039808505611,0.050809523533594,0.13839046855902,0.10931904359486,0.30826186920558,2.2492378730257,1.1839665731163,0.06914285714776,0.28065712314631,,2.6398951408665,1.9422856709124,0.069142857088147,0.17730951797464,0.38835234316173,0.092714268857143,0.34099999286494,5.0164183846914,25.558653121328,0.13566665695878,1.2629045637098,0.30354757181992,,0.034519044394683,0.92504751510572,0.023885712003218,0.72579044489141,0.1076952381113,0.19139998646494,0.089571428573396,0.35346660952988,0.0031428565714286,0.052642855011553,0.054685709030319,0.35456662049578,0.26819047335246,0.15976190335749,0.56010951274165,0.098895237411602,3.4335188530893,0.025299999571887,0.1487095075687,0.17112854180245,0.022419045564591,1.5278999415255,0.56917132806205,0.075638089132746,0.027238092956194,0.0098999999716234,0.17254283422951,0.63915229247159,4.7902897208671,0.7463761217252,1.2395951392366,1.9244760991359,0.28484758507633,0.041380949817109,0.043633331308931,0.0015714282857143,1.0486666307066,3.9000237939338,0.28956186705331,0.42260949273852,0.1684571138298,0.054999994914826,0.153004756595,0.061809515241909,0.002723809524392,0.0089047618481429,0.030171423314663,2.7376377919597,0.0059714277143109,0.83694279223817,0.0094285697142857,0.14986190473633,2.7597427126809,0.14624761285103,0.1682475990604,2.2437904264973,0.24540473411119,6.2362135346975,1.8043666297237,0.28039519287187,2.9189283190397,0.63915231638932,0.15881902087678,0.099419043966131,11.266932706014,137.27967050997
2014,0.08449046090477,0.053480948238709,1.1466188952463,0.035199999886406,2.1829235673383,0.062857137721137,0.10507619024987,0.046619044483817,2.1338948909615,0.87214284487323,0.010999998686494,0.66942852123924,8.5960803127544,3.4866329618399,0.046095237813406,0.30092852877662,22.587815926282,0.11591903863481,0.061023805219598,0.55188565261229,0.15970951344314,0.16468569863542,0.00549999940022,0.33895711125264,1.1969046309897,0.059452380708719,0.19029999086551,0.19009046034296,0.35545710750407,2.2649521524539,1.1806665868223,0.07542857143536,0.33979519566915,,2.5766189450147,1.8616189928054,0.07689523781191,0.19663808560318,0.41124282059246,0.078571414285714,0.29752380381661,5.1607278904347,25.662367405798,0.13545713205902,1.4278521650104,0.33345708622901,,0.043528567520534,0.86899990319534,0.024828569546666,0.66419044584922,0.20412857004324,0.14200475262738,0.083914284344385,0.35912375524458,0.0031428565714286,0.02749999900572,0.031428568800339,0.39165232981378,0.3072666592656,0.1487619036395,0.52187141285787,0.059923807982157,3.3179140902029,0.022471427914663,0.11361427123787,0.26200949166338,0.021790474135655,1.3658332981024,0.32591423069269,0.055419041450689,0.027238092956194,0.0083285712858651,0.14294759896255,0.71400467323478,5.00966112453,0.69970470590772,1.5723712928571,1.7348570572174,0.23508568619504,0.033523807243794,0.05468571098131,0.0015714282857143,0.94285710574842,3.8320856990749,0.28013329791104,0.23382856230136,0.19946663489626,0.04766666066696,0.19249999556428,0.068095229527749,0.003352380953152,0.023780952096034,0.040228566172007,2.4453521016266,0.022785712772774,0.86679992858091,0.0094285697142857,0.17165238092812,2.5177950971182,0.16353333000177,0.11963808222034,2.1338427800092,0.17888093613264,6.2972373256139,1.8092380413361,0.32916185620386,2.7305664653654,0.83500467400953,0.14755711842883,0.091823805387613,11.28207078031,134.22649009448
2015,0.11696664589529,0.056519041933838,0.89225703632669,0.033942857029238,2.2917711942511,0.081138088991743,0.10308571365984,0.040333330196217,2.054694917476,0.69771427201245,0.015399998743027,0.55350945764886,7.9800280297861,3.5876758250319,0.053585714034015,0.2973666240143,24.65083929982,0.081819040256893,0.07977618428784,0.84694753573758,0.16667617928551,0.14362856132203,0.0040857139429011,0.28238567821769,1.2637427324307,0.071761904491674,0.16719999042974,0.21130474431444,0.35697614995414,2.4841140400755,1.0816665808003,0.09428571429464,0.48504757128081,,2.7206665284641,1.7751904228039,0.056414285288027,0.20150951260311,0.34283330122231,0.095857130007543,0.21057142229099,5.8386945102076,26.160719783482,0.1531618912783,1.0666331784277,0.28505709960112,,0.05416189876796,0.95333322768457,0.024671427290466,0.63475235317837,0.2295857122165,0.097009518099366,0.035409523753259,0.43119993143493,0.0031428565714286,0.046409522850005,0.044785707971806,0.45346184110641,0.42638094919498,0.20061904621193,0.47478094154971,0.079095236040155,3.0179808024107,0.020114285086047,0.11460950930297,0.27929521162094,0.02304761653563,1.1267666310228,0.26169519650452,0.11665236996107,0.028809521241909,0.0071761904477594,0.17641902053388,0.77062847147364,3.996561305637,0.91818566188475,1.3768856118252,1.8265237230322,0.15803330730893,0.039809521531394,0.033419047456893,0.0015714282857143,1.1476142380672,4.8021809333044,0.3325666231583,0.27044284151868,0.11848569800163,0.051752375809993,0.23812380587055,0.076266655812143,0.00251428571504,0.024776190219867,0.00062857142876,2.2479283150776,0.020585711858519,0.92399990800836,0.0094285697142857,0.19763333330906,2.515385569213,0.20308093403709,0.087685703719277,2.0056142165247,0.20475712221555,6.6910372688204,1.8795332825655,0.30171423955209,3.4113616213477,0.71117613035771,0.11796188613364,0.11806666633142,11.725527858734,137.43084225837
2016,0.16300949489532,0.047404756162221,1.3857902954229,0.039442857057922,2.5052235255729,0.071499995353807,0.095909523269581,0.040333330196217,1.9670092109037,0.90969997313181,0.024199998229389,0.38657139226944,9.3096659318555,3.4063329782827,0.058195237957577,0.29008566988804,18.20578306889,0.088419039857157,0.067571422351619,0.72191421178183,0.1651571334093,0.10675237290089,0.0045571424859406,0.28243806045628,1.1919808372017,0.056257142581674,0.18506189482406,0.17427141151765,0.54271900136245,2.7013902117425,1.2000475286222,0.0817142857212,0.46482852829062,,2.7342331833263,1.7982380492813,0.057671428260198,0.20559522626026,0.38358569146481,0.098999983030269,0.15242856428974,5.4364088509873,25.338810393862,0.15148570074493,1.4066902566535,0.39301421974364,0.000209523809528,0.081138085674981,0.88471417861606,0.023676189108957,0.68514282652296,0.29291428088024,0.15913332334193,0.028495238095808,0.44419040476821,0.0031428565714286,0.05149047468867,0.013409523809792,0.30653329599156,0.4280047586317,0.19464761643937,0.49416189033928,0.12875237735474,3.105561673922,0.021371428000365,0.2285904511815,0.50605233534251,0.022995235668795,1.3017189972586,0.31758566352526,0.109371417895,0.030380949527623,0.0066523809239394,0.17249045119118,0.70588563307951,5.5086420197106,0.79210471833698,1.493171295701,1.9632380038933,0.21397615347851,0.033523807243794,0.048399999327498,0.0014142854571429,1.1825523340897,5.4499761613479,0.34665709686412,0.24870473350749,0.30490947212668,0.050076183619295,0.17689046871411,0.09428570137471,0.002723809524568,0.012309523667249,0.00062857142876,2.4872568534583,0.0087476185634343,0.83568563835122,0.0094285697142857,0.27898095233061,3.3062331014722,0.10319046826218,0.14745236390124,2.5456617930056,0.19915236468452,6.7303229782797,1.9678999441258,0.26211424286506,3.142542599197,0.84092371845269,0.12780950312409,0.11733333208368,12.00765163641,136.8817328558
2017,0.31129994454298,0.054161900362504,1.2784093516593,0.052485713772422,2.6412044032191,0.066419043629968,0.13231428400317,0.040333330196217,2.0311234899902,0.84375235257352,0.029385710828779,0.54743329155399,9.3658183486966,3.6551948540016,0.048976190337817,0.29160471982377,15.161717046302,0.066104756369833,0.083233325944568,0.67927611842318,0.16054760863009,0.11445236869723,0.0036142854000377,0.29715712030143,1.2335189649945,0.075585714102164,0.16657141922694,0.17448094081438,0.388876158516,2.7936854515408,1.4325665690702,0.0817142857212,0.33560470153341,,2.614699862049,1.76995233442,0.06484761876493,0.2110952269765,0.40259997547722,0.090514270573333,0.16814284714688,5.7917611968261,25.857434166559,0.16699046133539,1.5361235744785,0.25954758256308,,0.061966660245667,0.88209513643141,0.020952380041934,0.66769996842693,0.27819523511895,0.14902380144265,0.13262856371679,0.42177136286363,0.0031428565714286,0.053952379766352,0.062909514466897,0.25519997088527,0.46519523564078,0.18144761643717,0.65193331155535,0.12403809084097,2.6871426356911,0.024042856143228,0.36897138597283,0.60033803351458,0.022838092840224,1.2647380522483,0.65334751909322,0.15494284086831,0.030380949527623,0.0053952380667714,0.1938094970676,0.81363323490304,5.1560135201688,0.90362375748587,1.503333209794,2.0226380056608,0.20082853731719,0.036771426464158,0.044261901709711,0.0015714282857143,1.1970618584482,4.6077428185564,0.31365710343649,0.35613806321383,0.068357137458444,0.06437618307684,0.26269046936892,0.060971422691214,0.002933333334096,0.023623809381761,0.058195227895808,2.7321901509751,0.11267142020204,0.81441897699899,0.0094285697142857,0.20721904756745,2.7020711690656,0.13938571389596,0.15991903177779,2.7557617611163,0.21104284450931,6.7666229737673,1.4614809146108,0.30234280972497,3.3154521110656,1.0881093868871,0.094180937238665,0.069038095239476,12.229223128088,134.63019043044
2018,0.16133330510488,0.046461899990881,1.5921188333467,0.051071427743787,2.1553711980083,0.054109520188675,0.16264285631921,0.040333330196217,2.1478806166479,0.7574285485955,0.023414283457539,0.61647138275454,9.2282135819252,3.7151186609215,0.015452380813337,0.33261899819697,15.377945567877,0.052852375729395,0.070138090419723,0.59358088351197,0.21973807871066,0.060971424230545,0.0058142853429326,0.19799997733,0.88560469458304,0.073699999816412,0.18904284405643,0.25891902600612,0.47834281134891,2.9486807068687,1.1069142021836,0.085695238102232,0.35184279317143,,2.4916570198482,1.8081904328021,0.071866665239727,0.18752379868594,0.47881425980449,0.090199984630269,0.17076189334253,6.1572230770672,26.910029204392,0.16484284265937,1.6365378387886,0.34807138540221,,0.065423801901867,0.84176179936937,0.024828570119038,0.63826187432684,0.31135237548513,0.14483332616859,0.11309047124969,0.38594279714926,0.0031428565714286,0.033052380189097,0.026504759790774,0.2875713943723,0.43449999718901,0.18176190278204,0.57409522316726,0.20255713472325,2.5586521804968,0.014823808809742,0.33136187719876,0.92483803472665,0.029961902249702,1.3815475718006,0.60651894794101,0.066942850463026,0.027238092956194,0.0050809523524794,0.22670473173455,1.0172903851425,5.2210182630289,0.69844758186071,1.3916046534158,1.7432380198766,0.29658090261561,0.033785712835775,0.050390471679518,0.0015714282857143,1.1500761510841,5.2609332670951,0.30988567486393,0.16939999508874,0.13619045950706,0.053428563086041,0.23990475630582,0.10664760613862,0.003352380953328,0.016814285572101,0.03535713665752,2.673209190441,0.10214284783065,0.81604278500839,0.0094285697142857,0.23932857123457,2.2298569177422,0.14341904141923,0.20224283593201,2.5580760632554,0.26960474631717,6.5072849122043,1.7917951966835,0.10528569720339,3.3382378251049,0.89634277507289,0.11314283817161,0.086219047620772,10.851761284262,135.0334713975
2019,0.15127616476211,0.066419040819804,1.7030616646995,0.061023807324788,2.2901997619774,0.052852377331507,0.24131904268364,0.040333330196217,2.1904663367922,0.84322854539246,0.017338093267149,0.53711427046613,9.7931421787147,4.0347995561282,0.013985714146113,0.33523804524458,17.131869002442,0.11942855966844,0.098109516310102,0.53009517493233,0.18967141174744,0.035671426201157,0.0039285710573566,0.16405712561423,0.84024279465996,0.10916190467391,0.18364760804861,0.20632854843351,0.42559520199617,2.7369569039231,1.1296475363141,0.085380952100434,0.33722851045771,,2.5128189386675,1.9166190063105,0.072495236668663,0.19192379754182,0.44225235532231,0.091299985230181,0.16699046477085,5.9428278489522,29.193209857556,0.17379998314483,1.6266902197429,0.35042852748807,,0.045676186024927,0.83547609594803,0.028809522615424,0.61804282733462,0.2204714228584,0.18369998843731,0.14923332427906,0.38730470105395,0.0031428565714286,0.032319046168903,0.024409521581195,0.22633807014969,0.43319047198511,0.19328571230696,0.52611427210013,0.12230951509813,2.4564569555525,0.024095237181334,0.28296186975555,0.82190947480066,0.02037618787772,1.3778808914568,0.64601418976053,0.09564761054311,0.11345714163152,0.0062333333048834,0.23414282474398,1.028342760115,5.1981801618532,1.1471951848137,1.2344618128263,1.8977618325431,0.1170190295074,0.036509522245869,0.077785707575414,0.0015714282857143,1.0174999655512,5.9949475387642,0.26787615465291,0.24241902813815,0.18390949332712,0.038290470219509,0.18134284918116,0.098161891909007,0.003352380953328,0.019799999715178,0.042009517239797,2.2017282927401,0.064638088953158,0.88549993615354,0.0094285697142857,0.20774285714824,2.3471378646684,0.1475047616591,0.12194284962132,3.0774855863263,0.2833809234901,6.7387039358345,1.8241666198238,0.17364282671617,2.8962473724459,0.77256660416482,0.18668568160049,0.06233333333458,11.054161321485,140.31844698486
2020,0.064795227495368,0.060552375810521,1.9254711559947,0.055838094553422,2.6643044711579,0.050233329769557,0.26117142291941,0.040333330196217,2.3224663429646,0.87209044623759,0.020061902447766,0.54863805354908,11.52297057832,4.0768614414205,0.042795233213538,0.34655232575359,16.281150071989,0.082761895624977,0.088314278925864,0.65790469270613,0.15567617870887,0.032371427658218,0.0056571424000629,0.1489190249645,0.73427614127906,0.11450476181687,0.20774284414675,0.15750950955924,0.47677139171049,2.814690211581,1.3370237204788,0.086428571147194,0.40605706914305,,1.9242141960992,1.83699996096,0.1029809509564,0.19349522582647,0.5683856856467,0.098371411715279,0.16091427429454,5.583808856456,30.969081109119,0.1839095055544,1.6262711721192,0.12435236095284,,0.065319038794859,0.90304752082107,0.021476189280008,0.64292378272608,0.4255952275967,0.25121902785733,0.10256189836343,0.42821421769207,0.0039809518097166,0.031847618141262,0.021738093038288,0.35419995746424,0.4740476142751,0.20952380783289,0.52616665022521,0.14540951575722,2.6505807224369,0.038080951210157,0.19155711637903,1.2537904012382,0.020061902220577,1.1746951882429,0.77785701297269,0.15316189169277,0.14451904637427,0.0056047618762994,0.17626188113426,0.99623324473746,5.4887896526468,0.88298566947907,1.4984094037611,1.9051999274958,0.012676188590874,0.034780950902634,0.074957136662712,0.0017809520952423,1.1424809106798,7.1663951484202,0.16300950884622,0.4575999651494,0.048085708287424,0.056519039019936,0.27185713286241,0.12728570057581,0.003352380953328,0.018176190448155,0.070085703259971,2.2983187559596,0.091614275744121,0.91409993438267,0.0094285697142857,0.1473999999472,2.9858187509647,0.069142856243934,0.28311901979284,2.9311331594001,0.35854759501394,6.8019277212762,1.9178237650347,0.14996664058284,2.5689712575297,0.88240944180365,0.16269520935248,0.074799997030093,10.912785132139,146.29699882745
2021,0.046692373781098,0.048347614734002,2.1242044580714,0.044628571086569,3.2156662916636,0.044890473025933,0.13257618650786,0.036457140005167,2.5673996500148,0.84123806634168,0.0053428565718246,0.47719044936039,12.831970477618,3.6940091031479,0.043109518870681,0.36918089455393,15.915321559033,0.12209998809776,0.073280948479142,0.65140945529603,0.14399522818626,0.031742854514983,0.0034571424000189,0.15897616633615,0.69457138182475,0.056099999868281,0.18039998717004,0.11172856415063,0.54429043907812,2.7983473508908,0.97533326758589,0.071028571203507,0.40322849811429,,2.0937189429288,1.5625237796274,0.084123808096939,0.1482904668035,0.43470949709137,0.071657130744366,0.16426665501856,5.8428326385057,29.244647889077,0.17311903044954,1.6055283149747,0.11481902761914,0.00062857142876,0.071657133147622,0.82850943372102,0.014980951183056,0.61060473404121,0.46048094627268,0.19648094070439,0.12822856554495,0.45634278572083,0.0031428565714286,0.0053847610019131,0.026766662866784,0.18301902414884,0.41108570944793,0.2112523792331,0.25352380377495,0.11324761596929,2.7109236061041,0.020638094495569,0.17442854692195,0.98999995667966,0.016919045191427,1.4544618829509,1.2701331620932,0.13770951402563,0.13729047500077,0.0052904761620074,0.23597615576281,0.90063801140416,5.5870562635127,1.2646856697789,1.2692951709185,1.7327094589277,0.02540475770516,0.033838093816731,0.080038087473221,0.0017809520952423,1.0559999614671,5.9311999373277,0.28898567340304,0.18275712569012,0.13749997574382,0.0089047609334046,0.18652856429933,0.12901427180439,0.002723809524568,0.015976190448111,0.038185708373126,2.1860140210903,0.03614285365801,0.87481421958165,0.0094285697142857,0.1978952379849,2.3105759574553,0.11879999969099,0.13776189489669,2.7086712677982,0.60206662515456,6.3594134853114,1.7902761429724,0.14205711817331,3.0785331676081,1.394642709435,0.20140472924805,0.10036189756875,10.091504217928,143.24964284068
2022,0.023617115456874,0.048536186448357,2.2706158388033,0.044911428177998,3.3158919877265,0.041962267753663,0.13634761439357,0.036142854348024,2.687477737837,0.79637416248775,0.0038158881706724,0.46893355311266,12.979918937666,3.7035380091886,0.048389517910681,0.38182216170943,15.480821638033,0.12883617774588,0.074422853704647,0.64543802781031,0.14449808523769,0.025771427029269,0.0035514280971617,0.14714114654445,0.61926853837332,0.058708571325981,0.18357427230719,0.10097999467634,0.54460472662125,2.7871955055987,0.91412554764763,0.071028571203507,0.43641706350857,,1.9855087688384,1.4517555288523,0.085349522159797,0.14870343196508,0.43898378202851,0.066191626489276,0.16716737085583,5.9129935864825,29.904836340471,0.17711045829526,1.6511303588748,0.064250465384858,0.0007123809526064,0.071814275976193,0.80056710907718,0.01479237978877,0.57885836123763,0.46006784312969,0.19833522608154,0.12822856554495,0.45512190659983,0.0031428565714286,0.0053226895846274,0.027122218422347,0.1583161697803,0.41281428056221,0.21027809369595,0.20539618646208,0.11268190178643,2.6806264687556,0.020826665889855,0.16359616607003,1.0867894809471,0.016919045191427,1.4231590314995,1.4606426618068,0.13673522848849,0.1586723800954,0.0052904761620074,0.24666186810566,0.9035922965813,5.6027391122731,1.2249850981512,1.1970723269071,1.6795485617492,0.02540475770516,0.033682538432823,0.087832371770363,0.0018123806609566,0.85535943491565,5.968128502042,0.28335996014019,0.17040569936441,0.10401807646725,0.0071447609333694,0.18845618341638,0.13017609223371,0.0026799557039578,0.015850476185254,0.039191422659142,2.1494649844629,0.03944285305801,0.86403422154165,0.0094285697142857,0.16508031733789,2.2690204016602,0.1197609390259,0.1298733249024,2.7472371597138,0.62991233437742,6.3487483554323,1.8356560085957,0.12206855037903,2.7572064063016,1.4199915138393,0.21457329828234,0.096967610665766,9.5326136668766,143.0920588532
2023,0.015142366815947,0.048954647537708,2.4058940670875,0.045236713833141,3.4267435043941,0.039930500380131,0.1407702240725,0.029611997259617,2.8182053912025,0.79146046966093,0.0030119607837331,0.45224035210209,13.229119685348,3.792821816683,0.054694996533016,0.39621453295001,15.061573618539,0.13597322462644,0.076128546463465,0.63956114792646,0.14500557958758,0.022266458722437,0.0036492495079474,0.13589240844095,0.56596881844746,0.055817142776853,0.18689104757715,0.093114570896334,0.54573026838792,2.7608486707925,0.88900607160522,0.071028571203507,0.47233728323305,,2.231797122624,1.4360328650443,0.086766447616459,0.14302605786053,0.44338214439393,0.061031910730311,0.17251768360853,5.8915755170492,30.582665199946,0.17864803575501,1.6929048877297,0.036928993617706,0.00080736507963388,0.071435746535632,0.78257243723008,0.014609196148607,0.57346727526842,0.45240438823324,0.20024300917861,0.12822856554495,0.45512190659983,0.0031428565714286,0.0052613940600578,0.026944440644565,0.13707038867302,0.41465339982916,0.20940283390193,0.16685319515069,0.112135044743,2.6511483566567,0.021023940579261,0.15542788723984,1.1966999727944,0.016919045191427,1.3998813126209,1.6800402799076,0.13577855394356,0.18464313958502,0.0052904761620074,0.25794562854672,0.90656548596584,5.6200946980749,1.1852891784341,1.1389145757379,1.6527906542266,0.02540475770516,0.032065522710446,0.097047966733456,0.0018444377979851,0.8442155445587,5.8109859783969,0.2778749879918,0.15966961764635,0.080041731100068,0.0062544079921751,0.19042352318241,0.13005549053279,0.0026799557039578,0.015330988094572,0.040375930596005,2.1041905529449,0.043310885141617,0.85357366534421,0.0094285697142857,0.16514946018247,2.2702787760268,0.11719843413279,0.12312928153735,2.3870395554222,0.66114695821174,6.3150671063952,1.7721829063375,0.10502274395446,2.6304782356768,1.5515971908381,0.22802637957702,0.096275745835569,9.6377960062343,143.61829668843
