,Albania,Argentina,Australia,Austria,Azerbaijan,Belgium,Benin,Bulgaria,Bahamas,Bosnia and Herzegovina,Belarus,Bolivia,Brazil,Brunei,Canada,Switzerland and Liechtenstein,Chile,China,Congo,Colombia,Cuba,Czechia,Germany,Dominica,Denmark,Dominican Republic,Algeria,Ecuador,Egypt,Spain and Andorra,Estonia,Ethiopia,Falkland Islands,France and Monaco,Faroes,Gabon,United Kingdom,Gibraltar,Greece,Greenland,French Guiana,Guyana,Hong Kong,Honduras,Croatia,Hungary,Indonesia,Ireland,Iceland,"Italy, San Marino and the Holy See",Jamaica,Jordan,Japan,Kenya,Cambodia,South Korea,Kuwait,Laos,Lebanon,Saint Lucia,Lithuania,Macao,Moldova,Maldives,Mexico,North Macedonia,Mali,Malta,Myanmar/Burma,Mongolia,Mauritius,Malaysia,Netherlands,Norway,New Zealand,Peru,Philippines,Palau,Papua New Guinea,Poland,North Korea,Portugal,Paraguay,Qatar,Romania,Serbia and Montenegro,Singapore,Saint Pierre and Miquelon,Suriname,Slovakia,Slovenia,Sweden,Togo,Thailand,Timor-Leste,TÃ¼rkiye,Taiwan,Ukraine,Uruguay,United States,Saint Vincent and the Grenadines,Venezuela,Viet Nam,EU27,GLOBAL TOTAL
1970,0.0005020889,0.00512492516367,0.0080087493571948,0.010266244556724,0.00106457133828,0.12986304970396,0.00015965924792,0.0085523791695611,0.00030173249062,0.0005821767,0.0064674354194274,0.00053021602972,0.08060624085527,0.00038751180886,0.087282283261901,0.013341487654682,0.00231746107372,0.15563269674965,6.4378729e-07,0.00537365009896,0.00020155253326,0.01057048160332,0.15449988174986,4.054903036e-05,0.000480138,8.825377196e-05,0.0003853535616,0.00091894182679,6.940871168e-05,1.4969965454694,0.00043808668437033,0.00014726090727,,1.2252576716431,0.0007894362,2.768285347e-05,0.40037591312931,0.000273567,0.00011628300086999,0.0003204642,1.936182131e-05,7.297917263e-05,0.0037717904875,0.00878005769148,0.00027256462263322,0.07264930848097,0.0197503457828,0.02271987081794,0.0024574632645881,0.39426487959236,0.00041383863338,2.020226137e-05,2.4186431224883,0.00013186107383,0.00209507283711,0.1281503536033,6.324186168e-05,0.00135768525838,0.00013263223769,2.38523708e-05,0.0017606163875998,0.00027372422395,0.0009148491,0.0002322881266,0.00880231785,0.00723716485,0.00088520752375,0.00015194808680647,0.01524538364569,0.00026510298855,0.00012897360506,0.00999167138816,0.010313811627931,0.0028837430295667,0.00162660778,0.00261384587685,0.03150694034411,,0.00018785073976,0.18115564536612,0.00492919133995,0.14686125388465,6.255357654e-05,8.7835919e-07,0.0010387715989373,0.00191748675,0.01390860729786,1.550945e-05,7.148980176e-05,0.0038318932,0.00053410905159706,0.029498267572963,2.57514916e-05,0.00367160469258,3.763603899e-05,0.00875575275,0.0017975275809,0.030667175206247,0.00092936742288,0.0017608052036523,2.38523708e-06,0.00471683754529,0.00284918754428,3.9020937018717,7.4182148947415
1971,0.000528197116992,0.00523662797892,0.008174627852769,0.010367389283322,0.00106457133828,0.1306963044333,0.00017317878101,0.0087789367501038,0.00031246605748,0.00061937400028229,0.0067156740741453,0.00054659910929,0.08407945372411,0.00040842071941,0.088768435194797,0.013832588853106,0.00238150402113,0.15953811638585,6.4378729e-07,0.00557918327902,0.0002087082445,0.010783914796754,0.15707913765198,4.054903036e-05,0.00049577036055429,9.302424612e-05,0.00039797332736,0.00096064421115,7.166224128e-05,1.551568411235,0.00045121027915876,0.00015496082399,,1.2452998666868,0.000829703040192,3.025800263e-05,0.40976732870554,0.00028264609061486,0.00011790447451047,0.00033735178557257,1.936182131e-05,7.44685435e-05,0.00385153691495,0.00924398630354,0.00027757132611834,0.073387890172005,0.02081500676216,0.023223522439809,0.0025136708919822,0.39930986710861,0.00041383863338,2.020226137e-05,2.4875985425382,0.00014341094891,0.00183022663681,0.13546331653135,6.324186168e-05,0.00143713911847,0.00013965911121,2.504498934e-05,0.0018233414903613,0.00027803484165,0.00097150541161029,0.00026272588112,0.0093945846894446,0.0075771134044686,0.00092319097386,0.00015727871435249,0.01576671248207,0.0002758795328,0.00013089858424,0.01048651560451,0.010314549221688,0.0029788158769878,0.0016978367481714,0.00272256995036,0.03293571589836,,0.00020138015592,0.18474366004999,0.0051123925922,0.14983958345671,6.404294741e-05,8.7835919e-07,0.0010624486283058,0.0020373317369691,0.01416787778868,1.5830335720571e-05,7.44685435e-05,0.0040416511541263,0.00055351392365157,0.029772034662864,2.703906618e-05,0.00388208772545,4.042389373e-05,0.0093141902326714,0.00187296339065,0.031353718603152,0.00093383553549,0.0017972753467867,2.38523708e-06,0.00491194512926,0.00293561104122,3.9941457583,7.6140806617323
1972,0.00055494263856686,0.00535428827765,0.0083232004894035,0.010463292766233,0.00109267883236,0.13151166589217,0.00018734210139,0.0090056457655269,0.00032319962434,0.00065919486835543,0.0069641593820663,0.00056149281799,0.08763607136167,0.00043072355733,0.090257554411469,0.014338795213441,0.00244405759767,0.1633508577415,6.4378729e-07,0.00578322708821,0.0002146713372,0.01101438455746,0.15983742527168,4.054903036e-05,0.000512796544848,9.779472028e-05,0.00041059309312,0.00100383596638,7.391577088e-05,1.6083572959622,0.00046289698260746,0.00016266074071,,1.2662030788108,0.000870940163472,3.283315179e-05,0.41910210026944,0.00029070098914286,0.00011961551774231,0.00035232959884114,2.085119218e-05,7.44685435e-05,0.00392912803355,0.00972818943078,0.00028253152862905,0.074100504222083,0.02191661345488,0.023783489386763,0.0025737354192933,0.40425618338554,0.00042576481878,2.108062056e-05,2.5590698681629,0.00015592331358,0.00155701687229,0.14296379132935,6.763365763e-05,0.00152077476067,0.00014668598473,2.504498934e-05,0.0018870381214738,0.00027803484165,0.0010312951346777,0.00029316363564,0.010022567050658,0.0079135461811817,0.00096310578584,0.00016269136322341,0.01630198059215,0.0002888113859,0.00013378605301,0.0109980869493,0.010323247134336,0.0030758513058439,0.0017748486642857,0.00283427276561,0.03441746069267,,0.00021490957208,0.18839560253103,0.0052977491533,0.15287020691531,6.702168915e-05,8.7835919e-07,0.0010886777684422,0.0021572192163943,0.01443272398898,1.6151221441143e-05,7.744728524e-05,0.0042631142581234,0.00057371090573367,0.03001149303418,2.832664076e-05,0.00410093432254,4.18178211e-05,0.0099007540689977,0.00194624389155,0.032050933790643,0.00093681427723,0.0018299344556676,2.38523708e-06,0.00511003145497,0.00302203453816,4.0894865886261,7.8161596358554
1973,0.00058232546472457,0.00547641668899,0.0084584714433307,0.010553423373291,0.00112078632644,0.13230882702288,0.00020279299635,0.0092316381619941,0.00033274057266,0.000698463408532,0.0072132774904056,0.00057787589756,0.09128502999317,0.00045442032262,0.09172775024982,0.014855809975147,0.00250810054508,0.1670235040219,6.4378729e-07,0.00599024963914,0.0002206344299,0.011259162636841,0.16270162725028,4.17416489e-05,0.00052891404694629,0.00010256519444,0.0004236635648,0.00104851709248,7.616930048e-05,1.6672793877957,0.00047468371975175,0.00017036065743,,1.2873675419761,0.00091314756984,3.540830095e-05,0.42835310404927,0.00029766238964914,0.00012137354952047,0.000365259027936,2.085119218e-05,7.595791437e-05,0.004008874461,0.01023505231028,0.00028742221897236,0.074813737411751,0.02305516586096,0.024392067253427,0.0026362000886442,0.40922038144652,0.00043769100418,2.195897975e-05,2.6319403467781,0.00016843567825,0.0012684739067,0.15061513774685,7.290381277e-05,0.00160719825761,0.00015371285825,2.504498934e-05,0.0019513888469946,0.0002758795328,0.0010926781192023,0.00032680536432,0.010684407690803,0.0082523369930771,0.00100495195969,0.00016815857372509,0.01685118797593,0.000301743239,0.00013667352178,0.0115277793499,0.010341551471964,0.0031737157350543,0.00185500123674,0.00295044369347,0.03595496258178,,0.00022947971256,0.19212409260625,0.0054831057144,0.15592634366111,6.851106002e-05,1.75671838e-06,0.0011154025852857,0.0022704150141509,0.01469617626191,1.7969571449143e-05,7.893665611e-05,0.0044950291490537,0.00059467057031969,0.030227175908903,2.961421534e-05,0.00432675055648,4.460567584e-05,0.010516209024478,0.0020173690836,0.032752907399513,0.00093979301897,0.001859504871351,2.38523708e-06,0.00531258589329,0.0031084580351,4.1874840012376,8.0225289998397
1974,0.00061201320638171,0.00559854510033,0.0085847586923051,0.010635768204515,0.00114889382052,0.13308480106576,0.00021824389131,0.0094556988075915,0.00034228152098,0.00074041924695771,0.0074639031123705,0.000595748348,0.09504718081079,0.00047811708791,0.093152627412186,0.015378862318957,0.00257065412162,0.1705064831235,6.4378729e-07,0.00620174030268,0.0002265975226,0.01151289849136,0.16555274030601,4.293426744e-05,0.00054405356091429,0.00010852828714,0.00043763544832,0.00109319821858,7.842283008e-05,1.7279534152199,0.00048822958291762,0.00017806057415,,1.3078778730884,0.00095753426720914,3.798345011e-05,0.43747925366778,0.00030587900202514,0.00012311233643574,0.00037841947681371,2.234056305e-05,7.744728524e-05,0.0041037080504,0.01076457494204,0.00029221098318027,0.075564294843403,0.02422962325608,0.025030434669164,0.00270089198499,0.41436773189499,0.00045080980812,2.283733894e-05,2.7046755629513,0.0001828730221,0.00095762810319,0.15835700713605,7.817396791e-05,0.00169222782718,0.00016073973177,2.623760788e-05,0.0020159232908271,0.00027372422395,0.0011539867542674,0.00036204908008,0.011373436088457,0.0086065399404251,0.00104872949541,0.00017364122426545,0.01741712248815,0.00031683040095,0.00013956099055,0.01207977458842,0.0103692716054,0.0032723337991453,0.0019317357535486,0.00306959336307,0.03754264585621,,0.0002445702152,0.1959403835141,0.00565768573125,0.15896421029366,7.148980176e-05,1.75671838e-06,0.0011397047981,0.0024897430984411,0.0149429014064,1.8319628598857e-05,8.042602698e-05,0.0047360150030629,0.00061625534387354,0.030435420416069,3.090178992e-05,0.0045581424999,4.599960321e-05,0.011161319864613,0.0020906495845,0.033450826425581,0.00094277176071,0.0018872532680638,2.38523708e-06,0.00552109781509,0.00319488153204,4.2868740885439,8.2303235198668
1975,0.00064070250693429,0.00572067351167,0.0087074366255307,0.010706626314733,0.0011770013146,0.13384123057522,0.00023498236085,0.0096769091791514,0.00035301508784,0.00078345850317429,0.0077167198286949,0.00061213142757,0.09893592815236,0.0005018138532,0.094507930272422,0.01590628919893,0.00263469706903,0.1737782419578,1.28757458e-06,0.00642067782057,0.0002325606153,0.011770618505369,0.16830461315831,4.293426744e-05,0.0005606100006,0.00011449137984,0.00045205803776,0.00114085808642,8.11270656e-05,1.7901568269643,0.00050022424721549,0.00018576049087,,1.3270817151847,0.0010017053417314,4.120238656e-05,0.44645454475551,0.00031295591242286,0.00012478358822656,0.00038934672569143,2.382993392e-05,7.893665611e-05,0.00421793941945,0.01132272041876,0.0002968856764061,0.076377555433602,0.0254405060024,0.025684702167969,0.002769607162887,0.41980619106095,0.00046273599352,2.371569813e-05,2.7761035393096,0.00019731036595,0.00063144909861,0.16614198270225,8.344412305e-05,0.00177446954201,0.00016776660529,2.623760788e-05,0.002080282146266,0.0002715689151,0.0012185243964771,0.00039889478292,0.012083954100763,0.0089868298585371,0.00109315081842,0.00017911157405353,0.01799839020144,0.00032976225405,0.00014148596973,0.01265825444697,0.010406958299814,0.0033716536993813,0.0020032515079929,0.00319470051615,0.03918190444333,,0.00026070144216,0.19985198309948,0.0058236445127,0.16195120460182,7.297917263e-05,1.75671838e-06,0.001159532863858,0.0025984990267971,0.0151659297856,1.8669685748571e-05,8.191539785e-05,0.0049879624876714,0.00063838601134179,0.030648089499488,3.154557721e-05,0.00479232229806,4.739353058e-05,0.011835151878754,0.0021639300854,0.034141070171083,0.00094723987332,0.0019142068340254,3.57785562e-06,0.00573556722037,0.00328269895635,4.3867930026405,8.4371928513452
1976,0.00067176045344457,0.0058383338104,0.0088269560125487,0.010764434160042,0.00120071701273,0.13465610985622,0.00025236461768,0.0098696304716303,0.0003637486547,0.00082931251855657,0.0079495725195331,0.00063894010323,0.10288722907047,0.00052411669112,0.095818454371747,0.016409072187435,0.0026957612747,0.18078946164685,1.28757458e-06,0.0066425940802,0.000238523708,0.012024042835581,0.17080368996276,4.412688598e-05,0.00057488703632914,0.000119261854,0.00047233980416,0.00119745417948,8.292988928e-05,1.8561205663061,0.00051191221373233,0.00019346040759,,1.3398183633746,0.001036805004384,4.442132301e-05,0.4552834637196,0.00032007902677714,0.00012593903512278,0.00040041258643886,2.382993392e-05,7.893665611e-05,0.00435587918585,0.01187490280278,0.00030116277404964,0.077232431399035,0.02683299514256,0.026288818181247,0.0028387442421938,0.42536807776248,0.00047466217892,2.459405732e-05,2.8208737013005,0.00021367268898,0.00077223576298,0.1748860707067,8.959263738e-05,0.00184416591051,0.00017215840124,2.743022642e-05,0.0021393121879939,0.00026941360625,0.0012811926173943,0.00043574048576,0.012809796841995,0.0093752135448514,0.00114272243975,0.00018413893304454,0.01843329554088,0.000344849416,0.00014341094891,0.01327994605399,0.010454968946739,0.0034665966427705,0.0020615040883143,0.00331385018575,0.04071801240507,,0.00027266977184,0.20361073907041,0.00592925464635,0.16473778834162,7.595791437e-05,1.75671838e-06,0.0011711377727197,0.0027580268101474,0.01536247354477,1.9019742898286e-05,8.489413959e-05,0.0052528897313166,0.00066190987676391,0.030771499592662,3.283315179e-05,0.00503765351518,4.739353058e-05,0.012467389240346,0.00230402516065,0.034789320026506,0.00095617609854,0.0019402960713822,3.57785562e-06,0.00595152599652,0.0033733042354,4.4834444498222,8.6190840756338
1977,0.000703519434996,0.00595450473826,0.0089423704025152,0.010812228735077,0.00122443271086,0.13545561279033,0.00027167823638,0.010058157044138,0.00037448222156,0.000874550475584,0.0081840425566458,0.00066574877889,0.10696363714166,0.00054502560167,0.097066715235902,0.016914495108648,0.00275682548037,0.18770800305535,1.28757458e-06,0.00687195719418,0.00024329418216,0.012281661647084,0.17319886472972,4.651212306e-05,0.000590580997776,0.0001252249467,0.0004935229824,0.00125702901428,8.518341888e-05,1.9235386045728,0.00052367537670208,0.00019923534513,,1.3512131477234,0.00107378363232,4.764025946e-05,0.46397349855897,0.000328526658936,0.00012702729620319,0.000410338745208,2.531930479e-05,8.042602698e-05,0.0045132167319,0.01245332279468,0.00030534413349596,0.07814635150492,0.02826711325552,0.026898487804331,0.0029104759660745,0.43119530629841,0.00048658836432,2.547241651e-05,2.8630972810254,0.0002309975016,0.00089629529891,0.18367326488815,9.66195109e-05,0.00190828656953,0.00017655019719,2.743022642e-05,0.0021980005730257,0.0002672582974,0.001347089845456,0.0004725861886,0.013555631733592,0.009791086272012,0.00119422542295,0.00018913916820081,0.01887517051717,0.0003577812691,0.00014533592809,0.01393369799052,0.010514016030202,0.0035619520027947,0.00211193322978,0.00343746796796,0.04230011997002,,0.00028567882584,0.20745812022358,0.00601977761805,0.16746848469857,7.893665611e-05,1.75671838e-06,0.0011782077122055,0.002958660681512,0.01553671446602,1.9369800048e-05,8.93622522e-05,0.005529415910144,0.00068595455755249,0.030900807135912,3.412072637e-05,0.00528437865967,4.739353058e-05,0.013121783546968,0.00244627554475,0.035428850933871,0.00096511232376,0.0019656469807837,3.57785562e-06,0.00617493162702,0.00346390951445,4.5804671966638,8.7989204974557
1978,0.00073597945158857,0.00607067566612,0.0090579504310695,0.010853847520263,0.00124814840899,0.13623284495369,0.00029099185508,0.010244046138757,0.00038640840696,0.00092087185040229,0.0084208261273696,0.00069404682542,0.11116813110767,0.00056732843959,0.098267553940405,0.017425704387726,0.00281937905691,0.19459205952225,1.28757458e-06,0.00710727779164,0.00024806465632,0.012536718617675,0.17556110404748,4.77047416e-05,0.00060385694339657,0.0001311880394,0.0005160582784,0.00131660384908,8.743694848e-05,1.992712464311,0.00053553014353171,0.00020597277226,,1.3617780346048,0.0011101076998217,5.085919591e-05,0.47257248491981,0.00033576528318171,0.00012806562798059,0.00042035731189029,2.531930479e-05,8.191539785e-05,0.0046813308222,0.01305678777592,0.00030953863466861,0.079051582014425,0.02974546215208,0.027502877265625,0.0029842380510093,0.43696768265452,0.00049851454972,2.63507757e-05,2.9031868466698,0.00024832231422,0.00100920341588,0.192555292659,0.00010364638442,0.00197101330118,0.00017918527476,2.862284496e-05,0.00225664201106,0.00026510298855,0.0014127215326834,0.00051103387852,0.01432154628984,0.010224729161582,0.00124701598073,0.00019413685125184,0.01932401513031,0.00037286843105,0.00014726090727,0.01461532847445,0.010583457800888,0.0036563286583765,0.00215804631552,0.00356406449191,0.04393380284766,,0.00029868787984,0.21139504497238,0.00610167935435,0.17015375324768,8.340476872e-05,1.75671838e-06,0.0011825389672776,0.003179072216496,0.01571513716938,1.9719857197714e-05,9.234099394e-05,0.0058142376675497,0.00071063707053194,0.031027592892849,3.540830095e-05,0.00553667951364,4.739353058e-05,0.013802307325035,0.0025906812377,0.036060440262628,0.00097702729072,0.0019910343660969,3.57785562e-06,0.006404294741,0.00355730264824,4.6783362349592,8.9777873223117
1979,0.00076914050322229,0.00619131470659,0.0091781258908359,0.010892946096816,0.00127274246631,0.13697852674896,0.00031159304836,0.010429813510018,0.00039833459236,0.00097010358007371,0.0086608923242642,0.00072234487195,0.11550220033937,0.00058823735014,0.09943329694992,0.017954941542017,0.00288342200432,0.20154077525465,1.28757458e-06,0.00735153461432,0.00025283513048,0.012780205558783,0.17799902210882,4.889736014e-05,0.00061854981473486,0.00013834375064,0.00053949498624,0.00137915742562,8.969047808e-05,2.0641008646119,0.00054749334724014,0.00021367268898,,1.3722620433658,0.0011470324187589,5.472191965e-05,0.48115282935527,0.000343050111384,0.00012908050749378,0.00043046828648571,2.680867566e-05,8.340476872e-05,0.0048451342948,0.01368768298358,0.00031389157527022,0.079854143915192,0.0312711640052,0.02808390177302,0.0030588168303497,0.44223999582551,0.00051044073512,2.722913489e-05,2.9419261692902,0.00026757210602,0.00111932367811,0.20162698760865,0.00011067325794,0.00203931574231,0.00018269871152,2.98154635e-05,0.0023156732890616,0.0002672582974,0.0014798190204514,0.00055108355552,0.015109300517889,0.010662004695499,0.00130238168767,0.00019916838181982,0.01978261723504,0.000387955593,0.00014822339686,0.01531647394156,0.010662200764286,0.0037522022742921,0.0022044414959171,0.0036936397576,0.04562184889273,,0.00031273765816,0.21541956072715,0.0061857363995,0.17281162562374,8.638351046e-05,1.75671838e-06,0.0011867985173322,0.0033652180687303,0.01592422627488,2.0069914347429e-05,9.531973568e-05,0.0061056236621589,0.00073613329801321,0.031139056617623,3.669587553e-05,0.00579037429498,4.739353058e-05,0.014513188022798,0.0027415528572,0.036689910720382,0.00098745288681,0.0020174337408012,3.57785562e-06,0.00664110470933,0.00365348363677,4.7778063196407,9.1575329052246
1980,0.00080486139218857,0.00631344311793,0.0093071029590929,0.010935067653569,0.00129733652363,0.1376859250941,0.00033348181622,0.01061699761774,0.00041026077776,0.0010223412602857,0.0089048507550314,0.00075213228935,0.11996584483676,0.00060914626069,0.10058494668969,0.018508423674974,0.00294746495173,0.20864036260655,1.28757458e-06,0.00760323829135,0.00025760560464,0.013005380333263,0.18059061453489,5.008997868e-05,0.00063203367816,0.00014430684334,0.00056473451776,0.00144320037303,9.23947136e-05,2.1379663809,0.00055958230568814,0.0002213726057,,1.3832422872714,0.0011845577891314,5.858464339e-05,0.48977171771702,0.00035038114354286,0.00013009245460986,0.00044201928877714,2.829804653e-05,8.340476872e-05,0.0049916952966,0.01434243056204,0.00031850458946126,0.080485444647625,0.0328452595392,0.028629059987169,0.003131045761978,0.44669138320347,0.0005247521576,2.810749408e-05,2.9798520840614,0.00028778438741,0.00124198928667,0.21095947492915,0.00011857849065,0.00211598174766,0.00018621214828,2.98154635e-05,0.0023754687057902,0.00026941360625,0.0015520999133429,0.00059593919376,0.015919069446314,0.011091473272954,0.00136032254377,0.00020426389840751,0.02024818897662,0.00040304275495,0.00015014837604,0.01603574046448,0.010749118750911,0.0038495370529376,0.0022544098802857,0.00382619376503,0.04736983381471,,0.00032730779864,0.21952354753268,0.00627410406235,0.17545466979155,8.93622522e-05,2.63507757e-06,0.0011929536326537,0.0035187127376743,0.01618628462044,2.0419971497143e-05,9.978784829e-05,0.00640171509168,0.00076254680035886,0.031227197893007,3.86272374e-05,0.0060496447858,4.739353058e-05,0.015257049208046,0.0028924244767,0.037318288007802,0.00099936785377,0.0020455901843269,3.57785562e-06,0.00688238279027,0.00375384640741,4.8793802363682,9.339466861274
1981,0.00084134704665429,0.00644599712536,0.0094281580847254,0.01094304485166,0.00132193058095,0.13824879482288,0.00035150786034,0.010736656696089,0.0004233795817,0.0010625551465611,0.0091352108086899,0.00078638781936,0.12445778738068,0.00063005517124,0.10188370308108,0.019146361555539,0.00300257167392,0.21929189894325,1.28757458e-06,0.00785792071012,0.00026118346026,0.013032837803602,0.18346867892075,5.128259722e-05,0.00064423922773714,0.0001490773175,0.00059403040256,0.00150873269131,9.46482432e-05,2.1780703426987,0.00057088940381414,0.00023195999119,,1.3940150404594,0.0012117180368503,6.180357984e-05,0.49755335912838,0.00035638765789714,0.00013100199387289,0.00045507962469943,2.97874174e-05,8.340476872e-05,0.00511454790105,0.0150329566967,0.00032185211752019,0.08065361928421,0.03483460407688,0.029052817890665,0.0031935895426486,0.44877173789147,0.000536678343,2.986421246e-05,3.017479233198,0.00030125924167,0.00135489740364,0.2201992839691,0.00012560536417,0.00220798095408,0.00018972558504,3.100808204e-05,0.0024233276093397,0.0002758795328,0.0016240834001709,0.00063438688368,0.016702564703514,0.011478242517389,0.00142598884735,0.00020836172345385,0.02078624494144,0.0004181299169,0.00015207335522,0.01672712844,0.010844305431899,0.0039318873107085,0.0023072838433586,0.00394832217637,0.0499304783934,,0.00034135757696,0.22301032296037,0.0063840248137,0.17790859801714,9.383036481e-05,2.63507757e-06,0.0012005616508325,0.0036546603172646,0.01651246362502,2.0770028646857e-05,9.978784829e-05,0.0066286803271234,0.0007766329068002,0.031262559861889,4.055859927e-05,0.0062308553439,4.878745795e-05,0.016505527454589,0.00304976202275,0.037912305032345,0.00100979344986,0.002072180169389,3.57785562e-06,0.0071191927586,0.00385281525068,4.9429249045512,9.487564233493
1982,0.00087859746661943,0.00658152987453,0.0095576009831621,0.010955037716564,0.00134652463827,0.13878073636829,0.00037017769175,0.010856037993046,0.00043769100418,0.001103533798336,0.0093685034743368,0.00082064334937,0.12907185833594,0.00065096408179,0.1031742453859,0.019813588866579,0.00305916776698,0.23018698518,1.28757458e-06,0.00812153935411,0.00026476131588,0.013039434727946,0.18650875552812,5.36678343e-05,0.00065649098127086,0.00015384779166,0.00062512911104,0.00157426500959,9.735247872e-05,2.2194141979213,0.00058029105030783,0.00024254737668,,1.4051887892014,0.0012405031280914,6.502251629e-05,0.50536394331376,0.00036378799599086,0.00013190488519745,0.00046971860018743,3.127678827e-05,8.340476872e-05,0.0052201580347,0.01574972043924,0.00032542545742622,0.080649123412449,0.0368884735224,0.029435536623964,0.0032563147669008,0.4500161554979,0.00054979714694,3.162093084e-05,3.0541687529646,0.00031473409593,0.00149429014064,0.229712817233,0.00013263223769,0.00230973765209,0.00019411738099,3.220070058e-05,0.0024713536689256,0.0002845007682,0.0016975964179977,0.00067764053484,0.017505031111058,0.011850491869239,0.00149487408738,0.00021247472053621,0.02133266447048,0.00043321707885,0.00015303584481,0.01743384961659,0.010946929808181,0.0040151208462517,0.0023657432881143,0.00407342932945,0.05259427359747,,0.0003564480796,0.22654919919999,0.00650256680045,0.18033341694024,9.829847742e-05,2.63507757e-06,0.0012102653922102,0.003781621918688,0.01689718757914,2.1120085796571e-05,9.978784829e-05,0.0068557517854811,0.00079118953257344,0.031278322092576,4.248996114e-05,0.006412065902,5.157531269e-05,0.017823801122601,0.00320925487765,0.03850256187953,0.00102170841682,0.0021006172791536,3.57785562e-06,0.00736047083954,0.00395596587606,5.0071868205059,9.6365710786585
1983,0.00091856705006286,0.00672004136544,0.0096966155830433,0.010971434941589,0.00137199705478,0.139296320606,0.00039013509774,0.010972104963893,0.00045200242666,0.0011452772156103,0.0096042768767284,0.00085638825025,0.13378124902688,0.00067187299234,0.10449423815458,0.02050513215443,0.00311874260178,0.24144416330355,1.28757458e-06,0.00838962611071,0.00026714655296,0.013032186507,0.18964035852787,5.486045284e-05,0.00066737201304343,0.00015861826582,0.00065757993728,0.00164277606961,9.960600832e-05,2.2610539503175,0.00059172201179229,0.00025505974135,,1.4168400181159,0.0012681485173543,6.888524003e-05,0.51323472127985,0.00036981761232343,0.00013280699668187,0.000486005521176,3.276615914e-05,8.191539785e-05,0.00531283631525,0.0164939144082,0.00032915483329109,0.080523337249793,0.03900218461632,0.02977063330703,0.0033171433095178,0.45066636997906,0.00056291595088,3.425600841e-05,3.0896874011958,0.00032917143978,0.00165598571556,0.2394073964403,0.00013878075202,0.00242264576906,0.00019850917694,3.220070058e-05,0.0025201170251832,0.0002974326213,0.0017765477627811,0.00072249617308,0.018328345361813,0.012213032969878,0.00156633447657,0.00021860389614003,0.02188326578163,0.00045045954965,0.00015496082399,0.01816844934058,0.011053993609447,0.0040991423534038,0.0024265817336357,0.0042000258534,0.05536400728166,,0.00037153858224,0.23005960747574,0.00662326409605,0.18272908040043,0.00010276659003,3.51343676e-06,0.0012213013533805,0.0038794799880314,0.01731815364488,2.1470142946286e-05,0.00010127721916,0.0070827382753783,0.00080586776965158,0.031290667964269,4.50651103e-05,0.0065932764601,5.436316743e-05,0.019211732132166,0.0033709030414,0.039090714021806,0.00103213401291,0.0021309717274208,3.57785562e-06,0.00760919577483,0.00406329828355,5.0714697481401,9.7855823869048
1984,0.000959365129464,0.00686153159809,0.009843360748491,0.010992292668251,0.00139834783048,0.13981961001242,0.00041073629102,0.011080619152867,0.0004651212306,0.001187785398384,0.0098418662151444,0.00089213315113,0.13855468266523,0.00069278190289,0.10590025033142,0.021206487213962,0.00317831743658,0.2532229261688,1.28757458e-06,0.00866367035079,0.00027072440858,0.013022027128236,0.19275341062711,5.605307138e-05,0.000678253044816,0.00016458135852,0.00069138288128,0.0017127765005,0.00010231024384,2.3017333784056,0.00060148711338335,0.00026853459561,,1.4290303202295,0.001297464954096,7.274796377e-05,0.5212035946585,0.00037440720096,0.00013371527260338,0.0005040096936,3.574490088e-05,8.191539785e-05,0.00540766990465,0.01726553860358,0.00033293534321574,0.080350935245425,0.0411658504776,0.03005486950983,0.003377180003208,0.45107233865687,0.00057603475482,3.601272679e-05,3.1237796483857,0.00034360878363,0.00183301449155,0.24913430528035,0.00014668598473,0.00254391745025,0.00020290097289,3.339331912e-05,0.0025704338797399,0.0003103644744,0.001855169836272,0.0007689537984,0.019170864134344,0.012567087317016,0.00163779486576,0.00022294057096389,0.02243107923804,0.00046770202045,0.00015592331358,0.01894904866778,0.011162174764853,0.0041838462333381,0.0024881254158,0.00432811174822,0.05823967944597,,0.00038714944704,0.23343547521598,0.0067461167005,0.18509683688325,0.00010723470264,3.51343676e-06,0.0012323950162973,0.004020196732992,0.0177446954201,2.3638550104e-05,0.00010127721916,0.007311434868648,0.00082020326602897,0.031321716473445,4.764025946e-05,0.00677866880031,5.715102217e-05,0.020663096152824,0.00353686182285,0.039674632115648,0.001042559609,0.0021632159728031,3.57785562e-06,0.0078638781936,0.00417202461841,5.1348298033493,9.933483342696
1985,0.0010050279616971,0.00700451120161,0.0099981183328625,0.011016305745041,0.00142557696537,0.14036677538843,0.00043262505888,0.011178012091251,0.00047943265308,0.0012330764750943,0.010080235635744,0.00092936742288,0.14335790372098,0.00071369081344,0.10742396743691,0.021909881803488,0.00324087101312,0.26563103921825,1.28757458e-06,0.00894069333261,0.00027549488274,0.01301701569325,0.19576921523114,5.724568992e-05,0.00069059720626286,0.00016935183268,0.0007256365312,0.00178575567313,0.00010546518528,2.3404491491066,0.00061360609691115,0.00028200944987,,1.44173629645,0.0013285217442514,7.661068751e-05,0.52929494619735,0.00037895058564,0.00013463512714716,0.00052087416404571,3.723427175e-05,8.191539785e-05,0.0055046588029,0.01806578564392,0.00033667390146326,0.08019225689696,0.04337114531168,0.030284563376356,0.0034388141238468,0.45151955328047,0.00058676832168,3.864780436e-05,3.1562221937518,0.00035900861707,0.00201561897702,0.2587836230018,0.00015546957663,0.00267076484092,0.00020641440965,3.458593766e-05,0.0026226746476508,0.0003232963275,0.0019374032996571,0.0008170134108,0.020036369985814,0.012918040126151,0.00170861146766,0.00022743826505997,0.0229719230576,0.00048494449125,0.00015784829276,0.01978958687189,0.011268053121151,0.0042705868991519,0.0025494810336143,0.00446066575565,0.0612212900904,,0.000403280674,0.23659783544719,0.00686896930495,0.18743287759561,0.00011170281525,3.51343676e-06,0.0012426985371015,0.0041311089108314,0.01815869184899,2.4017778682857e-05,0.00010276659003,0.0075417459696029,0.00083382294869843,0.031387355289155,4.957162133e-05,0.00696684899526,5.993887691e-05,0.022173177138889,0.0037028206043,0.040255125253341,0.00105447457596,0.0021972246851607,3.57785562e-06,0.00812600746672,0.00428353880801,5.1964591574126,10.079163393798
1986,0.0010536967444709,0.00714451206339,0.010158588596214,0.011036751009201,0.00145104938188,0.14091095446167,0.00045580140132,0.011239446710864,0.00049255145702,0.0012750960604297,0.010280757932947,0.00096660169463,0.14804048573626,0.00073599365136,0.1089553104362,0.022520974051543,0.00330044584792,0.2789055864254,1.93136187e-06,0.00919686512225,0.00027907273836,0.013007081458483,0.19837663574544,5.843830846e-05,0.00070298757166629,0.00017412230684,0.00076034088704,0.00185873484576,0.0001081694208,2.3701822981247,0.00062584052273627,0.00029740928331,,1.4548511144698,0.001362874425408,7.982962396e-05,0.53682717332625,0.00038196153471086,0.00013555916412961,0.00053652962657829,4.021301349e-05,8.042602698e-05,0.00567492820205,0.01887795886966,0.00034009109164022,0.080017913325387,0.04578770718272,0.030427453167137,0.0034977265628827,0.45180677320327,0.00059511665146,4.040452274e-05,3.1876234315502,0.0003753709401,0.00212852709399,0.268939438303,0.00016425316853,0.00281294543266,0.00020817112803,3.458593766e-05,0.0026666126512096,0.00033838348945,0.00200899379296,0.0008490531524,0.020913865301888,0.013259359033536,0.00177363398395,0.00023124209289776,0.02359082680988,0.00050218696205,0.00015977327194,0.02070121537187,0.011383362982104,0.0043598066556619,0.0026142358957829,0.00459024102134,0.06430465743284,4.0171955885714e-07,0.00041993226312,0.23909552482269,0.0069875112917,0.189223994663,0.00011617092786,4.39179595e-06,0.0012542838427473,0.0043090866865326,0.01854759758522,2.4397007261714e-05,0.0001042559609,0.0077674260015566,0.00084416428901486,0.031490031053261,5.214677049e-05,0.00716199882706,6.412065902e-05,0.023570827174953,0.0038623134592,0.040716156935837,0.00106490017205,0.002232291596888,3.57785562e-06,0.00838664736897,0.00441456798079,5.2476175424246,10.214169177518
1987,0.001107548932368,0.00728600229604,0.010325722225633,0.011061821755252,0.00147652179839,0.14148009705727,0.00048026531834,0.01128948673671,0.00050567026096,0.0013198985397017,0.01048047491342,0.00100532533725,0.15274094020198,0.00075969041665,0.11060696796899,0.023128994043435,0.00336151005359,0.2928762983911,1.93136187e-06,0.00945452628276,0.00028384321252,0.01300231281168,0.20087288289054,5.9630927e-05,0.00071391480739543,0.00017770016246,0.00079594665472,0.00193320338926,0.00011087365632,2.3975528036106,0.00063641312914816,0.00031280911675,,1.4685730923443,0.0013991522758046,8.433613499e-05,0.54447806005765,0.00038488007586857,0.00013649796496663,0.00055392544252457,4.319175523e-05,7.893665611e-05,0.00585166352775,0.01971875494036,0.00034343383051837,0.079858712657517,0.0482479794752,0.030520575107518,0.0035565900030495,0.4521404177626,0.0006022723627,4.303960031e-05,3.2174768540107,0.00039173326313,0.00224143521096,0.2789961093971,0.00017303676043,0.00296209566125,0.00020992784641,3.57785562e-05,0.0027121131782172,0.0003534706514,0.0020797770365331,0.000881092894,0.021816428589771,0.013598702304939,0.00183736892566,0.00023517671838322,0.02420415485268,0.00051942943285,0.00016169825112,0.02167696453087,0.011496043172053,0.0044496820859976,0.0026779093926086,0.00472428439964,0.06749675111014,4.0796390628571e-07,0.0004371042144,0.24135014656364,0.00710605327845,0.19096148539643,0.00012212841134,4.39179595e-06,0.0012652928930074,0.0044197864349949,0.01892395797512,2.4776235840571e-05,0.00010574533177,0.0079943381584457,0.00085364467427655,0.031625492539766,5.472191965e-05,0.00736133044097,6.690851376e-05,0.025013534628574,0.00402396162295,0.041168957045153,0.00107681513901,0.0022690226098423,3.57785562e-06,0.00865622349644,0.00454699108094,5.2966761957602,10.346662354688
1988,0.0011604345443897,0.00742898189956,0.010496080774986,0.011093650551905,0.00150287257409,0.14209226663415,0.00050666059723,0.011324463350182,0.0005187890649,0.0013591246120994,0.010675033568858,0.00104553835074,0.15745926711814,0.00078338718194,0.11232925615425,0.023732834382168,0.00342406363013,0.30731902299495,1.93136187e-06,0.00971367681414,0.00028861368668,0.01300169698266,0.20332743938464,6.082354554e-05,0.00072637447873371,0.00018247063662,0.0008315524224,0.00200916130363,0.00011357789184,2.4218244859056,0.00064876485634336,0.00032917143978,,1.4820386426273,0.0014328272945486,8.819885873e-05,0.552172236782,0.00038770620911314,0.00013745421712137,0.00057006604660114,4.617049697e-05,7.893665611e-05,0.00603270947115,0.02058817385602,0.00034656509708244,0.079734636092848,0.05075248255128,0.030588106008285,0.0036166863826112,0.45262389425042,0.0006082354554,4.567467788e-05,3.2461278704665,0.00040905807575,0.00235713118267,0.2890527804912,0.00018182035233,0.00311821552669,0.00021168456479,3.697117474e-05,0.0027564081543281,0.0003664025045,0.0021517711588137,0.0009131326356,0.022744409906613,0.01393155570505,0.00190239144195,0.00023901073490407,0.02480772540389,0.0005388272125,0.00016458571989,0.02270289507519,0.011607022330627,0.0045417751444809,0.00274415935646,0.00485832777794,0.07079199541282,4.1420825371429e-07,0.00045427616568,0.24341578460903,0.00722675057405,0.19261851771364,0.00012808589482,4.39179595e-06,0.0012769585396648,0.0045022323853371,0.01930868192924,2.5155464419429e-05,0.00010872407351,0.0082223868445829,0.00086198692696482,0.031789721337252,5.729706881e-05,0.00755926812751,6.96963685e-05,0.026503986798001,0.0041856097867,0.041603332762379,0.0010872407351,0.0023062577658115,3.57785562e-06,0.00892877836565,0.00468080810846,5.3422962376284,10.475388721442
1989,0.0012079668061411,0.00757196150308,0.010660583440073,0.011138067846451,0.00152922334979,0.14277057426974,0.0005343434507,0.011339897368506,0.00053190786884,0.0013924874905606,0.010858318678105,0.00108575136423,0.16220142396822,0.00080708394723,0.11405731037344,0.024333087999228,0.00348810657754,0.32186304711475,1.93136187e-06,0.00997580608726,0.00029338416084,0.01300296475443,0.20584678069144,6.201616408e-05,0.000740435891616,0.00018724111078,0.00086805960192,0.00208809795974,0.00011673283328,2.4421076512115,0.00065777458159234,0.00034745874199,,1.4940886699748,0.0014637608697703,9.270536976e-05,0.55979632752188,0.00039043993444457,0.0001384297381386,0.00058488213287314,4.914923871e-05,7.744728524e-05,0.0062116001057,0.02148740823518,0.00034931046075004,0.079663547574361,0.05330433858392,0.030660664946515,0.0036796192416096,0.45335571569896,0.00061539116664,4.830975545e-05,3.2739814782929,0.00042638288837,0.0024811907186,0.29928403160215,0.00018709050747,0.00327991110161,0.00021431964236,3.816379328e-05,0.0027956896682894,0.00038148966645,0.002222830570448,0.00094357039012,0.023706016138178,0.014255295666078,0.00197192046927,0.00024242689021801,0.02539317489929,0.0005560696833,0.00016651069907,0.02375949202165,0.011718628082877,0.0046362291253768,0.0028159195755071,0.00499534989798,0.0741848146314,4.2045260114286e-07,0.00047248884128,0.24537830935477,0.0073496031785,0.19415886546197,0.00013255400743,4.39179595e-06,0.0012910178654059,0.0046366185933766,0.01973382977709,2.5534692998286e-05,0.00011021344438,0.0084514764642806,0.00086885830846656,0.031975319062937,5.987221797e-05,0.00775163010457,7.248422324e-05,0.028042852853046,0.0043494132593,0.042013202081347,0.00109915570206,0.0023424062919862,4.77047416e-06,0.00920580134747,0.00481741299072,5.382741076168,10.598711695873
1990,0.0012455040213943,0.00771643047747,0.010814964403741,0.011195007041571,0.00155557412549,0.1435215581952,0.00056395766604,0.011333161464036,0.00054502667278,0.0014109905696914,0.011025748076813,0.00112894311946,0.16697783634831,0.00083217463989,0.11574029512074,0.024930544292368,0.00393044972593,0.3362066275115,1.93136187e-06,0.01024091410212,0.000298154635,0.013004227664963,0.20850706836444,6.320878262e-05,0.00075301107284571,0.00019201158494,0.00090501748736,0.00217001335759,0.00011898636288,2.457955148098,0.00066272904216815,0.00036670853379,1.48937087e-06,1.5039344841218,0.0014886571104686,9.721188079e-05,0.56726454268888,0.00039465989142857,0.00013942499994,0.00059988303497143,5.212798045e-05,7.744728524e-05,0.00638618012255,0.02242003593346,0.00035154166662,0.0796565623425,0.05590614938392,0.030761827603474,0.0037464679694457,0.45439824911824,0.00062135425934,5.182319221e-05,3.3013733944835,0.00044467019058,0.00261640167349,0.32749702444865,0.00018709050747,0.00344857631338,0.00021783307912,3.935641182e-05,0.0028271571368307,0.00039442151955,0.0022906822211657,0.00097561013172,0.025832193055246,0.014569348613897,0.00204917494407,0.00024518891819953,0.02595910941151,0.00057115684525,0.00016939816784,0.02482863431444,0.0118319982048,0.004733149501161,0.0028962930947143,0.00513237201802,0.07766545127429,4.2669694857143e-07,0.00049070151688,0.24730152529159,0.00775695655115,0.19555255792773,0.00013851149091,5.27015514e-06,0.0013086131840398,0.0045922517152457,0.02022170435659,2.5913921577143e-05,0.00011319218612,0.0086836888764343,0.0008740875,0.032175,6.244736713e-05,0.00793284066267,7.666600535e-05,0.029635156872686,0.00470072860185,0.04238971672655,0.00111107066902,0.0023763258531727,4.77047416e-06,0.00948282432929,0.00495680572772,5.4169738178354,10.73502948502
1991,0.001135590383368,0.00784749511403,0.010915120149111,0.009616227227625,0.00157138459091,0.14398379087347,0.00059099673222,0.011530014573479,0.00055695285818,0.001334429166448,0.010165739726821,0.00116617739121,0.17160680101227,0.00086981067888,0.11944464740411,0.023927537786472,0.00386491740765,0.35265809996355,1.93136187e-06,0.01050155400437,0.00030173249062,0.015429261913074,0.20685261861546,6.320878262e-05,0.000770437682664,0.00019797467764,0.00094152466688,0.00224299253022,0.0001216905984,2.165506617845,0.00066817799635158,0.00038692081518,1.48937087e-06,1.5510920809957,0.001500831826728,0.00010107460453,0.56848038878755,0.000406842352176,0.00013942499994,0.000619873977528,5.361735132e-05,7.893665611e-05,0.00660602162525,0.0233574341059,0.00035154166662,0.0796565623425,0.0589284128092,0.030804997587888,0.003756817616272,0.54106311416508,0.00062970258912,5.533662897e-05,3.2661892154403,0.00046776994074,0.00272094622624,0.44002569950715,0.00018182035233,0.00363675650833,0.00022310323426,3.935641182e-05,0.0028271571368307,0.00040735337265,0.002185017294068,0.00100284391208,0.026821035709132,0.014851047776264,0.00213415486635,0.0002453163791161,0.02650274108581,0.00052374005055,0.00017132314702,0.0261082596401,0.0118634148667,0.0069736777195256,0.00291716337037,0.00527088350893,0.07947895078266,4.32941296e-07,0.00051619926272,0.2212444708545,0.00769660790335,0.19560846575309,0.00014446897439,5.27015514e-06,0.001324193540457,0.00444073282212,0.02078206315933,2.6293150156e-05,0.00011617092786,0.008773208973452,0.0008740875,0.0375375,6.502251629e-05,0.00807362732704,7.666600535e-05,0.03012407563662,0.00998985651975,0.040802188486296,0.00112298563598,0.0023763258531727,4.77047416e-06,0.00974793234415,0.00515892519637,5.237762683489,10.674858169232
1992,0.0011317984457771,0.00797707037972,0.011009429224112,0.00553529166465,0.00158631669714,0.14453354946595,0.00061932337298,0.010757341231257,0.00057007166212,0.0012819578435337,0.0093057313768301,0.00120341166296,0.1762521487558,0.00089629529891,0.12362919972909,0.022905510607959,0.00380087446024,0.3688552459713,1.93136187e-06,0.01076517264836,0.0003041177277,0.017935731176009,0.20519768553322,6.440140116e-05,0.00078642426478629,0.0002027451518,0.0009780318464,0.00231746107372,0.000123944128,2.3751446866322,0.00072293302144015,0.00040809558616,1.48937087e-06,1.6336503287165,0.0015078547886811,0.00010558111556,0.54348708492431,0.00041271025466057,0.00013942499994,0.00063856350425829,5.361735132e-05,8.191539785e-05,0.0068323290545,0.02432584036038,0.00035154166662,0.0796565623425,0.06201103824504,0.030857215869045,0.0037342545570434,0.50715553606547,0.0006380509189,5.885006573e-05,3.4967934841463,0.00049183218049,0.00285476325376,0.54588153836605,0.00017128004205,0.00382911848539,0.00022925174859,3.935641182e-05,0.0008398646116649,0.00043321707885,0.0019475898007531,0.00102847570536,0.027839808234867,0.015123516657632,0.00222814781069,0.00024544384003267,0.02702406992219,0.00051080819745,0.0001732481262,0.02740879387631,0.01189386486208,0.0070115153846149,0.0029255086283057,0.00541088437071,0.08129105636366,4.3918564342857e-07,0.00055054316528,0.21027364770507,0.0076384145644,0.19518815450826,0.00015042645787,5.27015514e-06,0.0084535022078485,0.0044039286058457,0.02140654262109,2.6672378734857e-05,0.0001191496696,0.0089781872748183,0.0008740875,0.0375375,6.759766545e-05,0.00820326257245,7.945386009e-05,0.030486840114666,0.0152768291288,0.038723478384249,0.00113490060294,0.0023763258531727,4.77047416e-06,0.01001304035901,0.00536383251976,5.4867085051593,11.273466954612
1993,0.0011978974924406,0.00810813501628,0.011100005691597,0.004978187498475,0.00160037044418,0.14513969241386,0.0006502251629,0.011625846793479,0.00058199784752,0.0012501776486571,0.0084457230268387,0.00124362467645,0.18093473077108,0.00092417384631,0.12910686111985,0.021781372422451,0.00373534214196,0.38480668677015,1.93136187e-06,0.01103028066322,0.00030650296478,0.024239618455611,0.20354275245098,6.440140116e-05,0.00080419740427886,0.0002087082445,0.00101408832,0.00239341898809,0.0001261976576,2.0874462956027,0.00066771065336701,0.00043119533632,1.48937087e-06,1.6288905129004,0.0015095180785234,0.00011008762659,0.49293849667361,0.00042022610264571,0.00013942499994,0.00065588230922743,5.510672219e-05,8.489413959e-05,0.0070651024103,0.0253252546969,0.00035154166662,0.0796565623425,0.06515142388064,0.030907293358114,0.0034649230139034,0.50359870168853,0.00064759186722,6.324186168e-05,3.8844193349664,0.00051589442024,0.00298021671706,0.66506580715335,0.00015898301339,0.00402566224456,0.0002371569813,4.054903036e-05,0.0023656459581975,0.00044614893195,0.0019548232324457,0.00105410749864,0.028922330004101,0.015397642530915,0.00232922241522,0.00024557130094924,0.02753564126698,0.0005086528886,0.00017517310538,0.02873999451466,0.01192479819072,0.0086636608487126,0.0030274718168443,0.00554939586162,0.08310734372677,4.4542999085714e-07,0.0005958146732,0.2077980548095,0.00758022122545,0.19385726310607,0.00015638394135,5.27015514e-06,0.011943410835375,0.0046051998475989,0.02206447633973,2.7051607313714e-05,0.00011766029873,0.0097263821065526,0.0008740875,0.0336765,7.017281461e-05,0.00832453425364,8.084778746e-05,0.02967694432885,0.0148069717995,0.03624366439284,0.0011468155699,0.0023763258531727,4.77047416e-06,0.01027814837387,0.00557152769789,5.1944000520363,11.47152579984
1994,0.0012653986091863,0.0082362209111,0.011195915700803,0.0045283333323,0.00161266747284,0.054836379402837,0.00068112695282,0.011820370817923,0.00059392403292,0.0012861428486811,0.0075857146768473,0.00128383768994,0.18567837699203,0.00095902203056,0.15320440717681,0.020467412499915,0.00419108962818,0.40060079002295,1.93136187e-06,0.01129389930721,0.00030888820186,0.034012836481027,0.20188781936874,6.55940197e-05,0.00082883954951314,0.0002146713372,0.0010501447936,0.00246937690246,0.00012800048128,1.8814659120242,0.00077672147887901,0.00047739483664,1.48937087e-06,1.7878956200319,0.0015139690158446,0.00011459413762,0.39897128425816,0.00042611710710857,0.00013942499994,0.00067343213397943,5.659609306e-05,8.93622522e-05,0.007284943913,0.02635448449692,0.00035154166662,0.0796565623425,0.06834384573224,0.030953420395749,0.003309581089895,0.50808176403385,0.00065713281554,6.763365763e-05,4.2459325228701,0.00054091914958,0.00322694186155,0.7029841557514,0.00014844270311,0.00422499385847,0.00024418385482,4.054903036e-05,0.000723636759491,0.0004569254762,0.0017171620470743,0.00107973929192,0.03009584710275,0.01568955980461,0.00243480353078,0.00024569876186581,0.02805418224862,0.00051511881515,0.00017709808456,0.03011580082885,0.01195863151892,0.0077306319856235,0.0026220260226286,0.00568641798166,0.08492920679936,4.5167433828571e-07,0.0006192309704,0.20855645301385,0.0079918852158,0.19122390248819,0.00016234142483,5.27015514e-06,0.015437974796865,0.0047389062668251,0.02314477005148,2.7430835892571e-05,0.00012063904047,0.008615774136864,0.000567709999956,0.03607461,7.274796377e-05,0.00844998771694,8.224171483e-05,0.032612249401415,0.0258550849646,0.028062232782059,0.00116021990773,0.0023763258531727,4.77047416e-06,0.01054325638873,0.00577782894865,5.070639937402,11.713811452814
1995,0.0013343017960143,0.00836281743505,0.013235017597458,0.0046355833323,0.00162232942393,0.042774380601902,0.00077383232258,0.011934502540135,0.00060465759978,0.0013810374105857,0.0067257063268559,0.0013255400743,0.19050244923996,0.00099387021481,0.1856177680286,0.01936260305723,0.00425215383385,0.4163237680837,1.93136187e-06,0.0115575179512,0.00031127343894,0.037789341069852,0.2002328862865,6.55940197e-05,0.00085893377477143,0.0002206344299,0.00108529985536,0.0025468241877,0.00013025401088,1.4479795876815,0.00086469758508831,0.0005004945868,1.48937087e-06,1.7931766451787,0.0015264286608857,0.00011974443594,0.37699151676,0.00043370226102857,0.00013942499994,0.00069290712797143,5.808546393e-05,9.085162307e-05,0.0074659898564,0.02741352976044,0.00035154166662,0.0796565623425,0.07158466126472,0.031000471512514,0.0030875939268948,0.49007106471875,0.00066667376386,7.114709439e-05,5.0076833706432,0.00061695582719,0.00346669736919,0.9571036904018,0.00014405090716,0.00442293154501,0.00024945400996,4.054903036e-05,0.0026665616773908,0.0004698573293,0.0017198706162286,0.00110216711104,0.0311322975579,0.016016295113629,0.00254424737008,0.00024582622278239,0.02859223821344,0.00056684622755,0.0001828730221,0.03155015209258,0.01199536484668,0.0072768988022196,0.0026324164780357,0.00582046135996,0.08676222129091,4.5791868571429e-07,0.0006218327812,0.21156119589402,0.008147067453,0.18918540143027,0.00016829890831,5.27015514e-06,0.018917762288476,0.0049282705565571,0.02378318878694,2.7810064471429e-05,0.00012361778221,0.0082161210416571,0.00028743,0.035085765,7.532311293e-05,0.00858241081709,8.224171483e-05,0.031233411218086,0.0935447147077,0.025466755682723,0.00117213487469,0.0034533123116021,4.77047416e-06,0.01081134314533,0.0059799484173,4.6196270516923,12.386977772552
1996,0.00140934434484,0.00848196710465,0.012106852060955,0.0047428333323,0.0016337480934,0.056445907028791,0.00065344409935,0.011746817564021,0.0006141985481,0.0017480607167931,0.0076011507241549,0.00136426371692,0.19535928764703,0.00102871839906,0.16400122515307,0.018235538664968,0.00431470741039,0.4330231010535,2.57514916e-06,0.01181666848258,0.00031365867602,0.037583791356758,0.19857843653752,6.55940197e-05,0.00090327425503543,0.0002265975226,0.0011200042112,0.00262427147294,0.00013250754048,2.7050927251591,0.0010735960654179,0.00052263184737,1.48937087e-06,1.7928356556406,0.0015438090404503,0.00012425094697,0.37720224740877,0.00044305087034057,0.00013942499994,0.00071265934570286,5.95748348e-05,9.531973568e-05,0.00765350172635,0.02850716096162,0.00035154166662,0.0796565623425,0.0750466307152,0.031002080919655,0.0028816119399112,0.50036210074114,0.00067621471218,7.290381277e-05,4.9038819978316,0.00063139317104,0.00371481644105,1.0845600345554,0.00014580762554,0.00475886804118,0.00025384580591,4.054903036e-05,0.00090056800166117,0.000474167947,0.0017006877976389,0.00114221678804,0.032083752305541,0.016227593456301,0.00266914210434,0.00024595368369896,0.02915956665303,0.0005733121541,0.00015688580317,0.03309462361854,0.01202243150924,0.0082256776044989,0.0025634677177286,0.00595301536739,0.08860081149194,4.6416303314286e-07,0.00064993233784,0.21464772389529,0.00830440499905,0.18775701688174,0.00017425639179,5.27015514e-06,0.022405705940883,0.0051139066227051,0.02438118362867,2.8189293050286e-05,0.00012659652395,0.0082997354358309,0.0004172025,0.0264467775,7.854204938e-05,0.00874131853727,8.224171483e-05,0.035266769664408,0.09096049939655,0.024485756053428,0.00118404984165,0.0027750610236713,4.77047416e-06,0.01107645116019,0.00619461323228,5.8936578629577,13.697324915613
1997,0.0013874954660034,0.00860111677425,0.013439506528208,0.0048500833323,0.00164341004449,0.064867552777124,0.00053305587612,0.011845628278464,0.00062254687788,0.0020092278633994,0.0084765951214538,0.00140298735954,0.20029357333934,0.00106774836542,0.14648772075922,0.017242158071015,0.00437726098693,0.44959527080115,2.57514916e-06,0.01207432964309,0.0003160439131,0.038969278282726,0.19692350345528,6.55940197e-05,0.00094501190364686,0.00023375323384,0.0011538071552,0.00270171875818,0.000135211776,3.1644665151696,0.00067954443252076,0.00054573159753,1.48937087e-06,1.6932819666469,0.0015576163052743,0.000128757458,0.16330134174082,0.00045597259439314,0.00013942499994,0.00072746772693257,5.95748348e-05,9.829847742e-05,0.0078668773025,0.02962822238922,0.00118916416662,0.0796565623425,0.078561677106,0.031048616087856,0.0027317324155908,0.49408689347735,0.0006857556605,7.466053115e-05,5.1233144719095,0.00064583051489,0.00398802620557,1.2020329881158,0.00015371285825,0.00509759239209,0.00025560252429,4.17416489e-05,0.00089378405782031,0.0004784785647,0.0017259675433503,0.00118386845212,0.033255956754909,0.016472307764214,0.00279854334963,0.00024608114461553,0.0297464100758,0.00058408869835,0.00013186107383,0.03469624616667,0.01204998150506,0.0085061183898857,0.0027913393068243,0.00608259063308,0.09044218954771,4.7040738057143e-07,0.00065097306216,0.21449056337705,0.0084617425451,0.18817382235275,0.00018021387527,5.27015514e-06,0.026044845015789,0.005326734323636,0.02494851206826,2.8568521629143e-05,0.00013106463656,0.0091219425100571,0.000205800833262,0.030602715,8.240477312e-05,0.00890858982167,8.084778746e-05,0.052523184768434,0.0246782863325,0.024994924597572,0.00119596480861,0.0034756136405834,4.77047416e-06,0.01134155917505,0.00640370233778,6.2647792811492,14.162916495145
1998,0.001486181990176,0.00871728770211,0.013522510056984,0.0049573333323,0.0016513152772,0.040423395994386,0.00041266765289,0.020103459743131,0.00063089520766,0.002106437976256,0.0093520395187528,0.00144320037303,0.20527700827036,0.00108029371175,0.16675761464419,0.016246929318799,0.00443981456347,0.4660984706656,2.57514916e-06,0.0123319908036,0.00031842915018,0.038731257007257,0.1952690537063,6.440140116e-05,0.001029857948928,0.00025522036756,0.00118670868736,0.00277916604342,0.00013791601152,2.5581301204862,0.000743630767125,0.00056883134769,1.48937087e-06,1.7563193521564,0.0015871098528,0.00013326396903,0.16589841055318,0.000470842589664,0.00013942499994,0.000745941630816,6.106420567e-05,9.829847742e-05,0.0077892861839,0.03077909928032,0.00240831781662,0.0796565623425,0.08213760586952,0.025106533841088,0.0024643110509093,0.51744980591016,0.00069529660882,7.641724953e-05,5.1836268960768,0.00066026785874,0.00427238738905,1.1240819329379,0.00016513152772,0.00544049852511,0.00025823760186,4.17416489e-05,0.00094420762752323,0.000474167947,0.001700231114784,0.00122391812912,0.034792969,0.016737182118496,0.00293309489324,0.0002294656888748,0.0303457988449,0.0005948652426,0.00010683634449,0.03634805010012,0.01207946483392,0.0092372175938934,0.0030254216812,0.00620918715703,0.09228914331296,4.76651728e-07,0.00065253414864,0.22892152181906,0.00861908009115,0.18928710693751,0.00018617135875,6.14851433e-06,0.03011000492379,0.005446090795424,0.02551165872574,2.8947750208e-05,0.0001340433783,0.010393544425568,0.000481433333265,0.030933045,8.626749686e-05,0.00908143681555,7.945386009e-05,0.033812464558816,0.02749958561715,0.025449357429311,0.00120787977557,0.0034756136405834,4.77047416e-06,0.01160815656078,0.00661139751591,5.7438479006419,13.66772095563
1999,0.0015795788945366,0.00883494800084,0.013810739334901,0.0050645833323,0.00165922050991,0.04622284556196,0.00029163564237,0.016265155768131,0.00064043615598,0.0022966732132731,0.010227483916052,0.00148490275739,0.2102693794266,0.00111932367811,0.14849410128444,0.015482104866457,0.00450236814001,0.48262753423625,2.57514916e-06,0.01258965196411,0.00032081438726,0.03913549424307,0.1936136372908,6.440140116e-05,0.0010022586847303,0.00025999084172,0.00122006092544,0.00285810269953,0.00014016954112,2.4203075435468,0.00086066801888743,0.00059289358744,1.48937087e-06,1.7893084854007,0.001613261305368,0.00013777048006,0.17240146947417,0.00048415704734743,0.00013942499994,0.00076464655448229,6.255357654e-05,0.00010127721916,0.00795524496535,0.03195740639784,0.00285094929162,0.0796565623425,0.08578534461112,0.020662715732078,0.0021970887501984,0.51682367470883,0.00070483755714,7.729560872e-05,5.0599053007926,0.00067470520259,0.00469195952742,1.3112511087807,0.00017655019719,0.00578898036761,0.00026262939781,4.17416489e-05,0.00041024065828768,0.000474167947,0.0016953982518583,0.00126717178028,0.035485644332097,0.016998338868195,0.00307601567162,0.00022959314979137,0.030945187614,0.000603486478,8.181161515e-05,0.03802773258097,0.01211523149516,0.014325433428835,0.0032635756205486,0.00633578368098,0.09414446064243,4.8289607542857e-07,0.00068063370528,0.18998602894335,0.00877426232835,0.19069825385763,0.00019212884223,6.14851433e-06,0.037465439913284,0.0051280868635423,0.02610547178536,3.1582900232e-05,0.00013553274917,0.010211817377472,0.001156393333305,0.031100923425,9.01302206e-05,0.00925149595469,7.805993272e-05,0.031943964445987,0.0152768291288,0.026866681276701,0.00121830537166,0.0035876050969894,4.77047416e-06,0.01187624331738,0.0068163048393,5.6052879210757,13.608482759618
2000,0.0016673993920229,0.00895409767044,0.013465562246008,0.0050645833323,0.00166800410181,0.032338943833965,0.00017124741914,0.036298652633684,0.00067502209364,0.0024436886299257,0.012136040908148,0.00156979689698,0.22452414802337,0.00115974757184,0.16024136435784,0.014522376241864,0.00456343234568,0.49925789732285,2.57514916e-06,0.01334178425346,0.00033274057266,0.031907064637986,0.19195918754182,6.440140116e-05,0.00093016490516571,0.00026356869734,0.0012935259904,0.0030681039922,0.00014738083584,2.93315626927,0.0011660031768759,0.00061791831678,1.48937087e-06,1.8794512338589,0.0016612672819886,0.00015579652418,0.1747661992338,0.00049946598020571,0.00013942499994,0.00079444045402286,6.255357654e-05,0.00010276659003,0.00831302623445,0.03491748561412,0.0040016059416195,0.0796565623425,0.09434009852152,0.021978036600686,0.0023726258014743,0.44425109837898,0.00071437850546,7.90523271e-05,4.9016681217884,0.00068914254644,0.00507250169943,1.7498974106239,0.00018533378909,0.00650406510842,0.00028371001837,4.293426744e-05,0.0012050662433324,0.0004870998001,0.0017273059570057,0.0013136294056,0.036408384765994,0.01724560239444,0.00336765131399,0.00022972061070794,0.03261093082115,0.00060995240455,5.582439622e-05,0.0416923676367,0.01215486482248,0.028915439117258,0.0031610387511286,0.00673046696153,0.10036137671263,4.8914042285714e-07,0.00068739841336,0.24298054571631,0.0089315998744,0.18903552940548,0.00019808632571,6.14851433e-06,0.043845328903323,0.0052917465734857,0.02675922372189,3.199130024e-05,0.00013851149091,0.012400658951451,0.001417368333297,0.0300031875,9.399294434e-05,0.00941597938435,7.945386009e-05,0.032773883259371,0.0608745431594,0.030064156664495,0.00123319908036,0.0033451993471928,4.77047416e-06,0.01265071616978,0.00701981823532,6.1955711019408,14.6191347706
2001,0.0017569406118829,0.00907175796917,0.013567308756041,0.0050645833323,0.00168996308156,0.038211153623452,0.00017832907933,0.022912964609793,0.00068694827904,0.0025608357407731,0.01553265999999,0.00161149928134,0.22860055609456,0.00120295932031,0.16796866689837,0.013451757858527,0.00480173168488,0.5208734897795,3.21893645e-06,0.01361136038093,0.00039594935528,0.043108510614335,0.19030425445958,6.440140116e-05,0.00095853417394629,0.00027310964566,0.00132777964032,0.00313661505222,0.00018208519168,3.4010586252618,0.00078704728735942,0.00064390553571,1.48937087e-06,1.9472546605534,0.0016953042273429,0.0001609468225,0.1757658885024,0.00051134041019314,0.00013942499994,0.00081924431310514,6.553231828e-05,0.0001042559609,0.00839923858845,0.03226390936262,0.0043475539249481,0.0796565623425,0.09745758822208,0.023638317024267,0.0020449295515598,0.43317251949745,0.00072272683524,8.080904548e-05,4.9111336240688,0.00070165491111,0.00545722565355,1.8489769584583,0.00019060394423,0.00692084939205,0.00026702119376,4.17416489e-05,0.0015977337566294,0.0004957210355,0.001787276277124,0.00140334068208,0.038361245093632,0.017475871151002,0.00355821235183,0.00022984807162451,0.03321310744499,0.0006164183311,5.486190663e-05,0.04325077843636,0.01221044814738,0.032473551838102,0.0030548064417,0.00685706348548,0.10232681430433,4.9538477028571e-07,0.00069676493224,0.23440357130091,0.00916652853905,0.18445152383393,0.00020404380919,7.02687352e-06,0.049566449976237,0.0054705316318194,0.02747570239007,3.2399700248e-05,0.00014297960352,0.0078822170184903,0.00144310833324,0.0333794175,9.785566808e-05,0.00986761185223,8.084778746e-05,0.033874826185943,0.1269218275588,0.033810631877733,0.00123915656384,0.0033451993471928,4.77047416e-06,0.01289944110507,0.00726375552507,6.7157790296435,15.37028720761
2002,0.001827723855456,0.00919090763877,0.013674957862142,0.0050645833323,0.0017128004205,0.023884059546692,0.00018605452681,0.022346939237789,0.00070125970152,0.0026827095245349,0.0097008995416666,0.00165469103657,0.23262036807269,0.00124477714141,0.19983586640717,0.012470236323923,0.00504003102408,0.5427024578123,3.21893645e-06,0.0138809365084,0.0004591581379,0.061841725193713,0.18864932137734,6.440140116e-05,0.00095020201223314,0.00028265059398,0.00136203329024,0.00320512611224,0.00021724025344,2.7555650118365,0.00068305310748565,0.00067085524423,2.97874174e-06,2.0633717295076,0.0017259528737829,0.00016674090811,0.17933856218246,0.00052149758874514,0.000325324999836,0.00084256194053486,6.553231828e-05,0.00010574533177,0.00851993588405,0.02971647616118,0.0024603018916139,0.0796565623425,0.1006406435548,0.027931873855831,0.00193725313923,0.45378109058908,0.00072988254648,8.256576386e-05,4.6154882981104,0.00071416727578,0.00583219211608,1.5811798338458,0.00019411738099,0.00734460331253,0.00025033236915,4.054903036e-05,0.0014628051533262,0.000517274124,0.0018584419034469,0.00149945990688,0.046941361159138,0.017685916130736,0.00376036156089,0.00022997553254109,0.03380413264987,0.00063150549305,5.582439622e-05,0.04481058316339,0.01226313147272,0.032383272018103,0.0029448786922629,0.00698366000943,0.10430061546025,5.0162911771429e-07,0.00070561108896,0.24356318725547,0.0094014572037,0.17953077324162,0.00021000129267,7.02687352e-06,0.050962422561301,0.0056393216436549,0.02824375637094,3.2808100256e-05,0.00014595834526,0.0093818038238743,0.001277347499853,0.03512223,0.00010236217911,0.01031785039274,8.36356422e-05,0.022582884947945,0.14384315734015,0.036353096410389,0.00124362467645,0.0033451993471928,4.77047416e-06,0.01314965541123,0.00750769281482,6.2203054553711,14.392234897967
2003,0.0019204515982303,0.00931154667924,0.013894433023573,0.0050645833323,0.00173739447782,0.026625802529695,0.00019442376158,0.025200078742465,0.00071676374254,0.0027990387666514,0.022891320833031,0.00169639342093,0.23657464773254,0.00129077674462,0.19372674656294,0.012119382419865,0.00527684099241,0.5647426461124,3.21893645e-06,0.01415349137761,0.00046154337498,0.099137638523968,0.18699487162836,6.55940197e-05,0.00092820885001371,0.0002921915423,0.00139673764608,0.00327363717226,0.00025194460928,3.7783235360697,0.00074554399753632,0.00069972993193,2.97874174e-06,2.0607120313327,0.0017549535747223,0.00017253499372,0.15876581164853,0.00053362614049371,0.000591662499687,0.00086620299566057,6.851106002e-05,0.00010723470264,0.00868373935665,0.02727637862834,0.00052590633327912,0.0796565623425,0.10389082560616,0.029887589366695,0.0017848033421588,0.44185847814442,0.00073703825772,8.432248224e-05,4.7748454267951,0.00072667964045,0.00627546101974,1.5932603399501,0.00019675245856,0.0077781147246,0.00023364354454,3.935641182e-05,0.0039319587449984,0.00054529313905,0.0019256350033537,0.00160198708,0.062947640607442,0.018346662434375,0.00397538651575,0.00023010299345766,0.03438121858105,0.00064874796385,5.197443786e-05,0.04638014538201,0.01229986480048,0.034778897911927,0.0028002814758414,0.00711025653338,0.10625768948773,5.0787346514286e-07,0.0007207015916,0.19190625444139,0.0094962907931,0.18860824479467,0.00021446940528,7.02687352e-06,0.055924268822736,0.0057743133074994,0.02905223424554,3.3216500264e-05,0.00015042645787,0.0098303278165823,0.001800369999822,0.131091675,0.00010622490285,0.01076669500588,8.921135168e-05,0.027472047154171,0.0980105146449,0.041061563845873,0.00124511404732,0.0033451993471928,4.77047416e-06,0.01339986971739,0.00775302403194,7.3318755611074,15.679906430787
2004,0.0020227707667509,0.00943218571971,0.013894433023573,0.0050645833323,0.00176198853514,0.015486774590391,0.00020214920906,0.040261901525765,0.00073226778356,0.0029305252223874,0.03076144499484,0.00174107454703,0.24045743759063,0.00132562492887,0.19294310482213,0.011821432177567,0.00551514033161,0.58699620998865,3.21893645e-06,0.01442455687595,0.00046273599352,0.09284520052233,0.18533945521286,6.55940197e-05,0.00091109021836114,0.00030053987208,0.0014332448256,0.00334363760315,0.00028664896512,2.9549003791453,0.00070857051895568,0.00072860461963,2.97874174e-06,2.0700981923957,0.0017898452932731,0.00017897286662,0.13119638862221,0.00054779537137371,0.00072929999961,0.00089397161300571,7.148980176e-05,0.00011021344438,0.0090178122284,0.02494242414556,0.0002318983332756,0.0796565623425,0.107207614014,0.039162528606151,0.0020412864041241,0.52798844192223,0.00074419396896,8.695755981e-05,4.6326521664877,0.00073919200512,0.00678006272768,1.5902903243548,0.00020114425451,0.008224171483,0.00021695471993,3.816379328e-05,0.0020179011233199,0.0005991758603,0.0020044057922149,0.00170932021436,0.064211550626566,0.018616837043922,0.00420264342912,0.0002137182665475,0.03493739560168,0.0006810775966,5.197443786e-05,0.04796643472907,0.01232064813066,0.038195502574409,0.0028567756561714,0.00723685305733,0.10816458212989,5.1411781257143e-07,0.00073787354288,0.14284554998893,0.00958465845595,0.1880519324538,0.00022042688876,7.90523271e-06,0.069484032469325,0.0060342059189714,0.02987743924858,3.3624900272e-05,0.00015638394135,0.011215752305914,0.0015524092997022,0.1390077975,0.00011073141388,0.01121414569165,9.478706116e-05,0.011504344762909,0.1203395143309,0.045568206222077,0.00124809278906,0.0033451993471928,4.77047416e-06,0.01365008402355,0.0080011431038,6.580094620204,14.814823895675
2005,0.002124346416,0.00955282476018,0.014011185907179,0.0050645833323,0.00178746095165,0.00246614179644,0.00021051844383,0.031422780442464,0.00074777182458,0.00304312624092,0.02074214999988,0.00178426630226,0.24426278016348,0.00136186704049,0.16289245781431,0.011520709697875,0.00575343967081,0.6247335126433,3.21893645e-06,0.01469264363255,0.0004651212306,0.066306916829969,0.18368500546388,6.678663824e-05,0.00092793157368,0.00031127343894,0.00147110412288,0.00341512740491,0.00032135332096,2.5777081931633,0.00047288724809746,0.00075844179692,2.97874174e-06,2.1006669440574,0.00182698560876,0.00018541073952,0.10739578395168,0.00056022424884,0.0013723185659229,0.00092215606596,7.297917263e-05,0.00011021344438,0.0093195554674,0.02164960435662,0.0001095141666081,0.080610208965,0.110589968054,0.04267651157376,0.0018036649065111,0.48729800940775,0.0007513496802,8.959263738e-05,4.5218006179562,0.00075170436979,0.00740872397155,1.3659787110999,0.00020729276884,0.00868695536984,0.00020026589532,3.697117474e-05,0.0037310164557464,0.0006164183311,0.0020845149207,0.00181985732288,0.08023107446008,0.01887481790616,0.00444341987558,0.0002137182665475,0.03546848192965,0.0007026306851,5.197443786e-05,0.04957781476879,0.01241151478354,0.039465019722902,0.00280096783395,0.00736493895215,0.10999759662144,5.2036216e-07,0.00075764730496,0.15617224432236,0.0096687155011,0.18767335900283,0.00023383122659,9.66195109e-06,0.11482604809415,0.00622167956586,0.03070403817899,3.403330028e-05,0.00016085205396,0.01098552640374,0.0014881401057958,0.134690985,0.00012103201052,0.01166299030479,0.00010036277064,0.0210575838486,0.0817939708575,0.048170391123577,0.00125256090167,0.0033451993471928,4.77047416e-06,0.01389880895884,0.00825065610303,6.2029804990213,14.080314531016
2006,0.00218542137546,0.00967048505891,0.014207704390744,0.0041708333325,0.00181381172735,0.00193094474772,0.00021953146589,0.029456280394101,0.0007632758656,0.00313872182964,0.01908454166664,0.00182745805749,0.24789535571541,0.00140647271633,0.17611399732647,0.011457245192606,0.00599024963914,0.93182838351785,3.21893645e-06,0.01495626227654,0.00046631384914,0.084822695104461,0.18203007238164,6.678663824e-05,0.00093178191216,0.00032081438726,0.001509864832,0.00348363846493,0.00032721249792,3.1842679718374,0.0003508431129666,0.00079020395339,2.97874174e-06,2.0893747915487,0.00183661145496,0.00019249239971,0.084169081073004,0.00056599975656,0.0016625251490999,0.00093563225064,7.44685435e-05,0.00011170281525,0.0094143890568,0.022182704844,0.00048712949993748,0.078261488097292,0.1140529782288,0.04147137124716,0.0019848603633394,0.47714561002678,0.00077997252516,9.486279252e-05,4.4187051122129,0.00077576660954,0.00774744832246,1.5168223115849,0.00021695471993,0.00901731615653,0.00018357707071,3.57785562e-05,0.0034231542582697,0.0006422820373,0.00212965728204,0.0018983546898,0.08125207346848,0.01890402766938,0.00470479751532,0.0002137182665475,0.03597447756496,0.0007155625382,5.197443786e-05,0.05116967982533,0.01249561477078,0.0393119558808,0.00280802020785,0.00748408862175,0.11177067223608,5.2036216e-07,0.00076649346168,0.1556732240149,0.0097506172374,0.18736282712504,0.00022191625963,1.054031028e-05,0.029026653951167,0.00632258602062,0.0315306371094,3.403330028e-05,0.00016532016657,0.01135728702654,0.0017977444007973,0.130538265,0.00012553852155,0.01213831953796,0.00010315062538,0.0294620293569,0.1104681997979,0.050298768739252,0.00125702901428,0.0033451993471928,4.77047416e-06,0.01413859766891,0.00851968408544,6.708252827206,14.985164374039
2007,0.00225446263398,0.00978963472851,0.014452761272022,0.003336666666,0.00184104086224,0.00193094474772,0.00022854448795,0.019457113646395,0.00077877990662,0.00322900655232,0.02006051666556,0.00187213918359,0.25144303712775,0.00144829053743,0.16982054131176,0.011124256993737,0.00602748391089,1.2389254097012,3.86272374e-06,0.01521690217879,0.00046631384914,0.053652350434766,0.18037562263266,6.797925678e-05,0.00092985674292,0.00033154795412,0.00155087907072,0.00355363889582,0.00033307167488,3.1804848074512,0.0002287803114,0.00082196610986,2.97874174e-06,2.1068730284754,0.0018481624704,0.00020021784719,0.087492718347674,0.00057177526428,0.0022272226154447,0.00095103360456,7.744728524e-05,0.00011468155699,0.0096169880887,0.02271580533138,0.0004277398124317,0.09541380766203,0.11758155403576,0.0376691776158,0.002021722694215,0.47219102850246,0.0006499771043,0.00010101130685,4.445535021697,0.00079982884929,0.00820744435456,1.3483418187803,0.0002283733894,0.00936161621692,0.0001668882461,3.458593766e-05,0.0005056611081607,0.00067030105235,0.0021774550764,0.00198005603088,0.0815097541706,0.01851898988148,0.00498098226273,0.0002137182665475,0.03645538250761,0.00073496031785,5.197443786e-05,0.05277966593768,0.01257971475802,0.04035539760888,0.0027551274036,0.00760323829135,0.11347126362748,5.2036216e-07,0.00078054324,0.15430398316577,0.00982605304715,0.1871842095194,0.00021000129267,1.317538785e-05,0.0064438033790861,0.00644208050652,0.03235584211244,3.403330028e-05,0.00016978827918,0.01052082562524,0.0022284818929668,0.14986257,0.00013068881987,0.01261364877113,0.00010872633486,0.02896811881518,0.13209241348995,0.052858525543292,0.00126447586863,0.0033451993471928,4.77047416e-06,0.01437838637898,0.00879289384996,6.6790411150318,15.1597392676
2008,0.0023235038925,0.00990729502724,0.014769907041089,0.0025024999995,0.00186826999713,0.00132451643712,0.0002382012973,0.024402053866475,0.0007930913291,0.003319291275,0.054369195833259,0.00191682030969,0.25492667559268,0.00148871443116,0.16802386181296,0.010945282334068,0.00606471818264,1.5460202805758,3.86272374e-06,0.0154745633393,0.00046750646768,0.056057654990137,0.17872068955042,6.797925678e-05,0.00092793157368,0.00034228152098,0.00159414683904,0.00362661806845,0.00033893085184,2.9771485487649,0.00030445719918,0.00085469075592,2.97874174e-06,2.1461108283764,0.00185971348584,0.00020794329467,0.08571251406086,0.000577550772,0.0026078361818924,0.00096643495848,7.893665611e-05,0.00011617092786,0.00981743181175,0.02324890581876,0.000436988694945,0.0844550796375,0.12117361402624,0.0300748317696,0.0020035354640065,0.48437839176034,0.0006499771043,0.00010715982118,5.0244351678977,0.00082292859945,0.00866604645929,1.3333042289339,0.00024154877725,0.00971706769627,0.00015019942149,3.339331912e-05,0.00041932390476882,0.0006983200674,0.00222790830378,0.00206335935904,0.1386735438909,0.01901024499018,0.00527004275594,0.00024187854157995,0.03692792388604,0.0007543580975,5.197443786e-05,0.05442171237954,0.01263771474922,0.03922339809576,0.0026352370473,0.00772685607356,0.11513282505252,5.2036216e-07,0.00079407265616,0.12072135889536,0.00989933354805,0.17206063275274,0.00019659695484,1.581046542e-05,0.0046375918855781,0.0065589195594,0.03316571391441,3.403330028e-05,0.00017425639179,0.00914000045484,0.0023384937840107,0.156273975,0.00013648290548,0.0130889780043,0.00011290811697,0.02694467885394,0.1041229705435,0.050981161358092,0.00127043335211,0.0033451993471928,4.77047416e-06,0.01461668571818,0.00907167932396,6.4679232787702,15.890915325162
2009,0.00239254515102,0.01002793406771,0.015066612024902,0.001668333333,0.0018972558504,0.00409676014272,0.00024785810665,0.019108261791493,0.00080740275158,0.00340692056466,0.04710658333248,0.00196150143579,0.25838201601108,0.00152913832489,0.13773914666791,0.010381273826399,0.00610195245439,1.8531151514503,3.86272374e-06,0.01573073512894,0.00046869908622,0.047514704237305,0.17706527313492,6.797925678e-05,0.00093178191216,0.00035301508784,0.00164011884288,0.00369810787021,0.00034524073472,3.3850097734144,0.00024698101086,0.00088934038116,2.97874174e-06,1.9958478996023,0.00187126450128,0.00021631252944,0.087308081119176,0.00058332627972,0.008850822414966,0.0009818363124,8.042602698e-05,0.00011766029873,0.0100178755348,0.02378319892468,0.00011033045827161,0.087500545843784,0.1248244749408,0.02249588727732,0.0018345211859755,0.47881266040155,0.0006499771043,0.0001141866947,4.0900819945497,0.0008469908392,0.00913858783772,1.2962781781998,0.00025648088348,0.01007391310299,0.00013351059688,3.220070058e-05,0.00046242481975189,0.00072202846475,0.00227836153116,0.00215307063552,0.14999690908406,0.01910849601192,0.00556940384579,0.00032392996532061,0.03741161668343,0.00077375587715,5.197443786e-05,0.0561055766425,0.01285956471556,0.02193345315132,0.00257999345175,0.00785196322664,0.11680135611441,5.2036216e-07,0.00080864279664,0.11223939902811,0.0099704587401,0.17660435505388,0.00018468198788,1.844554299e-05,0.0034224587666624,0.00667310317926,0.03394770716898,3.403330028e-05,0.0001787245044,0.0101968627968,0.0028920796318091,0.1739712975,0.0001416332038,0.01356570116484,0.00011708989908,0.02150369659596,0.0361962568269,0.043961015594543,0.00127788020646,0.0033451993471928,4.77047416e-06,0.01485200631564,0.00935743443481,6.7222323872529,15.374297716095
2010,0.00246158640954,0.01015155184992,0.014921489397629,0.0008341666665,0.00192799842205,0.00195789711708,0.00025815870329,0.0075155608144953,0.00082171417406,0.00349454985432,0.04165470833325,0.00200767193276,0.26183288831687,0.00156956221862,0.1585322131683,0.01020229916673,0.00613918672614,2.1602100223249,3.86272374e-06,0.01598392817684,0.00046989170476,0.066423836301246,0.17541082338594,6.917187532e-05,0.00093755741988,0.00036494127324,0.00168879508224,0.00377108704284,0.00035200132352,3.5015065341516,0.00022043311566,0.00092591498558,2.97874174e-06,2.1823076930128,0.00188281551672,0.0002253255515,0.080902326516656,0.00058910178744,0.0045252281123521,0.00099723766632,8.340476872e-05,0.0001191496696,0.01021831925785,0.02431629941206,3.24133333152e-05,0.0921238343025,0.12853049424432,0.02309731989312,0.0016893173068066,0.46204929937542,0.0006499771043,0.00012209192741,3.7310801709163,0.00087105307895,0.00960973528878,1.2679143137338,0.00027316970809,0.01042797065497,0.00011682177227,3.100808204e-05,0.0012941763356029,0.00074789217095,0.00232881475854,0.00224598588616,0.1692913593928,0.01909521884682,0.00587649038312,0.00035671151627526,0.03792597588296,0.00079099834795,5.197443786e-05,0.05783962229078,0.01285376471644,0.06934267085556,0.0026046767604,0.00798153849233,0.1185117049974,5.2036216e-07,0.00082269257496,0.14055215514751,0.01004158393215,0.17465958479998,0.00017276702092,2.020226137e-05,0.0038595740306158,0.0067846313661,0.03469206438456,3.403330028e-05,0.00018468198788,0.01031370184968,0.0034460566266497,0.1668263025,0.00014742728941,0.01404381825275,0.00012127168119,0.0144588327939,0.04888887064455,0.043077584364387,0.00128532706081,0.0033451993471928,4.77047416e-06,0.01508583754223,0.00994567178495,7.0331046245247,15.701365614347
2011,0.00253062766806,0.01027219089039,0.014997614920194,0.0008341666665,0.00196137607127,0.00152473403808,0.00026845929993,0.0053348399865008,0.00083602559654,0.00358217914398,0.038667795833229,0.00205235305886,0.26524801572178,0.00160998611235,0.15775588110955,0.010005927859551,0.00641620970796,2.4673070485083,4.50651103e-06,0.01622967437039,0.0004710843233,0.056935002405304,0.1737558903037,6.917187532e-05,0.00094140775836,0.00037448222156,0.00173837273344,0.00384108747373,0.00035921261824,3.6542775741896,0.0002124346416,0.00096441456918,2.97874174e-06,2.3162712371263,0.00189436653216,0.00023433857356,0.075446226493449,0.00059487729516,0.0039971867230656,0.00101263902024,8.489413959e-05,0.00012063904047,0.0104187629809,0.02484939989944,3.423062498085e-05,0.063989830905,0.13199194333264,0.020196234786315,0.0015546380191065,0.459192484532,0.0006499771043,0.00012999716012,3.7606606203338,0.00091051515214,0.01008088273984,1.3992351266554,0.00029073689189,0.01078760391643,0.00010101130685,3.220070058e-05,0.0045846559090364,0.0007716005683,0.0023766125529,0.00263046278536,0.17307634857394,0.0191323949091,0.00619258994251,0.00047773408459059,0.03848354683096,0.0008103961276,5.197443786e-05,0.05946354767683,0.0130717480167,0.09194800807164,0.00252357446055,0.00810664564541,0.1209789564423,5.2036216e-07,0.00083674235328,0.13788377065119,0.0101256409773,0.17518218917694,0.00016085205396,2.195897975e-05,0.0046657682308152,0.00689615955294,0.03538763414219,3.64642503e-05,0.00018915010049,0.01026855948834,0.0034639288436332,0.1743187875,0.00015322137502,0.01435884583837,0.00012684739067,0.01173966938142,0.03502161350365,0.055075837888344,0.00129128454429,0.0033451993471928,4.77047416e-06,0.01531371128534,0.01954843743688,7.2814143965885,16.456243691079
2012,0.00259966892658,0.01062219304484,0.0151022673808,0.0008341666665,0.00199651043887,0.00143040074532,0.00027940368386,0.011377094633486,0.00084914440048,0.00366980843364,0.01920013333314,0.00209703418496,0.26865718564321,0.00165041000608,0.10196354369476,0.0099443183991722,0.00669174331891,2.7744019193828,4.50651103e-06,0.01647095245133,0.00047227694184,0.055942873249875,0.17210144055472,7.036449386e-05,0.0009433329276,0.00038402316988,0.00179110532608,0.00391257727549,0.00036687461888,2.399049505034,0.00028613685021,0.00100387664237,2.97874174e-06,2.4788401471104,0.0019059175476,0.00024399538291,0.073447472120788,0.00060065280288,0.0024744412086306,0.00102804037416,8.638351046e-05,0.00012212841134,0.01061920670395,0.02538250038682,5.54720833023e-05,0.06572059320255,0.13549398066944,0.01366627451604,0.0015387213302103,0.46260801349832,0.0006499771043,0.00013878075202,3.7579544602508,0.00095190220451,0.01055342411827,1.5397569530577,0.00030918243488,0.01114305539578,0.00010101130685,3.220070058e-05,0.0010744501624869,0.0007974642745,0.00242706578028,0.0027393979068,0.17481933973828,0.01916691553836,0.00651641494938,0.00042661666656393,0.03907317810847,0.0008276385984,5.197443786e-05,0.06113486659346,0.01325444798898,0.07961152358172,0.0025294514388,0.00823473154023,0.12351032854622,5.2036216e-07,0.0008507921316,0.1442805441163,0.01020969802245,0.17787173433301,0.000148937087,2.371569813e-05,0.00414425916576,0.0070103431728,0.03603720429661,3.64642503e-05,0.0001936182131,0.00904706029914,0.0035586999486606,0.1689562875,0.00015965924792,0.01467387342399,0.00013102917278,0.00916921021806,0.034786684839,0.034501634501799,0.00129724202777,0.0033451993471928,4.77047416e-06,0.01554009565758,0.02914980916144,6.1879439924619,15.722919551811
2013,0.00259966892658,0.01074878956879,0.01540784714305,0.0008341666665,0.00208961651301,0.01613869373892,0.00029099185508,0.022510892570714,0.00086107058588,0.00366980843364,0.018833695833099,0.00214171531106,0.2720484831142,0.00165041000608,0.098490156757755,0.0098057021691932,0.00696727692986,2.8573769994901,4.50651103e-06,0.01670925179053,0.00047346956038,0.056867585090836,0.17044650747248,7.036449386e-05,0.0009433329276,0.0003935641182,0.0018456407424,0.00398257770638,0.00037453661952,4.218071881879,0.00033233963901,0.00104526369474,2.97874174e-06,2.2491785137354,0.0019059175476,0.00025429597955,0.069928401491149,0.00060065280288,0.0027261660614091,0.00102804037416,8.638351046e-05,0.00012212841134,0.01061920670395,0.0259156008742,2.8599999984e-05,0.060151742090905,0.139027760098,0.01630863477732,0.001400883105168,0.44747572740511,0.000655940197,0.00014756434392,4.1940096306312,0.00099425174647,0.01055342411827,1.5709981548385,0.00032762797787,0.01150129472987,4.39179595e-06,3.220070058e-05,0.0008153744408286,0.0007974642745,0.00242706578028,0.00284993501532,0.43214026125532,0.01920409160064,0.00685118434018,0.00040304669156082,0.03968929400601,0.0008276385984,5.197443786e-05,0.06282709442064,0.01281896472172,0.0848710859454,0.0024659800737,0.00836579617679,0.12609188203546,5.2036216e-07,0.0008507921316,0.14797868633326,0.0102937550676,0.18114999443017,0.00013702212004,2.547241651e-05,0.004856994998685,0.0070103431728,0.03665053233941,3.64642503e-05,0.0001936182131,0.00942147635496,0.0076965505703453,0.16381365,0.00016609712082,0.01585034812427,0.00013102917278,0.00484350982848,0.03596132816225,0.013501378385482,0.00130468888212,0.0033451993471928,4.77047416e-06,0.01576350128808,0.038751180886,7.7909695225967,18.133249960897
2014,0.00259966892658,0.01087687546361,0.015690936224387,0.0008341666665,0.0021256292398,0.00154591089972,0.0003025800263,0.0063835338351508,0.00087299677128,0.00366980843364,0.018848889583206,0.00218788580803,0.27539807820083,0.00165041000608,0.096508707536027,0.0096285825544141,0.0070596179238,2.9405245043055,4.50651103e-06,0.01694457238799,0.00047585479746,0.057680224219382,0.16879157439024,7.15571124e-05,0.00094525809684,0.00040310506652,0.00190062686464,0.00405257813727,0.00038264932608,2.7498085814064,0.00036224542707,0.0010972381326,2.97874174e-06,2.3707612932635,0.0019059175476,0.0002639527889,0.070356479669193,0.00060065280288,0.0031783101338587,0.00102804037416,8.638351046e-05,0.00012212841134,0.01061920670395,0.02644989398012,3.0432187482975e-05,0.0671704680075,0.14257923184,0.0155211400386,0.0016551066029992,0.41627092461057,0.00066071067116,0.00015634793582,3.7009367328124,0.00103852626761,0.01055342411827,1.420462763519,0.00034431680248,0.01186789762818,5.27015514e-06,3.220070058e-05,0.0020731727683276,0.0007974642745,0.00242706578028,0.00296047212384,0.4397223943677,0.01924392309594,0.00719947326407,0.00044573099988528,0.04032074310462,0.0008276385984,5.197443786e-05,0.06450956475623,0.01300843135964,0.09545374125768,0.00246715546935,0.00849835018422,0.12869852621736,5.2036216e-07,0.0008507921316,0.15211759445298,0.01037781211275,0.18305294092267,0.00012361778221,2.722913489e-05,0.004052500832046,0.0070103431728,0.03724992110851,3.64642503e-05,0.0001936182131,0.01030573555062,0.0089941461554309,0.16435848,0.00017253499372,0.01617792105622,0.00013102917278,0.00041424755112,0.03431467220085,0.011595982916669,0.0013106463656,0.0033451993471928,4.77047416e-06,0.01598541754771,0.04001407908322,6.3976927962244,16.205214125057
2015,0.00259966892658,0.01100198261669,0.015475266737696,0.0008341666665,0.00216164196659,0.00170184960816,0.00031481198481,0.0057020096584833,0.00088492295668,0.00366980843364,0.02052252583242,0.00223554567587,0.27868958782353,0.00165041000608,0.10674708953051,0.0095669730940351,0.00715195891774,3.0235232928101,5.15029832e-06,0.01717691424371,0.000477047416,0.057291267860066,0.167136641308,7.15571124e-05,0.00094525809684,0.00041264601484,0.00195561298688,0.00412406793903,0.00039031132672,3.5226766422672,0.00018080654745,0.00115017506005,2.97874174e-06,2.3226380050769,0.0019059175476,0.00027296581096,0.064219609705468,0.00060065280288,0.0037698792063083,0.00102804037416,8.638351046e-05,0.00012212841134,0.01061920670395,0.0269829944675,3.0860591649402e-05,0.0213821010975,0.14613694792792,0.0141011500386,0.0016619000909703,0.4483406605145,0.00066548114532,0.00016337480934,4.0242741176742,0.00108376327834,0.01055342411827,1.5427377451973,0.00035837054952,0.01225122765493,5.27015514e-06,3.220070058e-05,0.0059662875890618,0.0007974642745,0.00242706578028,0.0030678052582,0.44728751082994,0.01928109915822,0.0075645006575,0.00038110374862179,0.04095916184008,0.0008276385984,5.197443786e-05,0.06615439905283,0.01313989800636,0.08710620743304,0.0024025087086,0.00862941482078,0.13131492789085,5.2036216e-07,0.0008507921316,0.14722649212629,0.0104618691579,0.18152121819911,0.00011170281525,2.810749408e-05,0.002421585832692,0.0070103431728,0.03784373416813,3.64642503e-05,0.0001936182131,0.01029511381854,0.012034538987122,0.1662149775,0.00017961665391,0.01650131220606,0.00013102917278,0.00057357353232,0.0242084290032,0.0083438980591399,0.00131660384908,0.0033451993471928,4.77047416e-06,0.0162043550656,0.04128673477203,7.1059325143459,17.450160538077
2016,0.00259966892658,0.0111256003989,0.015577079419527,0.0008341666665,0.00219941141176,0.00315920272284,0.00032704394332,0.006981548740738,0.00089565652354,0.00366980843364,0.01834570833195,0.00228022680197,0.28183067098836,0.00165041000608,0.13320354998799,0.0094476085564561,0.00724429991168,3.1024140626467,5.15029832e-06,0.01740031987421,0.00047824003454,0.058558369866892,0.16548170822576,7.274973094e-05,0.00094718326608,0.00042218696316,0.0020078948736,0.00419555774079,0.00039842403328,3.4698166339754,0.00020286764532,0.00120696194586,2.97874174e-06,2.2278708883564,0.0019059175476,0.00028133504573,0.064907889807842,0.00060065280288,0.003072658873449,0.00102804037416,8.638351046e-05,0.00012212841134,0.01061920670395,0.0277581965185,3.3178383314772e-05,0.0165803577225,0.14965303504304,0.0142845475386,0.0018328713629497,0.47148425769344,0.00067144423802,0.00017918527476,3.610421136866,0.00113188775784,0.01055342411827,1.6123714635231,0.00039965343145,0.01266383015645,5.27015514e-06,3.220070058e-05,0.00054433986738086,0.0007974642745,0.00242706578028,0.0031719344184,0.45479914639174,0.0193713838809,0.00794562273318,0.00035935661652576,0.04169097370933,0.0008276385984,5.197443786e-05,0.06768771915983,0.01329601464934,0.0843416644044,0.0024142626651,0.00876047945734,0.13403308626235,5.2036216e-07,0.0008507921316,0.20459114496445,0.01055023682075,0.18406622247877,0.00011170281525,2.898585327e-05,0.006177599998461,0.0070103431728,0.03843894115512,3.64642503e-05,0.0001936182131,0.0109138297122,0.0098228375482336,0.158461875,0.0001866983141,0.01680937015483,0.00013102917278,0.00073821037956,0.03102567089575,0.0096674540182432,0.00132256133256,0.0033451993471928,4.77047416e-06,0.01642329258349,0.0425984204272,7.0275407905126,17.161561912435
2017,0.00264481128792,0.01124921818111,0.015662651731459,0.0008341666665,0.00223630249774,0.00166912173108,0.00034056347641,0.0083912461012283,0.0009063900904,0.00368839646478,0.02206251666585,0.00232639729894,0.28491068994752,0.00167968248085,0.14267644966621,0.0092512372492771,0.00741855630347,3.180891013184,5.15029832e-06,0.01762074676297,0.00047824003454,0.065014263578428,0.16407511177251,7.513496802e-05,0.0009529587738,0.00043053529294,0.0020597260544,0.00426704754255,0.00040608603392,3.2824145896018,0.00020297518299,0.00126567381085,2.97874174e-06,2.2366482803829,0.00191939373228,0.00028906049321,0.064382308698532,0.00060450314136,0.0027733539152831,0.00103189071264,8.93622522e-05,0.00012212841134,0.0107075743668,0.0285453247549,,0.0205729298775,0.15316704070952,0.0080597575386,0.0019039701882752,0.43639596939558,0.00067621471218,0.0001844554299,3.7714504879201,0.00118097472693,0.01091026952499,1.619729687937,0.00040755866416,0.01309315978641,5.27015514e-06,3.339331912e-05,0.0011827846981929,0.0008103961276,0.00242706578028,0.00326965563028,0.46225973200312,0.01946166860358,0.00834412706569,0.00034433645756187,0.04243254307017,0.00084272576035,5.197443786e-05,0.06917643359099,0.01386248123006,0.09389242900404,0.00227909216535,0.00889005472303,0.13676378998018,5.2036216e-07,0.00087264734232,0.20475781999326,0.01064075979245,0.18725926945885,0.00011021344438,2.986421246e-05,0.004388312498388,0.00700768773978,0.03902996636,3.64642503e-05,0.00019510758397,,0.011843413367418,0.160859985,0.00019377997429,0.01711185239412,0.00013521095489,0.00066120282198,0.0282043716111,0.0074746660518448,0.00132851881604,0.0033451993471928,5.9630927e-06,0.01664074073051,0.04391707571922,6.8125031272219,17.235336853469
2018,0.00269260908228,0.01136985722158,0.015633579277388,0.0008341666665,0.00227143686534,0.00374830451028,0.0003540830095,0.0037858424769998,0.00091593103872,0.00371229536196,0.13213080833061,0.00237256779591,0.28792815533014,0.00170756102825,0.13318633778522,0.0091126210192981,0.00812153935411,3.258783875023,5.15029832e-06,0.01783670553912,0.00047943265308,0.066461850268761,0.16266851531926,7.632758656e-05,0.00096065945076,0.00044007624126,0.00211110652928,0.00433853734431,0.00041374803456,3.2506248133329,0.00020835994428,0.00132534816543,2.97874174e-06,2.2844697007125,0.0019347950862,0.0002961421534,0.063925972827902,0.0006064283106,0.0024280750529823,0.00103574105112,9.234099394e-05,0.00012361778221,0.0108024079562,0.02934199393962,,0.020524717785,0.15667896492736,0.00886836358284,0.0018081957147636,0.42924261174736,0.00068217780488,0.00018884722585,3.882088591326,0.0012319866752,0.01126990278645,1.6001508623435,0.00041370717849,0.01353642869007,5.27015514e-06,3.339331912e-05,0.00076229736902468,0.0008233279807,0.00242441034726,0.00336577485508,0.46966683671406,0.01955195332626,0.00876130122961,0.00037686895754913,0.04318108206786,0.00085565761345,5.197443786e-05,0.07063866340212,0.01294559803584,0.09123184511436,0.00221091921765,0.00901814061785,0.13951122082645,5.2036216e-07,0.0008950229152,0.22146885481716,0.0107291274553,0.19049768511375,0.00011170281525,3.074257165e-05,0.007918982498076,0.00700503230676,0.03959868872696,3.64642503e-05,0.00019659695484,,0.0090537408865875,0.1638039975,0.00020150542177,0.01740875892393,0.000139392737,0.00048063337662,0.03737090015015,0.015003906494736,0.00133447629952,0.0033451993471928,5.9630927e-06,0.01685669950666,0.04524270064809,6.8416540060284,17.572511585041
2019,0.00273775144362,0.01149049626205,0.015612518260616,0.0008341666665,0.00230657123294,0.00283577429052,0.00036760254259,0.007220048016061,0.00092547198704,0.00373884969216,0.15224733332205,0.00241873829288,0.29088306713622,0.00173543957565,0.13461869902929,0.008935501404519,0.00819005041413,3.3359913486477,5.79408561e-06,0.01804968557353,0.00047943265308,0.065471679556615,0.15443992606773,7.632758656e-05,0.00096643495848,0.00044842457104,0.00216158559232,0.00441002714607,0.00042095932928,3.2188350370641,0.00019514268522,0.00138694749919,2.97874174e-06,2.3502640052056,0.00195019644012,0.00030386760088,0.065682435767388,0.00060835347984,0.0021205954601047,0.00104151655884,9.383036481e-05,0.00012510715308,0.01089077561905,0.03014701145412,,0.0216682269375,0.16019297059384,0.00737421020784,0.0022209421611483,0.42773312241779,0.00068814089758,0.00019236066261,3.8988090847597,0.00128492360265,0.01163371783002,1.6047502914295,0.00041897733363,0.01398527330321,5.27015514e-06,3.339331912e-05,0.0015386434156144,0.0008362598338,0.00242175491424,0.0034602920928,0.47701802957454,0.01963958261592,0.00919457007578,0.00037475811619025,0.04393101499292,0.00086858946655,5.197443786e-05,0.07210228714062,0.00709194892398,0.07884915656268,0.002233251735,0.00914622651267,0.14227677272853,5.2036216e-07,0.00091739848808,0.188038699163,0.0108153398093,0.19462688973342,0.00011468155699,3.162093084e-05,0.007658364998094,0.00700237687374,0.04011862363597,3.64642503e-05,0.00019808632571,,0.0089750401215747,0.1662299925,0.00020923086925,0.01770008974426,0.00014496844648,0.00110731556934,0.0376661774626,0.01039714542855,0.001340433783,0.0033451993471928,5.9630927e-06,0.0170681901702,0.04658087092329,6.834492706506,17.696023208768
2020,0.00278289380496,0.01160964593165,0.015750579448571,0.0008341666665,0.00233994888216,0.00159018979224,0.00038176586297,0.071800441430419,0.0009362055539,0.00376274858934,0.023210687498235,0.00246639816072,0.29377691473663,0.00176331812305,0.12927528374627,0.00881613686694,0.00825707210328,3.4123927367625,5.79408561e-06,0.01825819749533,0.00048062527162,0.062465705336435,0.065332040754218,7.75202051e-05,0.0009722104662,0.00045796551936,0.00221206465536,0.00448151694783,0.00042862132992,3.9722419660796,0.00016180428393,0.00145047181213,2.97874174e-06,2.1503842153307,0.0019636726248,0.00031094926107,0.063038172853603,0.00061220381832,0.0019265243686953,0.00104536689732,9.680910655e-05,0.00012510715308,0.0109748326642,0.0309603772984,,0.0177226088325,0.16371322060624,0.01001044186164,0.00098547716181511,0.4363848031477,0.00069291137174,0.00019499574018,3.4216067552834,0.00133882301969,0.0120017146557,1.609125568395,0.00042424748877,0.01443829969846,5.27015514e-06,3.339331912e-05,0.0018337081854738,0.0008491916869,0.00241909948122,0.00355160535636,0.48431087963454,0.01972455647256,0.00964457739149,0.00043860034696707,0.04468094791798,0.00088152131965,5.197443786e-05,0.0735854258623,0.000362499945,0.08488456213008,0.0022544088567,0.00927282303662,0.14506741532327,5.2036216e-07,0.00094029442312,0.18383035880764,0.0109015521633,0.19817016457162,0.00011617092786,3.162093084e-05,0.007504163330712,0.00699972144072,0.0405772257407,3.64642503e-05,0.00019957569658,,0.008420458594078,0.16170297,0.00021695631673,0.01798863270985,0.00014915022859,0.001726031463,0.03795714415735,0.010139298378808,0.00134788063735,0.0033907177975051,5.9630927e-06,0.01727819146287,0.04793158654482,7.3540900421323,17.712269990473
2021,0.00281741443422,0.01172730623038,0.015749812409647,0.0008341666665,0.002375610265274,0.00256240025844,0.00039657297064,0.0024628236724092,0.00094455388368,0.00378133662048,0.014009114165607,0.00251405802856,0.2965486339257,0.00178562096097,0.11428211347061,0.00875838178974,0.0083255831633,3.4821988797963,5.79408561e-06,0.01845926256278,0.00048062527162,0.056889951268626,0.064910061818242,7.75202051e-05,0.00097798597392,0.00046631384914,0.00226074089472,0.00455449612046,0.00043673403648,3.9722419660796,0.00014271292854,0.00151688359384,2.97874174e-06,2.3027433501354,0.00197714880948,0.00031867470855,0.057293527971664,0.00061412898756,0.0020966942004763,0.0010492172358,9.978784829e-05,0.00012659652395,0.01104595785625,0.03177374314268,,0.01817950992,0.16719184164584,0.01027023470436,0.00077403363097705,0.42394259036507,0.00069291137174,0.00019499574018,3.3303908246716,0.0013956099055,0.01229025762129,1.6141086424561,0.00042424748877,0.01489829573056,5.27015514e-06,3.339331912e-05,0.0018926417027079,0.0008578129223,0.0024164440482,0.00363490868452,0.49151864644384,0.0198360846594,0.010107460453,0.00029881770255409,0.04550057721154,0.0008922978639,5.197443786e-05,0.07504207996395,4.8333326e-05,0.0604310624436,0.00222502396545,0.00940239830231,0.14803926847611,5.2036216e-07,0.00095798673656,0.1986349509766,0.01099423044385,0.19904420653043,0.00011766029873,3.249929003e-05,0.0050977116654,0.0069970660077,0.04096613147693,3.64642503e-05,0.00020106506745,,0.006233687042761,0.15642627,0.00022468176421,0.01826741818385,0.0001533320107,0.0017393086281,0.03822871307245,0.011896792851373,0.00135234874996,0.00339029166477,5.9630927e-06,0.01748819275554,0.04930599893164,7.4259310669381,17.739419220751
2022,0.002860963535748,0.011847647396676,0.015784359007671,0.0008341666665,0.002411815136434,0.00244303976556,0.000410478776104,0.0015590786587434,0.000954333355708,0.003803642257848,0.013141795332338,0.002560824273878,0.29949222651317,0.001812663151948,0.11049782616713,0.0086205364363968,0.008541839813624,3.5581558432262,5.922843068e-06,0.018671051100494,0.000481102319036,0.056556267548973,0.044795732536738,7.8474299932e-05,0.000984146515488,0.000475139226336,0.002311310098944,0.004626283796394,0.00044439603712,4.0727270325004,0.000137933149104,0.001578867923436,2.97874174e-06,2.3177178424912,0.001991395061856,0.000326142641114,0.055770655604428,0.000616824224496,0.0019015012658817,0.001053452608128,0.000102468715856,0.000127490146472,0.01113130808671,0.032576852467516,,0.0184993403595,0.1706996029664,0.009467372137512,0.00071838272756252,0.4144342568994,0.000697204798484,0.000198157833264,3.2743847622327,0.001448354335032,0.012637624321894,1.6144560782428,0.000429166300234,0.015345188845382,5.27015514e-06,3.3631842828e-05,0.0021623020697733,0.00086988265186,0.002414319701784,0.003727503537744,0.49886254645426,0.0199290248151,0.010539827996964,0.00029199693137583,0.046262497911982,0.000905229717,5.197443786e-05,0.076512952124774,4.8333326e-05,0.05564894205144,0.00218717622552,0.009530782071304,0.15084050491886,5.2036216e-07,0.000979425657552,0.19744371217904,0.01108302916847,0.20203980334077,0.000118851795426,3.3201977382e-05,0.0048817339987878,0.00699441057468,0.041471569541292,3.64642503e-05,0.00020255443832,,0.0055158569416665,0.156019149,0.000232278454232,0.018559027789654,0.000157792578284,0.001939528277808,0.03966932150779,0.012342660617999,0.00135830623344,0.0033993101282854,6.201616408e-06,0.01770117278995,0.050647514632528,7.5104605982824,17.859999240217
2023,0.0029051857807869,0.011969223458354,0.015818983551579,0.0008341666665,0.0024485717785283,0.0023292392655865,0.00042487218773362,0.0012854648818355,0.00096421407984538,0.003826079473414,0.012328174592694,0.0026084604600153,0.30246503770538,0.0018401148811812,0.10684180405339,0.0084855686297369,0.0087637137207686,3.6357696506483,6.0544618028444e-06,0.018885269550267,0.00048157983994819,0.056329018556517,0.030914431403901,7.9440137469625e-05,0.00099034586361706,0.00048413163113111,0.0023630104564204,0.0046992029850749,0.00045219245882386,4.1757540509624,0.00013331882357155,0.0016433851152312,2.97874174e-06,2.333906256559,0.0020057439649307,0.00033378557977445,0.054298868192555,0.00061953129005805,0.0017287850761854,0.0010577050773718,0.00010522160672974,0.00012839007691768,0.011217317803829,0.033400261087425,,0.018824797546392,0.17428095872411,0.0087273826335078,0.00067657838403475,0.40514356191441,0.00070152482821643,0.00020137120353315,3.2210026459739,0.0015030921402456,0.012994808849626,1.6148035888147,0.00043414214139613,0.015805487081144,5.27015514e-06,3.3872070276771e-05,0.0024714136306099,0.00088212220676054,0.0024121972229253,0.0038224571316098,0.5063161734664,0.020022400433377,0.010990690957649,0.00029082020513609,0.047037177201201,0.00091834898826087,5.197443786e-05,0.078012654308893,4.8333326e-05,0.051245247497258,0.0021499722770458,0.0096609188390129,0.15369474706536,5.2036216e-07,0.0010013443631963,0.19626014707333,0.011172545106863,0.20512630187047,0.00012005535791133,3.3919857974043e-05,0.0046749084107457,0.0069917561494145,0.041983243675004,3.64642503e-05,0.00020405484156681,,0.0048908698381487,0.1556130875887,0.00024013199509142,0.018855292468295,0.00016238290783408,0.0021627961131465,0.041164217741415,0.012844680286133,0.0013642899613406,0.0034083525816791,6.44968106432e-06,0.01791674660267,0.05202553024042,7.6062767020965,17.997355624099
