,Albania,United Arab Emirates,Argentina,Armenia,Australia,Austria,Azerbaijan,Belgium,Bangladesh,Bulgaria,Bahrain,Bosnia and Herzegovina,Belarus,Brazil,Bhutan,Canada,Switzerland and Liechtenstein,Chile,China,Colombia,Cuba,Czechia,Germany,Denmark,Algeria,Ecuador,Egypt,Spain and Andorra,Estonia,Finland,France and Monaco,Gabon,United Kingdom,Georgia,Equatorial Guinea,Greece,Guatemala,Croatia,Hungary,Indonesia,India,Ireland,Iran,Iraq,Iceland,"Israel and Palestine, State of","Italy, San Marino and the Holy See",Japan,Kazakhstan,South Korea,Kuwait,Libya,Lithuania,Luxembourg,Latvia,Morocco,Mexico,North Macedonia,Myanmar/Burma,Mauritania,Malaysia,Nigeria,Netherlands,Norway,New Zealand,Oman,Pakistan,Peru,Philippines,Poland,North Korea,Portugal,Paraguay,Qatar,Romania,Russia,Saudi Arabia,Serbia and Montenegro,Singapore,Slovakia,Slovenia,Sweden,Thailand,Turkmenistan,Trinidad and Tobago,Tunisia,TÃ¼rkiye,Taiwan,Ukraine,Uruguay,United States,Uzbekistan,Venezuela,Viet Nam,South Africa,Zimbabwe,EU27,GLOBAL TOTAL
1970,0.005454064,,0.01832696386392,,0.0398063428812,0.008727020988,0.0008784389712,0.061316624284023,0.00034692,0.017845953319348,,0.00182972384,0.000451836,0.14204546375992,,0.20818918571331,0.0031467268,0.003813567604,0.43889914464941,0.0030980747309474,0.0002744,0.0241919462652,0.34203250815549,0.00022110858,0.002313359804,9.1728e-07,0.000934439184,0.045929244035774,,0.018367356896,0.20701221196087,,0.11174685775088,0.0708131151112,,0.004664044,,0.1362814905788,0.00083700605952687,0.00056491327855083,0.10192351844395,,9.922248e-05,,0.004299064,0.00320936,0.097000995385506,0.48771166061706,0.10231420804999,0.025323094316027,,0.0180642,0.0007899948,0.01444522036907,0.0009159299912,,0.081278923056917,0.115024663096,,,3.54816e-05,,0.087659949608,0.175826097692,,,,7.1734824e-05,0.00782563768,0.072871417134093,0.029801156,0.0096173984564,,0.000760452,0.06133007692,0.39662759377042,0.0689724,0.00250803658,,0.045006462329353,0.0255888207288,0.024309441126852,,3.4556256e-05,0.011234890208885,0.000154252,0.015173853414849,0.01085854,0.36495617394352,1.9307596e-05,0.51572699696889,0.0004697965944,0.021630927388,,0.280464829344,0.0318444,1.3069622219723,5.2341417051157
1971,0.004780468,,0.01678438439192,,0.0371918344,0.0086035023536,0.00088180456,0.058042035816582,0.00022736,0.016849688315348,,0.00183240092,0.00048048,0.12838144669112,,0.19944849702091,0.00249234048,0.00368780776,0.39714564208941,0.0032730132429474,0.00021756,0.0249356791712,0.31963054349069,0.000220081344,0.002389100784,9.828e-07,0.0008535296,0.042044389635774,,0.0174769588,0.19393409296567,,0.10390369688688,0.0643983297496,,0.004107796,,0.1227440565008,0.00094230129394727,0.00056491327855083,0.093095719883952,,9.922248e-05,,0.004165084,0.003221372,0.092332920003219,0.45880890147306,0.09481159823841,0.023299247036027,,0.0180642,0.0008493716,0.013860746970761,0.000892587822,,0.073096313516917,0.101247563186,,,3.54816e-05,,0.083407873052,0.15509063038,,,,9.8762468e-05,0.00698095216,0.070114409697693,0.027635748,0.00879573968,,0.0008085,0.05802759816,0.37094191437271,0.0689724,0.00234661168,,0.041410835819353,0.023315430992,0.022221905484403,,3.3618816e-05,0.011234890208885,0.000134267448,0.014413874108106,0.009778076,0.34124379840415,1.8705456e-05,0.49674316905317,0.0004579142904,0.017841063856,,0.25097228352,0.02816786,1.224760544969,4.8675558812602
1972,0.0047355,,0.018897641083771,,0.0380496143132,0.0089569427024,0.0009421722156,0.064477667952342,0.00020972,0.018089030597057,,0.00217535528,0.000539616,0.13866104538752,,0.24056283603123,0.0031750768,0.003783234616,0.43579354580768,0.0038567926463415,0.00036652,0.0272888282184,0.36241596647433,0.000232697472,0.002811452392,1.04832e-06,0.000915990264,0.045280333314697,,0.018917194016,0.21565663465485,,0.11272238514385,0.0677281048528,,0.004081308,,0.127047470522,0.0011163239641219,0.00055283744190228,0.097506844368207,,9.922248e-05,,0.005099864,0.003224144,0.099888601357998,0.49289592554123,0.10351332911359,0.027450273002349,,0.0180642,0.0009255568,0.014431996989018,0.00092416842,,0.080481067260826,0.1012854096828,,,3.9501e-05,,0.09282882098,0.171111044496,,,,0.000106563436,0.00720781656,0.074871115048173,0.02940959,0.00923387052,,0.000908292,0.0608512366,0.40108060238312,0.0689724,0.00288475698,,0.043590349773202,0.0240087881656,0.023254876904044,,3.3966744e-05,0.014351660204646,0.000203638512,0.016503588527388,0.010174164,0.36436877210939,2.2903496e-05,0.63497103049638,0.0004739045584,0.021416185616,,0.255944187408,0.02817346,1.3383697794462,5.3728285760184
1973,0.005737424,,0.018280618131369,,0.036792649572,0.009396813888,0.0010392502624,0.06232022707724,0.00013328,0.017049804533893,,0.00254607472,0.000583968,0.14080680717261,,0.22462499140373,0.003180464,0.003409439488,0.42326225304432,0.0036838576709565,0.00043316,0.0271505550092,0.37940989953571,0.00020988954,0.003093160784,1.1844e-06,0.001129462824,0.045877719338893,,0.02176175512,0.22040341142956,,0.1124797762693,0.0582936299176,,0.004910136,,0.119726668096,0.0012834589710682,0.00052902706161181,0.092565979751525,,9.922248e-05,,0.006138748,0.00318626,0.10317176156973,0.52783410018206,0.12357128815718,0.026013718736555,,0.0180642,0.000975982,0.014000914799315,0.001031116212,,0.07761436956563,0.1226496441408,,,3.9013333333332e-05,,0.09718218762,0.170741151,,,,0.000172132408,0.00871901744,0.073187086959059,0.0264098842,0.00862785616,,0.00098406,0.06111671132,0.41168428607824,0.0689724,0.0033666472,,0.039629726441065,0.027211189936,0.02751852570527,,3.7369752e-05,0.012958267536431,0.000211486352,0.017503979042868,0.00978054,0.3663693761062,2.7569696e-05,0.58281620703136,0.0005287714656,0.02238205228,,0.2657826630256,0.03308396,1.363153397262,5.4035022409453
1974,0.005854156,,0.016007006134334,,0.033730618432,0.0103195268176,0.0010390013424,0.05868733421024,0.00014308,0.014840316411154,,0.00230531672,0.000610764,0.13418828659423,,0.17554944321863,0.0031846696,0.003184074656,0.38089999893647,0.003628711072,0.00049,0.0277383535492,0.32332382136744,0.0002500911,0.0031714848004,1.1844e-06,0.0013099186756923,0.043669652144924,,0.022585255728,0.19084554666749,,0.096160825277607,0.0469014134176,,0.005005616,,0.104182463056,0.0011439469785005,0.00049061933621255,0.08077965902028,,0.00232515528,,0.005648104,0.003220448,0.096935731755185,0.48574268787543,0.11969645233594,0.023444511986323,,0.0180642,0.0010100496,0.017052870915372,0.0010042871048,,0.067018213477609,0.1245029798992,,,3.2096842105264e-05,,0.09949379048,0.157404078608,,,,0.000209813968,0.00871185112,0.068870244431502,0.022015574,0.007263091556,,0.001027488,0.05776179248,0.38393792426748,0.0689724,0.0034053089896,,0.033515223883864,0.027271038074,0.028073269644008,,3.5762328e-05,0.0087225502311598,0.000203638512,0.01688447998966,0.00870198,0.33369178234557,2.5366264e-05,0.47434221998563,0.0005150978784,0.02234835638,,0.249552278304,0.03340316,1.2408433139553,4.8742795064573
1975,0.003344264,,0.014800994712025,,0.034212248448,0.008865114552,0.0009919866656,0.049026785854638,0.00014896,0.015227229010798,,0.00212273992,0.000502656,0.30171988815952,,0.16997464781449,0.00263139128,0.002897658456,0.34812396437629,0.0038516833341538,0.00058408,0.0285866669144,0.27649122360969,0.00026131014,0.0025130516488,1.0332e-06,0.001170608768,0.039755814933424,,0.014840300384,0.17178113976537,,0.088498233269007,0.0492256599296,,0.0029166984,,0.0922481508088,0.0020837509420342,0.00046378473656122,0.077273243565401,,0.00232515528,,0.004793712,0.003191804,0.086378301844261,0.4239496235183,0.090342186412807,0.026885015247578,,0.0180642,0.001029756,0.012231626548325,0.001041191004,,0.065179895792007,0.0727901976452,,,2.97297e-05,,0.092967942088,0.139070698676,,,,0.000186280584,0.00545232912,0.06981189885618,0.025198964,0.0071041711524,,0.000846384,0.05601126636,0.36321094073495,0.0689724,0.004373305062,,0.033063214317946,0.019691609056,0.01861280861877,,3.4154904e-05,0.0084398174183607,0.000199136784,0.014611357366267,0.008073044,0.32903025730627,2.1528276e-05,0.43504052040427,0.0005338943568,0.018318852636,,0.19564724592,0.021017276,1.100027971161,4.5509106565893
1976,0.003619,,0.016346753252458,,0.031795904196,0.009690964976,0.0011068008672,0.046795931797188,0.0001764,0.014301356842587,,0.00224128016,0.000590436,0.12437263391533,,0.22122398077791,0.0030581236,0.002629028528,0.33859633450881,0.0038330528576558,0.00049,0.0299419989708,0.33018845800296,0.00033797358,0.003222557016,1.22976e-06,0.0013327622,0.04027147995221,,0.015834065072,0.18600423846494,,0.097041701216457,0.0415458103928,,0.0031287256,,0.0823746288456,0.0028535743010914,0.00047088927108278,0.075314733153658,,0.00232515528,,0.00521752,0.003216752,0.09658838138742,0.44659052333397,0.098163343343892,0.029208890784781,,0.0180642,0.0010987928,0.012075590663708,0.001133026608,,0.058885075408519,0.078776114396,,,4.6956e-05,,0.1006164278,0.137115802012,,,,0.000158098752,0.00590948008,0.070876892890233,0.02264171,0.0062605844196,,0.0009933,0.0568600074,0.38154922498182,0.0689724,0.0046907952,,0.030459412328453,0.02086462938,0.0203227516488,,3.2547648e-05,0.013743925527485,0.000158960312,0.015925921573843,0.007150276,0.32813029228409,2.3432024e-05,0.58945154602753,0.0005811931944,0.020456389828,,0.185775663472,0.021993328,1.1788798937316,4.6938381228693
1977,0.003626392,,0.016266381854499,,0.026493430824,0.009225321952,0.001154965854,0.039367041311637,0.00021168,0.012502976377844,,0.002261952,0.000648648,0.12112750506137,,0.20000786344744,0.003628856,0.00234446716,0.32563054514876,0.0030573490108,0.0006468,0.0313645696672,0.27401017373467,0.0006252204,0.0037137604,1.29528e-06,0.0010582238572203,0.046325855073572,,0.016741988032,0.16286632983817,,0.08706423826001,0.0292566907248,,0.0031430784,,0.0649314170736,0.0031518315157074,0.00044672187706071,0.067976129389258,,0.00249638088,,0.005423264,0.003179792,0.084059721790577,0.42305636177068,0.10038812459932,0.029141756847889,,0.0180642,0.0012469128,0.011340677515221,0.00114697632,,0.054995659157885,0.079170848106,,,0.00018966338461538,,0.101855918416,0.130184252352,,,,0.000175632716,0.00598206616,0.068055210130335,0.018290972,0.00522568998,,0.001092168,0.06007555288,0.37577961481701,0.0689724,0.0050927632336,,0.025663077300497,0.0215828669448,0.019287312171936,,3.0940056e-05,0.011235671006994,0.000240694272,0.017612618289294,0.00642114452,0.30246622627874,2.435664e-05,0.60055287758964,0.0005881673056,0.023961772184,,0.1589960973664,0.021511616,1.0637957196258,4.4257377173087
1978,0.002938936,,0.015277821834334,,0.025551208256,0.00991095336,0.0012130122368,0.03991631590877,0.00022932,0.011213568061773,,0.00227091312,0.000704088,0.11593715141535,,0.22267127276226,0.0034441568,0.002294409264,0.31397086850558,0.00389561312,0.00063504,0.031889897326,0.28666195600411,0.000403716096,0.003846352552,1.37088e-06,0.0015207312677846,0.051374808213728,,0.015171566704,0.15920308697873,,0.083098205990331,0.0243344855096,,0.0025772824,,0.054157835284,0.0032947192837682,0.00043027942105112,0.059665292398019,,0.00249638088,,0.004968348,0.003183488,0.074041467110411,0.41747161792019,0.090783050755084,0.041763501045843,,0.0180642,0.0012834276,0.012670642766059,0.001182238092,,0.081362303773824,0.064773944564,,,0.00019222325581395,,0.105442103564,0.124103159376,,,,0.000170362248,0.0050250648,0.066869633385163,0.01630475,0.0044477514004,,0.001185492,0.06104249256,0.34906606941054,0.0689724,0.0061144202,,0.021404316855223,0.0192698857008,0.017327825279064,,3.0940056e-05,0.013256862179644,0.00024696,0.019357964473807,0.018823371644,0.29210358617464,2.231306e-05,0.63959084730973,0.000606208792,0.0223725544,,0.1451646605136,0.017799292,1.050757489934,4.4000643560998
1979,0.003959956,,0.016182262479828,,0.027170286388,0.011153127524,0.0011328618504,0.04357606981572,0.00024696,0.012079355430916,,0.0023629536,0.000756756,0.13275818231685,,0.12337569222781,0.0037238628,0.002616054952,0.34959450822938,0.00361085368,0.00061348,0.0315673884904,0.30189130876446,0.00037614752,0.00421456,1.48176e-06,0.0018436708032676,0.062505160686724,,0.018373886944,0.16748167000566,,0.090005738370004,0.0279825732984,,0.003425576,,0.065941981882,0.0034509864268248,9.7802193548388e-05,0.066089728929558,,0.001064934864,,0.005195036,0.0031493,0.078520202031763,0.43514323782278,0.098969358675921,0.070213327225297,,0.0180642,0.0012444012,0.013101724955762,0.00100273698,,0.071942916745456,0.0857074573376,,,0.00019201304347826,,0.10990377202,0.136836052696,,,,0.000188480488,0.00631338512,0.071799348209871,0.017979486,0.005354128836,,0.00127512,0.065624356,0.34983580034541,0.0689724,0.00649117392,,0.025337486882024,0.0224097069924,0.021450806849188,,3.0290904e-05,,0.000271656,0.018450896613934,0.019780374768,0.28899251441768,2.3331308e-05,0.65399286357524,0.0005143552344,0.024606458212,,0.177401241136,0.023203208,1.1375713304477,4.58071242678
1980,0.0034628076,,0.013287876269076,,0.023697779476,0.010555014624,0.00121626204,0.051087466681126,0.00026852,0.010816905812706,,0.00199272052,0.000736428,0.12401061947078,,0.093557607006099,0.00320183864,0.002405097856,0.30285390564406,0.0052676657123404,0.00057232,0.0312991340984,0.24911427380242,0.000342971776,0.003665653656,1.31544e-06,0.0017246297393684,0.044012222088245,,0.015278221504,0.13688824928469,,0.069239430998039,0.0177258174016,,0.0027988268,,0.0473038285832,0.0033717136090663,8.772288e-05,0.051026632086988,,0.00106664712,,0.004160156,0.003050432,0.063195515529613,0.38192388489433,0.08533766693385,0.055658366094638,,0.0180642,0.00142215164,0.012213113816251,0.0011552305072,,0.056360921641085,0.069773291728,,,0.00018626496,,0.105776999776,0.153972788256,,,,0.000188331948,0.00510356,0.063823210062299,0.013711292,0.004295914476,,0.001240008,0.05842748352,0.32896453538883,0.0689724,0.0040189086672,,0.0207977371,0.0195809570992,0.017338161075891,2.2848e-05,3.0290904e-05,,0.000274603448,0.015437348888117,0.020976390428,0.27336877730863,1.8683896e-05,0.59604021986754,0.000592473504,0.02226542808,,0.147684811008,0.018958436,0.97089530326631,4.0383219206669
1981,0.0033005443968,,0.012715559060846,,0.024296753992,0.010592090432,0.001300728338,0.051149200209635,0.00027244,0.011149128238848,,0.0018233852,0.000869484,0.11123763676057,,0.24887436887121,0.00293279392,0.002164274784,0.28533742225348,0.0035133489283721,0.00062132,0.0332146957968,0.24025524055249,0.00028655298,0.00398994008,1.40616e-06,0.0018005982838919,0.043435226337526,,0.014437282272,0.13128309246336,,0.075782214869291,0.0179081987392,,0.0026632144,,0.046480931952,0.003137357381643,8.140725773196e-05,0.052286866871751,,0.0009039828,,0.003516128,0.003021788,0.058997628895306,0.35545160851846,0.07812363449524,0.059404601857305,,0.0180642,0.00149829176,0.0100233220796,0.001158718288,,0.059883177283327,0.0658260462272,,,0.00018172114285714,,0.102713518208,0.144838068256,,,,0.000153939996,0.004715788,0.055374073937667,0.013208118,0.00462403102,,0.00122892,0.05679232104,0.32533635574737,0.0689724,0.00453223946,,0.018181331579772,0.0185766610204,0.016150679212669,2.2848e-05,3.0290904e-05,,0.000266957684,0.015687564991777,0.021283658368,0.27042179954614,1.5790544e-05,0.6064030289449,0.0005942553792,0.020381788392,,0.1409805995696,0.017899196,0.93217459005771,4.0846357789322
1982,0.001860261984,,0.010347776744807,,0.0189327115292,0.0096438376496,0.001304141916,0.043217716576914,0.00021364,0.010169609248954,,0.00123834648,0.001301916,0.086327099709414,,0.45328553798075,0.00207537596,0.001457010912,0.2067843231606,0.0033377113208421,0.0005684,0.0327398969884,0.21828875447068,0.00026166784,0.005190286584,1.42128e-06,0.00098841347452055,0.041325199337122,,0.010089624832,0.11163616044198,,0.068216872330897,0.0112443100616,,0.001516872,,0.0266199506944,0.0028281068768875,8.9788125e-05,0.040040339543929,,0.001249990224,,0.0018119948,0.0030107,0.051013945956382,0.30925246524953,0.049732284012961,0.048623781893043,,0.0180642,0.00149283064,0.0092828127966745,0.001149688764,,0.054141143544439,0.0349468417648,,,0.00018335975,,0.095707816064,0.102827211424,,,,0.000113977472,0.00248255,0.046511765432061,0.01050532,0.011541171217561,,0.00117348,0.05440291164,0.28249389663033,0.0689724,0.0046668579272,,0.013854855890854,0.0139374882416,0.010339448024939,2.2848e-05,2.7910848e-05,,0.00016208808,0.014754906402723,0.019649579908,0.22042831080209,8.137668e-06,0.51044378340924,0.0005895779568,0.01366406846,,0.0782957643216,0.009810108,0.81757213162501,3.5944873552713
1983,0.00056765408,,0.010410875618546,,0.013327123936,0.010464022492,0.0014718062688,0.040110957558581,0.00011368,0.0098073113625492,,0.00164285016,0.001314852,0.080837901960893,,0.19887268078764,0.00207878104,0.0014489514144,0.17756172366726,0.003811673684,0.00068992,0.0331242461648,0.21966752296734,,0.00579423572,1.44648e-06,0.00175451724,0.031951099946342,,0.006909253904,0.10535289770121,,0.072921243742685,0.0054540923332,,0.0005561164,,0.01122756572,0.0029143119972254,0.00012653586206897,0.031738980386571,,0.00135367344,,0.001903902,0.0030107,0.048157696420191,0.27272009703605,0.040357276600951,0.046443578822265,,0.0180642,0.00165007612,0.0087115627784175,0.0011322869236,,0.048369316330755,0.0125611076332,,,0.018499087632558,,0.0984946648,0.091496611976,,,0.00015680784,0.000215832204,0.00117661152,0.047959194952538,0.0087056564,0.0027535975111795,,0.00151074,0.048517493864,0.29901986614616,0.0689724,0.0053056019184,,0.010374419418554,0.012167596784,0.0086308663368046,2.2848e-05,2.7910848e-05,0.0116487364,0.0002547853,0.01594741076656,0.020998767104,0.20257969301019,8.550388e-06,0.63127806147905,0.00058079259,0.0120789891936,,0.0382852129716,0.003999002,0.76063476212333,3.2501301160567
1984,0.0013704964,,0.011588451778078,,0.016660728728,0.01152437412,0.0013572265056,0.044638853488852,0.00017248,0.010870303965248,,0.00188274352,0.001309308,0.103739425999,,0.20088545769413,0.00259923132,0.00182333508,0.26682905346422,0.0040056907909343,0.000637392,0.03151062824,0.23171406296474,,0.005363113,1.54224e-06,0.001840822312,0.033375116356998,,0.009716071456,0.1166872480224,,0.077593104789517,0.0098581757372,,0.0012241516,,0.02283650642,0.003105894914059,0.00012582266666667,0.04047107935059,,0.00156930088,,0.0029722616,0.0030107,0.052556134790693,0.31438084408631,0.057619566139806,0.044649811860291,,0.0361284,0.00197172836,0.010544323253658,0.0011258239216,,0.046888153309533,0.0299879428856,,,0.036560398542857,,0.099524956244,0.107595559904,,,0.0004899804,3.1201856e-05,0.00246231496,0.053470998165465,0.01133881,0.005812111035862,,0.001890504,0.056182870352,0.36713381932459,0.0824628,0.0057227606016,0.0040656,0.013921253209396,0.01499297996,0.012073519929362,0.005659248,2.856e-05,0.0231809732,0.000252837256,0.015857833871169,0.030195278344,0.22982991547113,1.3348412e-05,0.51393064605247,0.0005773562592,0.0162054159848,,0.070450911776,0.00787304,0.83937991077033,3.6605106871236
1985,0.00157067904,,0.011486268765023,,0.018808712048,0.01110400424,0.0012479034624,0.04280281762639,0.00023912,0.011499903323339,0.016422,0.00175432068,0.001309308,0.10190145260454,,0.15824775519957,0.00215291804,0.002123442888,0.25321684533185,0.0039145669070728,0.000786744,0.0316904594216,0.23121799353236,,0.00912434572,1.62792e-06,0.0021270664253494,0.033256270865905,,0.009945624024,0.091927782149164,,0.078328370123266,0.008938572608,,0.0013791176,,0.022670972338,0.0031056425709268,0.0002355352293578,0.041190686043334,,0.00154970088,0.00096096,0.0026771052,0.0037499,0.050364242917259,0.2882425124144,0.056858784240898,0.044168669470725,0.0025872,0.0376992,0.00236217912,0.01043324686122,0.0011147994704,,0.046299139108718,0.0336366754192,,,0.072706092666667,,0.092720305608,0.096768254128,,,0.001371951,0.000321474146,0.0025803064,0.051060893432385,0.010883586,0.0048858933644635,,0.001708476,0.058418036544,0.38834041858693,0.10787252,0.0060205811344,0.0076006,0.0147276942596,0.0147560755664,0.01171644303112,0.006028848,2.688e-05,0.042389112497046,0.00025088,0.015642857980904,0.030326537024,0.22363462087996,1.202278e-05,0.4661555336268,0.000571805598,0.01615020344,,0.0718209193996,0.009431156,0.80316039786653,3.6153341229245
1986,0.0015344,,0.012333468407423,,0.01809131156,0.010615533712,0.0011878647984,0.040019307997727,0.00022736,0.011377524748268,0.01987062,0.00161953288,0.00132132,0.097741733573381,,0.17103512737017,0.002327892,0.0020455059044,0.25901676899293,0.0053253883638919,0.00080654,0.02936614786,0.23675984098717,,0.0076079794,1.5624e-06,0.0020514698645854,0.03148999694994,,0.010046461936,0.085903431768763,,0.078277672679294,0.0070608242152,,0.001291038,,0.019459627432,0.0030116585440399,0.00026022807476635,0.038606342397431,,0.00154970088,0.00096096,0.00205744,0.0037499,0.052811006732297,0.27186825611198,0.051160549365973,0.04396099182463,0.002772,0.0377916,0.00275572108,0.0097985246187119,0.0011095962192,,0.047449289395631,0.0317874071984,,,0.036587621422642,,0.094703309764,0.092029015624,,,0.0016659216,0.000406410228,0.00233055984,0.050619396246601,0.010136588,0.0086678442782022,,0.002386692,0.06217029742,0.42484069084235,0.11605202958904,0.0060717946744,0.0082915,0.013784959645042,0.012779255958,0.012564510938231,0.0070391421639344,2.184e-05,0.025259269721192,0.000272427064,0.019124605795518,0.034976184299104,0.21396183570855,9.24e-06,0.67276751866567,0.0005689634608,0.01679681227,,0.0629748447776,0.00896504,0.8011049928362,3.7881005482415
1987,0.0015344,,0.012475518920765,,0.01736636216,0.011033437912,0.0011992715168,0.04036709627562,0.000160719216,0.0095835251907748,0.01987062,0.00155724576,0.001340724,0.10099715393935,,0.24276278252886,0.002368688,0.002085924288,0.30481409968169,0.0059264958712453,0.00078694,0.0311811329032,0.23647776840086,,0.0093262032948,1.72872e-06,0.002083489072,0.034725875933125,,0.010632760292,0.086928480587483,,0.088415710554184,0.0070319768904,,0.001386,,0.0213515761872,0.0030131355536148,0.00027797515789474,0.037572707422393,,0.00154970088,0.00096096,0.00185416,0.0038423,0.054803953129517,0.27660487464165,0.052069974867623,0.048281239855533,0.0030492,0.037884,0.003407887,0.0087327201865011,0.001116260082,,0.041915397451093,0.0370230848456,,,0.036612938526316,,0.093727840192,0.089673353588,0.000154876848,,0.0018619216,0.000339655512,3.488184e-05,0.050940537259804,0.01039034136,0.0050565470953642,2.5872e-05,0.002427348,0.05887035742,0.39870228978813,0.12652669526882,0.0059405281936,0.0087723106382979,0.014189638550459,0.0117894441672,0.011600023990589,0.0077191735384616,1.512e-05,0.032910368763619,0.00028225568,0.0055983409009533,0.035427683896451,0.21703556594543,9.24e-06,0.62488195291173,0.0005722483816,0.0171241703304,0.00013622,0.065450200102,0.0078715,0.80091599830931,3.862404681459
1988,0.0015344,,0.012123806330122,,0.018461098936,0.01169668864,0.0019086169536,0.043405708417403,0.0001372,0.0089509442297037,0.01987062,0.0015151178,0.00134442,0.10994671770391,,0.25851555919698,0.00244104,0.0123182204572,0.33944991690803,0.0053722036467861,0.000627984,0.0296409680112,0.24709639586662,,0.0093708391168,1.81944e-06,0.00216987855,0.037447456163182,,0.011373677336,0.09395522176443,,0.088500806315149,0.007179323004,,0.001453144,,0.02287031908,0.0029545885903509,0.000278001696,0.047270085220353,,0.0016279872,0.00096096,0.00215908,0.0039347,0.05355243614988,0.30663227041975,0.054706238501715,0.05236651479593,0.003234,0.0379764,0.00274750364,0.009681894406651,0.001113442876,,0.043290223053308,0.0461984979484,,,0.036611580464516,,0.096643676024,0.093265753728,0.00071936704,,0.00186193728,0.000313653186,3.513384e-05,0.050894777127283,0.01048825512,0.002681205619676,0.000122108,0.00237006,0.062418504512,0.33998148156653,0.12163704992701,0.006138340208,0.0086387411764707,0.014016383275935,0.0166161870728,0.013191627765392,0.0074665801690141,1.5288e-05,0.024048937236006,0.000243048036,0.0032326445276288,0.040121481856,0.22018106268038,9.24e-06,0.65684661645092,0.000570898314,0.0180115421248,0.000145236,0.0693283677912,0.009035684,0.83440275056851,3.999267386485
1989,0.001575,,0.013971658522634,,0.01922218648,0.012158026608,0.0020465583488,0.042571624640313,0.000168553728,0.0085565786760325,0.01987062,0.00125291936,0.00134904,0.11008739996913,,0.20645682402913,0.00244104,0.0433160558432,0.34922772309194,0.0051423265197161,0.000615636,0.0244882272432,0.25621148128135,,0.008200871588,1.73376e-06,0.0021306602467262,0.035572020264079,,0.01198552292,0.091101311147942,,0.079894951185807,0.0069633883368,,0.001486716,,0.0268978100048,0.0029244644252793,0.00029857708895522,0.064148437688409,,0.00632414328,0.00096096,0.0022176,0.0039347,0.053487905384616,0.31897717235949,0.053081581254308,0.062880108519848,0.003234,0.0379764,0.00288369032,0.0098405749672782,0.0010873967104,,0.044785562476544,0.05360426687,0.008211,,0.036627094208955,,0.097035180844,0.093564352168,0.031774451744,,0.00156806272,0.0003957397304,0.00091318584,0.045635775505173,0.01062660368,0.0042968740925578,0.000107212,0.002726724,0.059890166448,0.36656096888,0.11839146666667,0.006606365024,0.0082474,0.016879753181333,0.0161154470988,0.012592898270046,0.0070697362105264,1.51368e-05,0.026349414428469,0.000284199608,0.0090355446511001,0.040392561942988,0.21706668891248,9.24e-06,0.61405474919864,0.000557536308,0.0179235533736,0.00016562,0.0708388294292,0.007238924,0.8336994460332,4.0573804641057
1990,0.0015652,,0.016577626064864,,0.019849421088,0.011390626968,0.0014563237696,0.04344060672,0.0001764,0.0057143129129771,0.0232645,0.00119577388,0.00175943376,0.10181747108154,,0.19191610343261,0.002215528,0.0432421112312,0.41402758207917,0.0057841480170783,0.000499604,0.02218712944,0.25448163628249,,0.007934011792,1.83456e-06,0.0022134831748235,0.033028430211765,,0.01153036108,0.088157852806185,,0.084840121034192,0.0068473406176,,0.001481172,,0.0273603807512,0.0026461020941701,0.00055468818713451,0.05796196810092,,0.00672202818,0.00096096,0.00193424,0.0039347,0.061202137252201,0.30891076293029,0.052278212,0.076790236328409,0.0033264,0.0380688,0.00587328,0.00941584,0.00103919004,,0.048700607110817,0.05134972654,0.008211,,0.0366338224,2.016e-05,0.103090626912,0.05750948,0.0537999727384,,0.001299413556,0.00017959648,0.00102073384,0.041803828712533,0.010723412,0.0061867394369838,9.3688e-05,0.002715636,0.04903098788,0.32936561046915,0.11999546606742,0.00603003856,0.0087333804444443,0.015935905094373,0.0126763649152,0.01321818596,0.007871752,1.48764e-05,0.029167347874493,0.000272436276,0.034155524065564,0.040517969145756,0.21173119296,9.24e-06,0.68505405110238,0.0005329407776,0.0165325198248,0.0001176,0.069400261,0.007153384,0.82089169747008,4.1384315504123
1991,0.00105721,,0.014331268175389,,0.0194742019584,0.011342136078,0.0015369204116,0.04102206472,0.000113674512,0.0044917202898194,0.0232645,0.0007528724,0.00165980976,0.11277805730105,,0.1961515402569,0.00222292,0.043334462808,0.47180006264934,0.0061534849265647,0.000352996,0.01915593372,0.25306549080683,,0.00738835104,1.80936e-06,0.0032153072068923,0.032701039020926,,0.01234293452,0.089248727406258,,0.093564182546134,0.006053288472,,0.00079464,,0.0154901889212,0.0027535321805236,0.0011722816,0.072634149902838,,0.007940973936,,0.00176253,0.0040271,0.057087082621588,0.30540578794431,0.048928768,0.10294082110519,0.0035112,0.0381612,0.00641424,0.00895132,0.0008790455744,,0.048331657581298,0.0271952545144,,,0.036652212190588,2.016e-05,0.106053940244,0.053475968,0.077558993311332,,0.001464134112,0.0004028463292,0.0013573427224,0.031599373523018,0.010723412,0.004499812854369,0.000119364,0.002168628,0.03139098956,0.29935175863305,0.044664966153846,0.009154520662,0.009316216,0.0141940403498,0.0101650233104,0.01286672996,0.0087279936000001,1.3944e-05,0.034902627003636,0.000305763724,0.02161350822275,0.041152442568,0.2001359752,8.47e-06,0.61958925053228,0.00045085194,0.016066414,7.840588e-05,0.063316254834,0.00739606,0.76651000566113,3.9939171336485
1992,0.00066682,,0.012432441126447,,0.021257768728,0.0107466914688,0.000842296,0.0364139538,7.0559216e-05,0.0040078654271178,0.0232645,0.00040741036,0.00116731776,0.11571808599034,,0.20893469432638,0.002228464,0.0437741039232,0.40457641681372,0.006462581174,0.00023716392,0.01185027844,0.23394930400616,,0.008147530104,1.92528e-06,0.0035624168311351,0.029988974917121,,0.012773350408,0.087261385866961,,0.091494514378165,0.005651979102,,9.6096e-05,,0.0041256896688,0.0029508049142561,0.00085177819701333,0.066052521167641,,0.0085152365312,,0.0015908508,0.0041195,0.050184482494896,0.26985960036739,0.04499306,0.12245305898118,0.003696,0.0382536,0.00366436,0.00813792,0.0004688084408,,0.047373896246452,0.0031539115216,,,0.0366560763604,2.016e-05,0.108575626572,0.055223896,0.043613529966829,,0.001671939388,0.0003091331712,0.001497994694,0.028886633880732,0.010723412,0.0042910297615895,0.00016856,0.003074148,0.02111516316,0.27338636643096,0.04371641015544,0.0053449723768,0.0091025084137932,0.013576238400226,0.001806211526,0.01275885464,0.0083783173463416,1.04328e-05,0.033754170796024,0.00027635804,0.012755397408391,0.039329469438,0.20607107472,7.7e-06,0.67653743488768,0.00037241568,0.016184532,6.861568e-05,0.056268270688,0.007580328,0.68762972379346,3.7915453510812
1993,0.00109648,,0.012477572444093,,0.0223826494248,0.011032031444,0.000744464,0.04776606492,6.2719608e-05,0.0047264703083753,0.0232645,6.066676e-05,0.00080384976,0.12410850368625,,0.25532437159769,0.002220148,0.0439807208512,0.4227055825786,0.00615734597,2.58646696e-05,0.01115515548,0.23552116717957,,0.00751040752,1.78416e-06,0.0046357935602759,0.03042123410154,,0.013775866244,0.083946917698535,,0.086924968760216,0.005041412544,,8.8704e-05,,0.00393325128,0.0029110853054106,0.0027796543698069,0.068632311125506,,0.0085229546976,0.00024024,0.00207515,0.0040271,0.05140235765371,0.27860338547707,0.037770012,0.11504553343703,0.0035112,0.0381612,0.000322,0.00893956,0.000580541024,,0.039506784061017,0.0018066321868,,,0.036667902432,2.016e-05,0.1050503227256,0.05655524,0.071783236454163,,0.001943376456,0.0004210044636,0.00106013558,0.024905673143707,0.010723412,0.0040411172511847,0.00014994,0.003248784,0.01952385036,0.25951194061829,0.17803355414634,0.0011910684072,0.0089903230967743,0.013029640318105,0.00217698516,0.01243099704,0.0081631592965518,1.0164e-05,0.067161942559379,0.000280295876,0.01478618982964,0.039811090417149,0.15957728528,7.7e-06,0.79862559319053,0.00033314904,0.016262456,9.017568e-05,0.0623711612412,0.00456036,0.68768099263773,4.1102337559521
1994,0.0010399312,,0.014409754327777,,0.0266851402832,0.011481966496,0.0002847059992,0.05556381852,6.6637648e-05,0.006886256284815,0.0232645,6.232072e-05,0.00097815564,0.11950979176278,6.16e-05,0.25884044005827,0.002072616,0.0425576972996,0.47842013047665,0.0064148356569231,,0.01272058816,0.19411637022214,,0.007473984,2.0916e-06,0.004636746296,0.03645567618136,,0.01479200464,0.090563068779558,,0.088692504393331,0.001815981034,,9.4248e-05,,0.0037924544,0.0029561177252027,0.0098757882905162,0.076477319382629,,0.0140424057424,0.00024024,0.0020328924,0.0041195,0.051782024306043,0.30009155128421,0.024801196,0.1183868671502,0.0038808,0.038346,0.0020608,0.00734412,0.000642716144,1.372e-05,0.041416971861676,0.00096029304,0.008211,,0.036671332144,2.016e-05,0.1098953359728,0.06217792,0.11203157956997,,0.0019600196,0.0003969773724,0.001241277884,0.025908744502252,0.010723412,0.0036743833813031,0.000170716,0.003300528,0.03472848008,0.24077258548916,0.1851107994072,0.0011673534376,0.010197105491525,0.014119124488265,0.00525465024,0.013193334,0.0097425094891566,1.05168e-05,0.13432815732649,0.000271446868,0.0172182825212,0.04108173731653,0.12910398816,7.7e-06,0.83476725251856,0.000225375696,0.0518602,,0.0778420534472,0.007059332,0.69802628252374,4.3876727106101
1995,0.0013239688,0.000924,0.013825864309587,,0.0282571514624,0.0125956236,0.000325640784,0.0575384292,6.860196e-05,0.007366317448,0.0232645,6.287204e-05,0.00134524152,0.11442411318549,0.0003696,0.20465814031169,0.002079084,0.0517237413028,0.53523566960034,0.0068358062121659,,0.01784220788,0.13820706374259,8.93592e-07,0.008806588,,0.0046226301048421,0.038156999957091,,0.014443016672,0.089560789172425,,0.088273540551171,0.00108864,,9.6350688e-05,,0.0037158716,0.0029623278405845,0.20091270302769,0.10541281504071,,0.022656356212,0.00024024,0.002199428,0.0041195,0.054072232327646,0.30923794513979,0.032513852,0.11728305541681,0.0040656,0.0384384,0.0025097324,0.003876292,0.00054095216,9.8e-06,0.049220270108635,0.00091114884,0.008211,,0.036347167783784,2.016e-05,0.1121613492132,0.06476008,0.16841829411323,,0.0019600196,0.0004790901024,0.0025844320992,0.030814558523412,0.00896,0.0025816820316018,0.000186004,0.002712864,0.03416412132,0.19808942566459,0.18222952934579,0.0013189971256,0.010331452923077,0.013728781923141,0.00748227816,0.01227244424,0.010110202461538,1.05168e-05,0.098029165613081,0.000280657104,0.017408015489564,0.04134041280574,0.1077691972,6.16e-06,0.89837953836162,0.0002883902,0.0944636,,0.0835307286716,0.009695364,0.65669031569169,4.6793472890866
1996,0.0009606212,0.001924999692,0.011917790196595,,0.0281729050232,0.011589626888,0.000394212,0.056931000098767,7.2516864e-05,0.007600674676,0.0247655352,7.424004e-05,0.00097156752,0.12470092982042,0.0003696,0.20836555284406,0.002079084,0.0485411561712,0.63772871312639,0.00694659966,,0.01691500692,0.15442773666015,1.570464e-06,0.006543406184,,0.004992375192,0.0325870907249,,0.014405378932,0.089113828147527,,0.0889961578604,0.00077672784,,9.7080984e-05,,0.003237164,0.0030175429248119,0.072685614204,0.090466026012427,,0.0245632397752,0.00024024,0.0022176,0.0042119,0.048787896643384,0.29961859696272,0.024303188,0.12518536149888,0.0044352,0.0386232,0.0011713072,0.0035495012,0.000568422344,9.8e-06,0.056614792374,0.00072665404,0.008211,,0.036343272,2.016e-05,0.1123085986456,0.06294904,0.16568264643874,,0.0016659216,0.000541983876,0.0006629588,0.03002611021925,0.00896,0.0035273921966161,0.00018816,0.002909676,0.02980847044,0.19773610915743,0.19551507405405,0.0041624671648,0.010912883058823,0.012931624681893,0.0061551308,0.011202489816,0.011044113684211,7.84224e-06,0.11558603569079,0.000248713416,0.016707465528424,0.042937597447937,0.10037765696,7.7e-06,0.8968335727618,0.000413902748,0.0947408,,0.08222103442,0.009504292,0.6499606456069,4.6602488279554
1997,0.0009462068,0.002926000308,0.01263436280601,,0.029219045464,0.012913207076,0.000213724,0.060118033383255,7.84e-05,0.007879207224,0.0288492036,7.933604e-05,0.001247988,0.1348745878742,0.000462,0.20455061715945,0.002403884,0.058728959688,0.66068500108398,0.0074365858373333,,0.01704295768,0.1678296760163,2.335032e-06,0.006449812544,,0.005150957028,0.035142399192861,,0.014552758808,0.090786031778529,,0.0896154805,0.001202883136,,0.00010164,,0.00265119064,0.0031980393563823,0.030922607035226,0.095574312057801,,0.023640089088,0.00024024,0.002156,0.0012936,0.050834110330562,0.29998615745279,0.028934248,0.13694009999353,0.0047124,0.0387156,0.0015132712,0.0019655174,0.00090356196,9.8e-06,0.06143192902,0.00128517844,0.008211,,0.036511272,2.016e-05,0.122175163964,0.088717216,0.12011882336606,,0.0016659216,0.000514903144,0.00042784112,0.032417367618227,0.0075586,0.0051243936458623,0.00012936,0.004492488,0.03970536612,0.24765429175929,0.244919691875,0.01062815096,0.01139957709589,0.01300230358,0.0088201512,0.01180999148,0.011483408932039,7.95648e-06,0.076418790626973,0.00026654628,0.017047012425376,0.046944926497321,0.10403323224,6.93e-06,0.92702249671031,0.000451242736,0.1001272608,,0.09390329312,0.009087792,0.70048867468598,4.8438561574106
1998,0.0009317616,0.003927,0.012087343484453,,0.029492957592,0.013035421056,0.000243908196,0.060507616730331,7.84e-05,0.0089730676,0.0247367484,8.633324e-05,0.00132099744,0.12953018631366,0.0005544,0.17692882434956,0.00202244,0.048842377248,0.61366188789134,0.0051360295911344,,0.01697908408,0.32444855701108,1.808352e-06,0.0060941608,,0.007237685963235,0.037875962722421,,0.01544914924,0.084763853360214,,0.079892955002451,0.0014957649,,0.00011088,,0.002050448232,0.0033605650849588,0.034707205701585,0.11933856215305,,0.047863042406088,0.00024024,0.0020944,0.001386,0.037502911074699,0.28292720251983,0.031988712,0.14108269314464,0.0048972,0.038808,0.0006995772,,0.000919199232,9.8e-06,0.074314301992,0.00183520204,0.008211,,0.03874986723608,0.00140616,0.128582713224,0.110583368,0.1471845674531,,0.0016659216,0.000528633532,0.00023174312,0.027275104122964,0.0061572,0.003768358132009,0.00010976,0.053538688,0.02704704044,0.24783086377367,0.3479549195544,0.01277907624,0.013221736,0.012161908796731,0.0087907736,0.01142962464,0.017628364444444,5.46168e-06,0.21116932040157,0.0002254098,0.014876813119329,0.051362036356522,0.10472810656,6.16e-06,0.71554209406759,0.000498400308,0.1039079216,,0.108042790352,0.008663144,0.82573362393141,5.0783378750991
1999,0.000866096,0.004927999692,0.011938790891997,,0.028305519592,0.012905741072,0.000292880196,0.05855514,7.84e-05,0.01086832292,0.0271733224,8.835204e-05,0.00219440424,0.125054869352,0.0005544,0.19006842964693,0.00177184,0.057229862648,0.619024999992,0.006354614472612,,0.01600743004,0.289221580088,2.201472e-06,0.00820218336,,0.006889418864188,0.03579371006876,,0.01631489692,0.085703874156964,,0.078437139102451,0.00098392,,0.00011088,,0.001676850056,0.0032255825532055,0.04851392946512,0.099289417528,3.5784e-08,0.051876703526088,0.00024024,0.00218372,0.00149226,0.034925918971365,0.286460391728,0.042352772,0.13341106016,0.00517902,0.03893736,,,0.000940846648,9.8e-06,0.074934781936,0.00165086124,0.008211,,0.03874986723608,0.001480416,0.12864623506,0.115009804,0.1563212245,,0.0016659216,0.000354147668,9.460192e-05,0.02279177682348,0.0061572,0.0038988260918124,0.00010976,0.053432428,0.01767647868,0.29995005068,0.29068784267012,0.00343358008,0.012861016,0.012408024816684,0.0090322232,0.00968256632,0.01702092,2.52336e-06,0.159712,0.000325353336,0.015507069023447,0.049445875976,0.11524372888,6.16e-06,0.7176062735408,0.000555363816,0.104267142,,0.11397173452,0.00852782,0.77038914174227,5.0180697266221
2000,0.000385,0.005929000308,0.012719739511357,,0.0276662770286,0.013787433744,0.000386204196,0.061489706198648,7.84e-05,0.009320919216,0.023828,9.52502218976e-05,0.00253090656,0.13913336696,0.000462,0.19050770913093,0.00206416,0.1020491668098,0.71425723708307,0.004142294712612,,0.01625644832,0.2969400491456,2.642472e-06,0.008071826728,,0.007397372940188,0.03609774105252,,0.01652825722548,0.086522585236164,,0.076362058122451,0.0008022,,0.0026353096,,0.00196927808,0.0038254013532055,0.047889394577108,0.1050885432212,4.8384e-08,0.049545415793748,0.00024024,0.002156,0.0015708,0.03385457585347,0.31983454552,0.046133332,0.14419315381307,0.0054516,0.0390852,0.0005188708,,0.00097217568,9.8e-06,0.06531429745568,0.00159721604,0.008211,,0.03877170723608,0.001575,0.12783459281488,0.112740936,0.15628788000314,,0.0016666762,0.000588138348,9.0746208e-05,0.02606861710348,0.00665,0.003876417886572,0.00015092,0.052758832,0.03170678812,0.310966593,0.29435707927349,0.002955243872,0.01443725638992,0.013922312444684,0.0086076872,0.01193532452,0.01696212,2.58888e-06,0.159712,0.000334026728,0.015430050103315,0.060507556565904,0.13463915976,6.16e-06,0.7120320789568,0.00064950657184,0.10590986,,0.13149513975864,0.00869694,0.8046731824507,5.3002360870395
2001,0.00036652,0.00693,0.01387180402468,,0.02726297924,0.01407707868,0.000310436196,0.066243267017648,7.84e-05,0.00752102232784,0.0265406568,0.0001055487071296,0.00486888864,0.13253222108,0.0004928,0.16011201939572,0.0022358,0.10456400277568,0.76916184118928,0.00508992328432,,0.0166008332,0.29217155002,2.23272e-06,0.008346996004312,,0.007169273350624,0.036531921305376,,0.015734873392,0.082096458777558,,0.0796420684969,0.0007868,0.03864,0.002863014,,0.00151775008,0.0037631768741342,0.061649436181956,0.0990168807292,4.4856e-08,0.063783586480345,0.00024024,0.00344806,0.0015708,0.03603207338579,0.310408736512,0.047775252,0.14289531413483,0.006006,0.0390852,0.0020861736,,0.001005480005292,9.8e-06,0.06102375272,0.00190370124,0.005474,,0.04202131328052,0.00166572,0.12698277704392,0.119798952,0.138553030952,,0.001697155768,0.000561960008232,0.00010028984,0.023017277169617,0.00665,0.0024144014844115,0.00013916,0.0636571824,0.03118522288,0.33165844152,0.39547033322328,0.004891718171172,0.017512934725854,0.013735454833604,0.0091957236,0.0127764686,0.01717464,1.75896e-06,0.1796116,0.000344959216,0.012973158955818,0.086272085243764,0.1394057224,6.16e-06,0.58833925968664,0.000688759904,0.104442212,,0.11481978460036,0.008313284,0.79755427585319,5.4077255918918
2002,0.00068068,0.007930999692,0.02268675533096,,0.029199370228,0.01447594401764,0.000522817176,0.076187479235308,7.84e-05,0.00845938884588,0.02576,9.32550670604e-05,0.00390608904,0.138467321496,0.0006468,0.17652941619256,0.00221256,0.14366881144196,0.85364701160592,0.005409214031438,,0.0167736436,0.27711475036,3.275888e-06,0.008372043932,,0.007332701223652,0.035238322218288,,0.015815323496,0.084793714243504,,0.076854472270548,0.00078372,0.04025,0.0031496388,,0.00146538476,0.0038217664584224,0.05364194042858,0.1071685792548,4.9392e-08,0.070527269492196,0.00024024,0.003715096,0.0015708,0.034489767683778,0.31494097586,0.050725612,0.14620827225091,0.0066528,0.0390852,0.0019008304,,0.001015327050192,9.8e-06,0.06189080632392,0.00211006124,0.002737,,0.073298031986312,0.00177576,0.12609725585996,0.114043776,0.14799400000941,,0.001705200006664,0.00044632000098,0.0001984858498,0.024697906865769,0.00665,0.00249242479248,0.0001568,0.0547009456,0.03912219892,0.3454793678,0.41218181618068,0.002628866016,0.018559061007833,0.014195908848156,0.0080839864,0.01350001436,0.01805328,2.2848e-06,0.1821876,0.0002646,0.011715616167305,0.081826638092108,0.14662692912,6.16e-06,0.63424546728144,0.000824133744,0.1020033,,0.12647903589384,0.008157128,0.80289430249538,5.7013617976302
2003,0.00116424,0.008932000308,0.04341923187448,,0.02938127701488,0.01479856009408,0.000778481676,0.075706051321544,7.84e-05,0.0095060651,0.02576,0.0001211179349968,0.00471169104,0.145178226424,0.0006468,0.16415199625031,0.0021336,0.1808139970098,1.0155315227845,0.005757342248,,0.01669566556,0.29609188772803,1.995336e-06,0.008232672007056,,0.0074806130126,0.034413955392449,,0.017153276448,0.082730428258397,,0.083171094963656,0.00078372,0.04186,0.0030761808,,0.00144680116,0.003707423977103,0.06467431674018,0.1173939036368,5.5944e-08,0.067961604490643,0.00024024,0.003542,0.0015708,0.040701316656445,0.324626733592,0.056668052,0.14701009088886,0.0072996,0.0390852,0.002645874,,0.001015327050192,9.8e-06,0.06544540467136,0.00217166124,,,0.066932129774804,0.00186816,0.12591940012624,0.117591488,0.063560341152,,0.001764,0.000423398976,0.00018280584,0.024214838221204,0.00665,0.00285971410956,0.00017836,0.0547118936,0.05007923536,0.39791941084,0.44018600082744,0.00287973154,0.020150963569635,0.01419589108,0.0100130632,0.01340046092,0.01914864,2.2848e-06,0.18326308,3.9207056e-05,0.012078591030736,0.09344501903604,0.1510796308,6.16e-06,0.6679752288608,0.000918306877488,0.101822476,,0.14087835985272,0.00785008,0.84037346784324,6.0616666480851
2004,0.00106722,0.009933,0.04336062817604,,0.029763893544,0.01518219556,0.000778481676,0.08175781286932,7.84e-05,0.00904474007528,0.02576,7.53395068104e-05,0.00500496304,0.15913423001,0.0006513276,0.18739195738396,0.00299656,0.13538794640784,1.2813345767236,0.00588616252882,,0.01790212928,0.29017070941628,2.125872e-06,0.00961828,,0.00804580003724,0.038088111411616,1.96e-06,0.01771356833568,0.075022340317067,,0.082344525181016,0.00323848,0.04347,0.0030954,,0.00209503056,0.0039471642,0.065386189036448,0.1196363659176,2.8728e-08,0.09417289604088,0.00024024,0.0036344,0.0015708,0.041965906573724,0.33241809272,0.058403492,0.15478163694815,0.0080388,0.04255206452,0.002737,,0.001293600010388,9.8e-06,0.06496275058,0.00251354124,,4.9e-06,0.057706060735848,0.00196056,0.12651860008116,0.1203712202,0.071317680009016,,0.00209114558156,0.000526054368,3.580584e-05,0.029261626409481,0.00665,0.00345176368152,0.00020972,0.05937323,0.06074090736,0.41054356056,0.44949237178776,0.0035989917698,0.023551320580676,0.01608723173568,0.008650096,0.01385401276,0.01903608,2.2848e-06,0.22014496,,0.012437752886316,0.1062069523382,0.16983624,6.16e-06,0.68350040809736,0.00104579608,0.10304,,0.1485610001568,0.006242264,0.8585840612372,6.5197194218469
2005,0.00105952,0.010933999692,0.04163727437604,,0.031101818692,0.01621914010584,0.000917861196,0.073279393280156,7.84e-05,0.00936651240588,0.02418864,7.68791162496e-05,0.00509621504,0.156656741136,0.000616,0.1840491761094,0.00314496,0.109017865432,1.576630412196,0.006739613451956,,0.01722054712,0.29807097516,2.127888e-06,0.0089154800098,,0.008193173324,0.040106452592646,1.96e-06,0.016758047124,0.075520289789336,,0.07917465253628,0.003813208,0.04508,0.00308308,,0.00148939728,0.006028165976,0.063264570647908,0.1269980399492,,0.13327914347084,0.00024024,0.003696,0.0015708,0.0485525615158,0.3394987610196,0.06016551968,0.1559080638801,0.0088704,0.04601893548,0.0025242224,,0.001344560009016,9.80000245e-06,0.061388456787,0.00337440124,,4.9e-06,0.065971269979468,0.00205296,0.12301636013996,0.10862306756,0.023275000013132,,0.0015141588,0.000497280002548,3.580584e-05,0.021092528491933,0.00665,0.00329334435276,0.00019796,0.0641045048,0.04738277936,0.41345566976,0.52824895310096,0.003922511712,0.023263502080896,0.01405759577096,0.00972930812,0.013659219,0.0211806,2.2848e-06,0.30235156,,0.011451229236673,0.10330065354728,0.164049088,6.16e-06,0.57831599573216,0.001102712548,0.1039948,,0.13997620034328,0.00760172,0.84179856788229,6.8183541382035
2006,0.000524832,0.011935000308,0.03967060866468,,0.03143840226744,0.01775802008624,0.000865593876,0.069847495347868,7.84e-05,0.00926140404392,0.02618504,4.486804e-05,0.006386315079788,0.160887463044,0.000616,0.1585790784452,0.00277368,0.0988409923494,2.000206965372,0.007324141460384,,0.01700978188,0.3061667398776,6.330744e-06,0.0099386,,0.0079629210864,0.037335561256725,2.205e-06,0.0171552172988,0.077564416609036,,0.0816221617267,0.003773784,0.0470764,0.00286748,,0.00152699792,0.005878667172,0.060209451800008,0.1302583910656,,0.31137712892457,0.00024024,0.00350504,0.0015708,0.049562455487527,0.337553274534,0.06311330312,0.1571800794403,0.0096558,0.0494858,0.0030763236,,0.00134848000098,,0.06201975407796,0.00338887724,,4.9e-06,0.066632558194664,0.00214536,0.09028296007724,0.1011371788,0.0271504800049,,0.001744400018816,0.000573720002548,3.580584e-05,0.024221836797491,0.00665,0.0028123928448,0.0002254,0.0631017324,0.05061166656,0.44201295572,0.55512486588328,0.0048475117698,0.02350006083418,0.01596235179056,0.0087372236,0.01384563348,0.028388649141216,2.2848e-06,0.38740464,,0.0140820940541,0.10222619071056,0.164765888,6.16e-06,0.55394150095312,0.001032266265604,0.1049496,,0.15062627974884,0.00629944,0.82284164147479,7.5177427525388
2007,,0.012936,0.0385633886792,,0.03144660403136,0.01853180007644,0.000604257276,0.072860842065648,7.84e-05,0.00920691604392,0.0238924,4.486804e-05,0.005805791070576,0.1678852627956,0.0006468,0.13652305192596,0.00314944,0.08854331837372,2.491105152312,0.007057861441176,,0.01672641124,0.30819007373,1.91268e-06,0.00960288,,0.006882710794036,0.040561352525428,2.3275e-06,0.01628615048116,0.079829894619608,,0.083081608685376,0.00386372,0.0470764,0.00293832,,0.001435524216,0.0065476568108,0.063710229692536,0.135732702854,,0.27162185275515,0.00024024,0.0035112,0.0015708,0.051931452836743,0.3472838757696,0.06657206416,0.16733170012196,0.0104643,0.04272886184,0.0031440724,,0.00136416,,0.05474689915128,0.00537147324,,4.9e-06,0.073176864047924,0.00223776,0.097663760138,0.1098404076,0.029213520008232,0.02576,0.001842400019012,0.000661920009212,3.580584e-05,0.025537105531162,0.00665,0.00356202946344,0.0001862,0.0661268902,0.04824832096,0.46176574556,0.5334697207028,0.00450411976,0.02473550628724,0.016696931769,0.00974347304,0.01359977948,0.033783789562152,2.2848e-06,0.38210452,,0.013771188246608,0.12698234867528,0.172440968,6.16e-06,0.52909358318152,0.001095080317604,0.1056888,,0.17024728016856,0.00472668,0.84461026760735,8.054440825603
2008,0.0003670128,0.013936999692,0.03957838727136,0.00016401,0.0312450040392,0.01847944007644,0.000604257276,0.069797876924636,7.84e-05,0.00793381206352,0.02642332,0.00083625304,0.007008195081944,0.1499824667712,0.0009493792,0.11025055542138,0.00281064,0.07813165838548,2.570856181684,0.006357133448624,2.15600036652e-05,0.0152105226,0.277717731228,1.7136e-07,0.00701176,,0.007427140542416,0.04530170194872,2.51125e-06,0.01665619791136,0.070732211486384,,0.077778143946132,0.00385756,0.0470764,0.0028663712,,0.00129460296,0.0058992226692,0.0687909668215,0.1584162841016,,0.28531647711862,0.00024024,0.003322704,0.0015708,0.048670102913054,0.3321829248808,0.05999220304,0.18227279032435,0.01126125,0.04601836876,0.00355022388,,0.0012446,,0.06114737008464,0.00545278524,,4.9e-06,0.084137656234632,0.00233016,0.09724404016936,0.17025761956,0.03781736001274,0.070518,0.001617,0.000556080000588,3.580584e-05,0.023340805817022,0.006342,0.00258050937732,0.00016268,0.071622824,0.04450215336,0.45389298108,0.58997961661604,0.00557007976,0.021373671693746,0.01456484372,0.00587192116,0.01330325164,0.033586041895532,2.2848e-06,0.36618484,,0.014312550197299,0.1323659250242,0.146404076,,0.46334956808672,0.001159853439528,0.1067976,,0.14955948034132,0.004573912,0.78676482571502,8.1200169752723
2009,0.0002327248,0.014938000308,0.0340282325698,0.0001584352,0.02543543229444,0.01495620010584,0.000510713753256,0.052908374502396,,0.00735155386,0.02641688,0.001395448044704,0.0045441124462468,0.1237992404152,0.0027965784,0.099522446502892,0.002166584,0.067182214420384,2.84329705324,0.007217847927976,,0.01315024088,0.2412391672572,5.04e-09,0.008701504,,0.007602000080948,0.036701719339432,,0.02642949494136,0.057132728110304,,0.071299262333852,0.00350658,0.047334,0.0014766444,,0.00122456194,0.0054543329344,0.059391690093428,0.178103096206,,0.30952788567629,0.000192192,0.003480092,0.00162624,0.036169324870311,0.2832431109704,0.0574994308,0.18717911233619,0.0120582,0.04579730736,0.0036064,,0.001078,,0.05222752642212,0.00189005684,,1.47e-06,0.11662863406362,0.00242256,0.09550944004588,0.10113124,0.053979520005096,0.070518,0.0018865,2.688e-05,3.580584e-05,0.016347929617233,0.00175448,0.00198817076556,0.0002548,0.0730131584,0.04171066816,0.3577066962,0.68182434561948,0.005312722016,0.023374107347066,0.01146180871724,0.00672193032,0.01065902012,0.037841909806092,2.2848e-06,0.3937416,,0.012507291385322,0.13175711259592,0.117039748,,0.42630709084936,0.0012031651198756,0.1060584,,0.10858035969788,0.0022626408,0.68327771592716,8.094751469915
2010,0.0007155764,0.015939,0.04017258346136,0.0001578808,0.03023682908652,0.0177236044174,0.000504721476,0.064565294881612,,0.007319920552,0.02715412,0.00174238423016,0.0071237178002396,0.1542137317056,0.0030038624,0.10893794813916,0.003308928,0.054194474292084,3.398696573524,0.007099128275932,,0.01414116172,0.2514881078052,1.512e-08,0.008497328,,0.00781197488428,0.039626332472468,,0.05732034240632,0.068760065723552,,0.06453458136244,0.006292132,0.047334,0.0023172688,,0.001151340764,0.005843157768,0.049872673399024,0.196889802536,,0.37256643057984,0.000144144,0.003518284,0.00168168,0.043228303702632,0.3282832899668,0.063806372,0.20331252813836,0.01285515,0.04393504416,0.0036064,,0.0012838,,0.06223836239152,0.00403352124,0.006118,1.96e-06,0.12778794513363,0.00251496,0.0996534913682,0.11099774,0.05461466688146,0.11881800000000001,0.0018865,2.688e-05,3.580584e-05,0.020352115700134,0.00177296,0.00302413246632,0.00011564,0.0688886688,0.04308119536,0.42536954523339,0.72804479198304,0.00521160696,0.054509909096496,0.01416687849276,0.00527877784,0.01080024288,0.038733774386048,2.2848e-06,0.38204012,,0.015101959355665,0.14380805112268,0.138000856,,0.43962606991974,0.0012734952312908,0.1064896,,0.1592483701396,0.00452424,0.7747319502406,9.2411051093729
2011,0.0008837752,0.016939999692,0.04058841965136,0.00017017,0.02849388182648,0.01819433397376,0.000590848608,0.065589944926548,,0.007427727244,0.02971528,0.001295066157616,0.0070802167841804,0.15374674705356,0.0029786988,0.12857929895636,0.003217032,0.0416500998284,3.979253988444,0.005865510738948,,0.01477127288,0.2337918740696,2.016e-08,0.009610272,,0.033262321078644,0.038898453168392,,0.03698096543092,0.0662939530008,,0.06290267693808,0.007482552,0.07149664172,0.003069528,,0.000988570828,0.0058289185192,0.063042124558616,0.218698885818,,0.37418443577155,9.6096e-05,0.003698464,0.00173712,0.045297328517857,0.3195345156668,0.063970172,0.21936190299733,0.0136521,0.0858063122,0.0036064,,0.0010094,,0.07055826829884,0.00565575724,0.00805,1.96e-06,0.13107580240678,0.00260736,0.10145721363204,0.112000728,0.0546023995874,0.134918,0.002058,8.4e-06,3.580584e-05,0.023897039082011,0.00179144,0.00282534569436,5.88e-05,0.07736450662808,0.04317361776,0.44084912082025,0.76726067578804,0.00531890296,0.053978838423804,0.01271745365324,0.00644,0.01219764952,0.04405472979166,2.2848e-06,0.38023048,,0.015299442764928,0.1369125697632,0.132015296,,0.47186794207554,0.0013439248141928,0.1076292,,0.15901971007776,0.0060585,0.74445701006073,10.056671482631
2012,0.0007397544,0.017941000308,0.04069660856436,0.0001797488,0.02287591683048,0.01809948548128,0.00050275134,0.062461768454708,,0.007362073936,0.0279642132,0.00139464095568,0.0073072465459,0.15767925903215,0.00252868,0.13978007456112,0.003190096,0.02415281614004,4.45571251972,0.0066140902207492,,0.01493041788,0.2254272245036,,0.009333296,,0.05563093703944,0.03939503908928,,0.03801611463972,0.063933104442004,,0.063505523596536,0.008040956,0.07955085992,0.003150224,,0.001284355212,0.0049158379368,0.062851295998792,0.2249056889212,,0.30504166845365,4.8048e-05,0.004060056,0.00179256,0.045655694652912,0.3165712147248,0.064234492,0.22646349844412,0.01444905,0.0951761496,0.0036064,,0.001568,,0.07035547305444,0.00436708524,0.00805,1.96e-06,0.1325448420681,0.00269976,0.09278824436168,0.108942176,0.072598285810036,0.19829833548,0.002058,8.4e-06,3.580584e-05,0.022590125261539,0.00180992,0.00177434494104,8.624e-05,0.07318745321356,0.04292696576,0.46428735939891,0.74511814541836,0.00348044536,0.052414277820912,0.01268320919908,0.00644,0.01090190388,0.051363518140116,2.2848e-06,0.35360752,,0.015369853810469,0.133219376626,0.13631352,,0.50134193918256,0.0014116434171,0.1087996,,0.14772012452652,0.0042196000000000004,0.71991053363164,10.554538190156
2013,0.000760452,0.018942,0.0374718943242,0.0002038652,0.02447291878864,0.01904915331508,0.00040942734,0.062016374652288,,0.007297393936,0.0299106388,0.001437594790212,0.0064371479162172,0.15487841608323,0.00253484,0.14239617768068,0.00290332,0.011374155884084,4.981104736412,0.0070224280710248,,0.01567849248,0.2235496884266,2.4192e-07,0.007011560430784,,0.055390634830748,0.037966479773488,,0.04154374435064,0.061533748436132,,0.068735423629152,0.007803488,0.079534,0.00287672,,0.001376742332,0.0053311197436,0.06344687650966,0.2398350907988,,0.29208674248421,,0.00385616,0.001848,0.040378881746748,0.3299393145636,0.062717172,0.22770132896773,0.015246,0.003234,0.0036064,,0.000385669565148,,0.070741775944,0.00485988524,0.00819784,,0.11446117411434,0.00279216,0.08946844630696,0.10773775236,0.092545939546368,0.26231406852,0.001295720682564,8.4e-06,3.580584e-05,0.023565642069752,0.001798540625,0.00251606752824,8.82e-05,0.08308899003972,0.04364908324,0.4766778757125,0.74608809877588,0.004074279188448,0.070146686725276,0.0121730750554,0.00644,0.01117442228,0.052924745484268,2.2848e-06,0.3627652,,0.017156779365943,0.1466562216644,0.13441904,,0.51071072154278,0.0012936,0.1087688,,0.15218753739896,0.004621848,0.71157758715807,11.130683364233
2014,0.0010748276,0.018942,0.04087189169056,0.0002010624,0.0252558504044,0.01902033447468,0.00040942734,0.054846338151836,,0.007349725936,0.030328788,0.001574676095552,0.0071789033178716,0.14866207856815,0.002448138,0.14915339290404,0.00290332,0.010477418471268,5.862933673683,0.0067839779514472,,0.01672057688,0.23083734950466,5.4432e-07,0.008882081579868,,0.043283343741792,0.040487725258865,,0.04555122808796,0.066700941530076,,0.070052716762112,0.007905744,0.079534,0.0031108,,0.001561542332,0.0056415014572,0.042794209836028,0.2581188986068,,0.36077436499538,,0.003379992,0.001848,0.039030712371381,0.3316819575328,0.065029412,0.2362407300216,0.015246,0.003234,0.0036064,,,,0.07197020780684,0.00472806124,0.0098672,,0.12116803109877,0.00279216,0.0905624112764,0.11067482384,0.14252046634888,0.326531548,0.001231260091628,8.4e-06,3.580584e-05,0.024905724611233,0.001798540625,0.003103666083,9.212e-05,0.07323554190652,0.04375535899112,0.47809921333356,0.73333513383312,0.00458443632234,0.070571679502212,0.01304896353292,0.00644,0.01172882228,0.055214363442084,2.2848e-06,0.35324044,,0.014495755202746,0.15785247861516,0.12701953796,,0.54279832848041,0.0012936,0.1086456,,0.17320632975884,0.006594588,0.72801066707933,12.25882348063
2015,0.0013450052,0.018942,0.041743470830243,0.0001717408,0.025610280007111,0.018626541458068,0.00040942734,0.04949749873082,,0.007309153936,0.0262331832,0.0016270602491608,0.0073303550835256,0.14723608983046,0.003215828,0.14338022450881,0.00290332,0.011791118085871,5.5715959543062,0.0065220210162223,,0.01461466916,0.22863794567545,7.3584e-07,0.0089349065708776,,0.010026916376656,0.040506071843898,,0.041373239168645,0.060633137787441,0.0004466,0.069865392835541,0.00669284,0.079534,0.002930004,0.00101024,0.001561542332,0.0060878157872,0.067621323545048,0.2651656601518,,0.34731151106543,,0.003744048,0.001848,0.037381016695767,0.32596525250719,0.064466388,0.24972199323295,0.015246,0.003234,0.0036064,,,,0.069220806946129,0.00393342124,0.009898,,0.11841245808678,0.00279216,0.087501605225378,0.11751824476,0.12055896943793,0.39040283548,0.00099071760305722,8.4e-06,3.580584e-05,0.025773254107947,0.001798540625,0.003299509521,9.42074e-05,0.08228216098956,0.0447279344092,0.48671184803139,0.7416534555766,0.0060979339573151,0.074007676979096,0.013122127850178,0.00644,0.01245607104,0.056783259016148,2.2848e-06,0.35521752,,0.016359410358223,0.15924865565719,0.11007083528,,0.66071055075424,0.0012936,0.1081528,,0.16320746931825,0.003560172,0.70608627456899,12.098002625449
2016,0.0013721708,0.018942,0.039529358717271,0.0002010008,0.023612767632205,0.018200448130172,0.00040942734,0.055901516299636,,0.007299745936,0.028868672,0.0016014636686982,0.0059552307036236,0.15160486266855,0.0032720072,0.15036049571198,0.00290332,0.028102477554335,5.7149036977577,0.0065746039486077,,0.0135561006,0.23910125997092,2.25792e-07,0.0085506532375443,,0.025904029565548,0.040240987866152,,0.037828674692135,0.062489018904094,0.00045892,0.064292958819475,0.00753368,0.079534,0.002891504,0.00081004,0.001499942332,0.0054924621724,0.072312166448788,0.29153236711732,,0.40716414907058,,0.003674383944,0.001848,0.038215981296914,0.54844695915187,0.068190416,0.25064266441419,0.015246,0.003234,0.0036064,,,,0.064009344821693,0.00228349604,0.0100354296,,0.16309102760045,0.00279216,0.089933129045705,0.11118901687907,0.14125501424612,0.45459360492,0.0012577523096904,8.4e-06,3.580584e-05,0.023206245704253,0.001798540625,0.00334048194396,6.784736e-05,0.0759501437926,0.04459211252244,0.48515262846246,0.7070731803422,0.0052053264690479,0.051018929286052,0.013952515753236,0.00644,0.010827279049205,0.056018442556636,2.2848e-06,0.2997838676,,0.016146770513726,0.16140315941227,0.11865743148,,0.79933089125742,0.0012936,0.1067052,,0.15011326902424,0.00240856,0.71861603201122,12.734886101522
2017,0.0015718164,0.018942,0.034341655739219,0.0002029104,0.024945669130804,0.019383954745422,0.00040942734,0.052194999909864,,0.007373245936,0.0279738144,0.001503997513344,0.0065873633448728,0.15511051846728,0.0033383196,0.15427278397611,0.00290332,0.02730384490312,5.9043192748098,0.0069215806838555,,0.01589644616,0.24389036476453,5.01984e-07,0.0085135704687569,,0.045432904083295,0.043418066452399,,0.037692273264006,0.065036611267674,0.00065604,0.065280842168028,0.00892584,0.079534,0.002837912,0.00115808,0.0015410089986667,0.0060777976756,0.078904694632176,0.32041041279236,,0.39576996821322,,0.003739132628,0.001848,0.038679388952744,0.55174400893277,0.0712987072,0.25455742554988,0.015246,0.003234,0.0036064,,,,0.065882782817965,0.00105118804,0.0099708728,,0.18089784839683,0.00279216,0.090703788300432,0.12390945451936,0.12636697677604,0.5176505404,,8.4e-06,3.580584e-05,0.024122723831416,0.001798540625,0.00338497935048,4.7628e-05,0.08089227923644,0.0441097217148,0.51563132517075,0.72294219099816,0.0059075664690479,0.068173709897356,0.015325908450284,0.00644,0.01126792677458,0.058693923496208,2.2848e-06,0.3203842684,,0.016867164266495,0.16174216987716,0.113895138,,0.82317798730636,0.0012936,0.104847036,,0.15328308443628,0.00439824,0.7329840205329,13.192430110479
2018,0.00285978,0.018942,0.043787523388545,0.0002245936,0.025985028698823,0.017153832352547,0.00040942734,0.055580822330973,,0.007381536736,0.027578956533333,0.0016932301609763,0.0066244352533332,0.15892237886346,0.0037092748,0.15527359707513,0.00290332,0.035420808173953,6.3025786268471,0.0070753335061158,,0.01475205396,0.23996850404538,4.87872e-07,0.011707250487265,,0.029829071367812,0.043148104642519,,0.036124522531779,0.060706351923424,0.00132132,0.066842732927686,0.010318,0.079534,0.00267036,0.0013706,0.0015341645542222,0.005894884758,0.08019002599398,0.33129520533004,,0.43012419430453,,0.00376351976,0.001848,0.036393365620153,0.56223773163109,0.0750772736,0.2576728717523,0.015246,0.003234,0.0036064,,,,0.068329266565997,0.00146018124,0.0099288,,0.17488692668048,0.00279216,0.089246079013039,0.1184052173864,0.10465353988191,0.45397566666668,,8.4e-06,3.580584e-05,0.022150054074176,0.001798540625,0.00202275832052,0.00029593312,0.0850347776418,0.04432869918288,0.53609582291342,0.73048176825372,0.0074279485501886,0.068213153810116,0.014991770822585,0.00644,0.011267322871525,0.061813401891304,2.2848e-06,0.3272330796,,0.016990251387875,0.16826195070982,0.114174732,,0.91049978674458,0.0012936,0.104272,,0.1604563072281,0.011242,0.71536207561172,13.711025490545
2019,0.0020451816,0.018942,0.042922341481712,0.0002375296,0.024078708992037,0.018101759451965,0.00040942734,0.056574116609484,,0.007381869936,0.028089147644443,0.0017451352239502,0.0063913549777778,0.15563804919618,0.0042704508,0.1685130699236,0.00290332,0.030258642449948,6.9119501836382,0.0069680874307721,,0.013666221333333,0.23471174666782,4.05216e-07,0.011839623653915,,0.038887787809155,0.040920372654307,,0.037798067446431,0.062424984137988,0.0013244,0.063037567952429,0.00898128,0.079534,0.002079,0.00189728,0.0015250386282963,0.0058299076098667,0.11795613656456,0.32633205098136,,0.42174928114375,,0.00367873044,0.001848,0.033570735072381,0.554580808672,0.0790456716,0.2576494334883,0.015246,0.003234,0.0036064,,,,0.076084261187577,0.00260646484,0.00988876,,0.17327616305028,0.00279216,0.089617377393615,0.11641001827665,0.10901274442757,0.47513139572889,,8.4e-06,3.580584e-05,0.02178496626867,0.001798540625,0.0033136695342707,0.00035951468,0.08336014621396,0.04432781855684,0.528040475789,0.75433122789976,0.007376941013216,0.083460736356284,0.01288356213974,0.00644,0.011418103848853,0.064167667408404,2.2848e-06,0.32098197607,,0.017176139002322,0.164611998017,0.11079304096,,0.97089815150138,0.0012936,0.104272,,0.15113211659965,0.0095942,0.70797612250586,14.439057735397
2020,0.001848,0.019730003063211,0.040797478143663,0.0002069144,0.023514059818603,0.016627453384572,,0.055312842711454,,0.0066986916040932,0.028089147644443,0.0015693638808592,0.0063110841022172,0.14578640738072,0.0031873688,0.16293346884857,0.0026685584642322,0.021805555535388,7.0347723708186,0.0067762109306837,,0.013807953254037,0.24199590242158,4.0232653436114e-07,0.010927175488416,,0.037920468251987,0.034224045192376,,0.036735015119587,0.056750888460281,0.0011396,0.063044966996946,0.00689304,0.068149549624682,0.001139758216425,0.00213752,0.0016174288984624,0.006089908811989,0.13130312784793,0.30632626608623,,0.42635961117158,,0.003572115624,0.001848,0.029522856054132,0.45061857185966,0.080566912376994,0.29886920938695,0.016825076860643,0.003234,0.0032647015756043,,,,0.079355180479805,0.0030819849007831,0.010829374349516,,0.17485698824059,0.0028070273505245,0.094501580475826,0.11941386192995,0.10208052315412,0.50300133247468,,8.4e-06,5.3422791372031e-05,0.018499008614568,0.001798540625,0.0031033607479774,0.00035363664,0.084102743068446,0.04621133830461,0.51011984617467,0.75835180671309,0.0060614617006529,0.078780101352914,0.011508429191157,0.0067008185723301,0.014256040694152,0.066013212107297,2.2848e-06,0.314530283284,,0.021256111972512,0.15819650571856,0.099213440260322,,1.0005055294771,0.00082799410849859,0.075361374669393,,0.11284450340122,0.0041272,0.69856842463175,14.396234299784
2021,0.001848,0.021683781462748,0.034097354106331,0.0002069144,0.023526736863013,0.018699073479185,0.00040942734,0.058714949646198,,0.0079625043650463,0.028089147644443,0.0015999584854747,0.0067898065949583,0.16579031171025,0.0031873688,0.16933255257812,0.002878777406098,0.02478247984326,7.2263406034273,0.008119103803327,,0.01488900779927,0.25810243546814,4.5119485902484e-07,0.012345453591198,,0.038024982031851,0.039189758554009,,0.041449420484273,0.063724292956619,0.0011396,0.066195000555888,0.00689304,0.07532318642728,0.0011544850827009,0.00213752,0.0014750836836016,0.0065349609964996,0.13078255137908,0.34444572394327,,0.42581521057286,,0.004085886112,0.001848,0.032912394521529,0.52418456130086,0.07802963578177,0.31760277966955,0.018584638002917,0.003234,0.0032582457544728,,,,0.083238475763864,0.0030862645631111,0.010631592103099,,0.18626203683015,0.0029579427994775,0.094567017529602,0.13082367609165,0.089594556719197,0.53442856097873,,8.4e-06,5.7737085194755e-05,0.020167330489464,0.001798540625,0.0029765895961132,0.00043912627999999,0.087128021596088,0.048542906237261,0.5583597305355,0.76363601727666,0.0065553807163913,0.077936028838418,0.015142244128986,0.0067762740989734,0.014211973278678,0.066087491224005,2.2848e-06,0.30820826861986,,0.024640876943188,0.17108965096651,0.10579948699136,,1.0130102623399,0.00088236749970729,0.097583318482162,,0.15128387556368,0.0041272,0.75045139934548,14.999462665412
2022,0.001848,0.023034871214201,0.034179976827117,0.0002069144,0.02359127798117,0.017529825554414,0.00040942734,0.053750123990284,,0.0081578303704915,0.028089147644443,0.0018255617162318,0.0066014165433934,0.15509818371878,0.0031873688,0.17487134790821,0.0024622836078217,0.02638389214282,7.1307112932513,0.0086912781322314,,0.013509679128561,0.22781774415064,3.1344094718485e-07,0.011972900182173,,0.037575678364771,0.035878757332165,,0.034707754038399,0.056859183613825,0.0011396,0.060582651559318,0.00689304,0.068149549624682,0.0011446369227193,0.00213752,0.0013327447947193,0.0061396894233113,0.13122608264329,0.36329203278466,,0.41395043986205,,0.004085886112,0.001848,0.030234746779137,0.49033971916822,0.068690833759738,0.31031678480029,0.02037257071068,0.003234,0.0025360191941224,,,,0.082202266255797,0.0030862645631111,0.010236027610264,,0.19442945903234,0.0028673935301058,0.088919101210032,0.12217112644064,0.083119226838098,0.56782120968992,,8.4e-06,6.3091652155661e-05,0.018217984721003,0.001798540625,0.0028524188382355,0.00046695084000001,0.079867353129747,0.043448657053873,0.49829273596003,0.76926470065282,0.0066547913980199,0.074841096285269,0.013626283163402,0.0068176411695977,0.012558282579192,0.065035121660543,2.2848e-06,0.30201332556545,,0.022453024822371,0.16332092384796,0.034757358560152,,1.0604123069137,0.00091850888010605,0.10144800436265,,0.1268953784671,0.0041272,0.67603941746907,14.671613020652
2023,0.001848,0.023483003361862,0.033406694443942,0.0002069144,0.022518319989345,0.016416829485671,0.00039916314484679,0.049752753846791,,0.0072418747598761,0.028089147644443,0.0017377249054065,0.0060538337082034,0.14895144567581,0.0031873688,0.17091148424817,0.0022980087134598,0.025542939687842,7.4547081549813,0.0086154291280937,,0.013139181128439,0.21965987974584,3.0521355636752e-07,0.011688896341203,,0.036029794508486,0.032785479188725,,0.033440195938048,0.049542129416252,0.0011396,0.055212274285691,0.00689304,0.05906761238453,0.0011309780384149,0.00213752,0.0013440241206352,0.0057487089424603,0.13270718045908,0.39627523309663,,0.42417180775939,,0.004085886112,0.001848,0.028136708569306,0.4765705705367,0.064726693690959,0.30669304548717,0.021080160882577,0.003234,0.0024818651157539,,,,0.085214587891425,0.0030957659794048,0.010310659642814,,0.19369524429726,0.0027789653292858,0.085403168011631,0.12018253075101,0.087253432163788,0.57824997162792,,8.4e-06,6.7103456116331e-05,0.016243562080669,0.001798540625,0.0023290492506794,0.00043701143343284,0.087526205513538,0.040351131129731,0.51092566247538,0.77871400258375,0.0066578043666763,0.08393472049127,0.014309001930192,0.0066230886273684,0.011907387422607,0.068317585016849,2.2848e-06,0.29833913699856,,0.021937789942966,0.15622300254986,0.036297476485803,,1.0647582953154,0.00088595104777936,0.10363990197124,,0.12198363528555,0.0041272,0.63798730196265,15.000869118382
